date,interval,energy_kWh
2025-02-04,13:20-13:30,9.231910000000028
2025-02-04,15:00-15:20,37.47849333333306
2025-02-04,22:10-22:30,30.97754000000009
2025-02-05,09:30-09:40,3.148676666666688
2025-02-05,11:30-11:50,63.04435666666677
2025-02-09,10:40-11:10,220.77679000000012
2025-02-09,11:30-11:50,31.106533333333346
2025-02-09,12:50-13:10,17.098769999999917
2025-02-14,10:30-10:50,43.51349333333343
2025-02-14,11:00-11:50,247.89924666666667
2025-02-15,11:10-11:30,31.368013333333295
2025-02-15,19:30-19:50,43.30370333333332
2025-02-16,09:50-10:00,1.2197600000000648
2025-02-16,10:10-10:40,48.55746000000002
2025-02-16,10:50-11:00,14.770923333333371
2025-02-16,11:30-11:50,20.47128333333353
2025-02-16,16:50-17:00,14.912869999999884
2025-02-16,19:50-20:00,1.1798833333332368
2025-02-18,12:50-13:00,0.5075713333332352
2025-02-19,01:50-02:00,11.606213333333244
2025-02-19,06:20-06:30,17.06201333333331
2025-02-19,09:50-10:00,3.1032666666666557
2025-02-19,15:00-15:20,37.022436666666636
2025-02-19,19:50-20:00,20.370880000000056
2025-02-19,22:20-22:30,0.18486333333316907
2025-02-19,23:30-23:50,39.34596999999985
2025-02-20,10:20-10:30,18.578383333333363
2025-02-20,18:20-18:40,11.633206666666524
2025-02-20,20:10-20:20,1.8869566666667197
2025-02-20,21:00-21:10,3.791923333333216
2025-02-20,22:50-23:10,20.51444000000015
2025-02-21,01:50-02:00,1.9098800000000438
2025-02-21,17:30-17:50,20.41639499999991
2025-02-21,18:10-18:30,6.82414666666665
2025-02-21,19:20-19:30,28.573066666666648
2025-02-21,21:00-21:10,1.923686666666697
2025-02-21,21:50-22:00,3.721663333333481
2025-02-22,01:50-02:00,16.76646999999997
2025-02-22,09:10-09:40,31.0365300000001
2025-02-22,13:50-14:00,12.17250666666672
2025-02-22,14:10-14:30,22.8284133333334
2025-02-22,15:50-16:00,28.072263333333325
2025-02-22,17:10-17:20,5.958693333333315
2025-02-22,17:30-18:00,48.30104056666664
2025-02-22,23:50-24:00,0.9709433333333664
2025-02-23,00:00-00:10,2.5656799999999294
2025-02-23,03:00-03:20,3.702286666666623
2025-02-23,04:30-04:40,2.625460000000089
2025-02-23,05:10-05:30,13.95035333333351
2025-02-23,09:50-10:10,29.165946666666656
2025-02-23,12:10-12:40,90.0341933333334
2025-02-23,13:50-14:00,0.9521406666666365
2025-02-23,19:20-19:40,13.308709999999905
2025-02-23,21:10-21:20,11.251893333333442
2025-02-24,00:30-00:40,3.6268499999999904
2025-02-24,15:40-15:50,3.8944733333332806
2025-02-24,16:40-16:50,0.9103366666665806
2025-02-24,20:20-20:30,16.399996666666652
2025-02-24,20:50-21:00,5.022919999999999
2025-02-25,02:10-02:20,7.3605799999999135
2025-02-25,05:40-06:00,24.517790666666457
2025-02-25,18:50-19:00,23.377880000000005
2025-02-25,21:10-21:20,4.444203333333348
2025-02-25,22:00-22:10,10.64269666666678
2025-02-25,23:10-23:30,15.937443333333476
2025-02-26,03:10-03:20,17.414986666666664
2025-02-26,12:50-13:00,5.361273999999888
2025-02-26,14:40-14:50,23.423829999999953
2025-02-26,15:20-15:30,8.498876666666604
2025-02-26,15:50-16:20,81.88515666666638
2025-02-26,18:20-18:30,12.416549999999916
2025-02-26,19:40-19:50,6.749766666666687
2025-02-26,22:20-22:30,6.080696666666654
2025-02-27,08:50-09:20,181.08699333333334
2025-02-27,15:20-15:30,4.940089999999884
2025-02-27,18:10-18:30,3.9974699999999075
2025-02-27,21:20-21:30,8.761063333333254
2025-02-28,01:00-01:10,3.2577
2025-02-28,04:40-04:50,0.17587333333324295
2025-02-28,07:30-07:40,3.9485766666666677
2025-02-28,11:10-11:50,219.00293333333343
2025-02-28,12:50-13:30,145.8013600000001
2025-02-28,16:40-16:50,4.795369999999991
2025-02-28,19:20-19:30,8.184289999999976
2025-02-28,20:20-20:30,7.527503333333357
2025-02-28,20:50-21:10,11.921419999999955
2025-02-28,21:40-21:50,10.965589999999963
2025-02-28,23:10-23:20,0.7629966666668224
2025-03-01,00:00-00:20,18.551233333333244
2025-03-01,08:50-09:00,16.443333333333307
2025-03-01,10:40-11:40,466.5093866666668
2025-03-01,15:40-15:50,14.2316613333333
2025-03-01,16:00-16:20,18.820296666666678
2025-03-01,16:50-17:10,25.680859999999882
2025-03-01,18:10-18:30,34.440583333333336
2025-03-01,21:00-21:10,4.9126033333333226
2025-03-01,21:50-22:00,2.7779300000001967
2025-03-02,09:00-09:10,0.5739366666666115
2025-03-02,10:20-11:20,229.32155066666667
2025-03-02,11:30-15:20,3188.3793275000003
2025-03-02,15:30-15:50,9.794209999999964
2025-03-02,16:30-16:50,7.132963333333237
2025-03-02,17:10-17:20,2.9492433333333565
2025-03-02,17:30-18:10,58.90514666666638
2025-03-02,20:50-21:10,12.756786666666585
2025-03-02,21:20-21:40,26.380963333333057
2025-03-02,23:00-23:20,11.915100000000166
2025-03-02,23:30-23:40,0.5910466666664433
2025-03-03,00:30-00:40,3.355683333333218
2025-03-03,01:40-01:50,5.802500000000009
2025-03-03,08:40-10:30,832.0076383333333
2025-03-03,10:50-11:00,12.029163333333372
2025-03-03,11:10-12:00,281.2320233333336
2025-03-03,13:40-13:50,4.942160000000094
2025-03-03,14:00-16:40,986.0117266666662
2025-03-03,18:20-18:30,0.05737333333331662
2025-03-03,19:00-19:10,9.01779666666664
2025-03-03,20:30-21:00,68.61306666666655
2025-03-03,21:20-21:30,18.746069999999918
2025-03-03,22:20-22:30,0.990196666666634
2025-03-04,01:00-01:10,6.193419999999946
2025-03-04,01:40-02:00,28.85487999999998
2025-03-04,07:50-08:20,64.56135666666648
2025-03-04,11:10-11:40,184.66580666666698
2025-03-04,12:10-12:20,6.965946666666696
2025-03-04,15:30-16:20,45.259163333332936
2025-03-04,19:30-19:40,3.5447800000000598
2025-03-04,20:10-20:30,1.8982833333333247
2025-03-04,23:00-23:20,32.87959999999998
2025-03-04,23:30-24:00,43.08457666666652
2025-03-05,13:20-13:30,26.265107333333376
2025-03-05,20:10-20:20,2.563229999999976
2025-03-05,20:30-20:40,16.725246666666635
2025-03-05,22:30-22:40,2.8174633333333077
2025-03-05,23:50-24:00,17.173459999999864
2025-03-06,00:20-00:30,3.8168299999999817
2025-03-06,15:00-15:10,1.4187133333334714
2025-03-06,15:30-16:20,34.9920299999996
2025-03-06,17:30-18:00,46.55418666666651
2025-03-06,20:40-21:00,12.979289999999992
2025-03-06,22:30-23:20,27.666680000000156
2025-03-06,23:50-24:00,15.358913333333305
2025-03-07,00:00-00:20,25.57432
2025-03-07,01:00-01:20,12.661176666666677
2025-03-07,13:20-13:40,6.090743333333307
2025-03-07,14:00-14:20,21.942499999999995
2025-03-07,15:00-15:10,23.901743333333314
2025-03-07,15:40-16:00,15.631169000000085
2025-03-07,17:00-17:10,8.225756666666712
2025-03-07,21:30-22:00,42.777686666666625
2025-03-07,22:10-22:30,28.432013333333373
2025-03-07,23:20-23:30,5.860096666666777
2025-03-08,00:00-00:20,11.385263333333342
2025-03-08,01:50-02:00,6.632516666666618
2025-03-08,02:30-02:50,7.871679999999969
2025-03-08,16:30-16:50,14.703413333333344
2025-03-08,17:50-18:00,2.023210000000006
2025-03-08,21:30-21:50,16.36568333333321
2025-03-08,22:00-22:10,3.134796666666716
2025-03-08,22:30-22:50,27.045309999999972
2025-03-09,01:50-02:10,10.913663333333375
2025-03-09,18:30-18:50,57.697956666666755
2025-03-09,20:10-20:30,19.421056666666686
2025-03-09,20:50-21:00,18.409876666666605
2025-03-09,21:40-22:00,10.44086666666658
2025-03-10,00:00-00:20,15.877326666666931
2025-03-10,00:50-01:10,40.49551333333318
2025-03-10,07:20-07:30,17.63299333333333
2025-03-10,10:50-11:10,101.01581333333331
2025-03-10,11:20-11:30,18.35551666666686
2025-03-10,11:50-13:00,762.5982680000004
2025-03-10,16:50-17:10,15.471183333333329
2025-03-10,17:50-18:00,7.142296666666539
2025-03-10,18:20-18:30,10.869326666666666
2025-03-10,19:30-20:00,82.10364333333325
2025-03-10,21:10-21:20,12.034303333333241
2025-03-10,21:50-22:00,6.444463333333488
2025-03-10,22:20-22:40,49.46340999999961
2025-03-11,00:20-00:40,15.462476666666475
2025-03-11,01:10-01:20,20.189269999999965
2025-03-11,10:10-10:20,19.505544333333333
2025-03-11,14:40-16:30,273.4504499999995
2025-03-11,16:50-17:00,9.444266666666522
2025-03-11,18:10-18:20,4.380716666666558
2025-03-11,19:20-19:30,17.322476666666716
2025-03-11,21:00-21:30,22.932113333333064
2025-03-11,22:00-22:10,3.4388300000000527
2025-03-11,22:30-22:50,36.95635999999968
2025-03-12,00:10-00:40,37.307410000000004
2025-03-12,01:30-01:50,29.13773333333313
2025-03-12,02:50-03:10,12.125523333333376
2025-03-12,03:40-03:50,3.855416666666656
2025-03-12,15:50-16:00,11.221600000000024
2025-03-12,16:20-17:00,69.25916333333305
2025-03-12,17:20-17:30,6.12112333333323
2025-03-12,17:50-18:00,20.020619999999894
2025-03-12,18:20-18:30,2.595160000000078
2025-03-12,20:10-20:20,12.836779999999976
2025-03-12,21:50-22:20,19.230100000000107
2025-03-12,22:30-23:00,64.35673999999995
2025-03-12,23:20-23:30,3.5475633333333008
2025-03-13,00:00-00:30,47.754916666666645
2025-03-13,01:50-02:00,12.545773333333273
2025-03-13,02:40-03:00,21.719906666666475
2025-03-13,09:40-13:40,1943.0125012666672
2025-03-13,16:30-17:20,78.1832733333332
2025-03-13,19:00-19:20,13.918660000000045
2025-03-13,19:30-20:10,91.3525966666665
2025-03-13,20:40-20:50,7.875293333333161
2025-03-13,21:50-22:20,33.8746266666667
2025-03-13,23:00-23:40,26.78982333333329
2025-03-14,01:40-02:00,23.865933333333317
2025-03-14,02:50-03:10,24.217679999999916
2025-03-14,14:10-14:30,45.16394666666673
2025-03-14,14:40-15:00,107.50636999999998
2025-03-14,15:40-15:50,18.95978916666671
2025-03-14,16:20-16:30,29.406619999999975
2025-03-14,17:20-17:30,19.931363333333252
2025-03-14,19:40-20:00,34.45021666666656
2025-03-14,20:30-20:40,1.1076600000000099
2025-03-14,23:20-23:30,13.674330000000282
2025-03-15,00:10-00:40,57.92794666666657
2025-03-15,01:10-01:20,3.3247833333333006
2025-03-15,02:20-02:50,41.00164333333328
2025-03-15,04:20-04:30,4.615503333333322
2025-03-15,05:10-05:20,2.341663333333372
2025-03-15,07:30-07:40,3.1849833333333777
2025-03-15,11:30-13:00,427.1143633333337
2025-03-15,18:10-18:40,40.9474899999999
2025-03-15,20:30-21:00,83.24579333333338
2025-03-15,21:20-21:40,16.33023666666662
2025-03-15,22:00-22:10,6.138613333333296
2025-03-15,22:40-22:50,21.285429999999906
2025-03-15,23:20-24:00,63.843870000000095
2025-03-16,00:50-01:20,32.69999666666649
2025-03-16,03:00-03:10,17.40122333333329
2025-03-16,07:00-08:00,147.60893333333348
2025-03-16,12:30-12:40,8.761610000000132
2025-03-16,13:10-14:00,200.9210352666666
2025-03-16,15:20-15:30,14.888066666666646
2025-03-16,16:30-17:00,25.38198333333321
2025-03-16,17:50-18:10,8.912876666666648
2025-03-16,20:50-21:00,9.3679699999999
2025-03-16,22:20-22:50,22.550173333333305
2025-03-16,23:10-23:20,1.672979999999825
2025-03-16,23:50-24:00,15.021793333333221
2025-03-17,00:20-00:30,11.174376666666603
2025-03-17,01:50-02:00,5.665776666666602
2025-03-17,02:30-02:50,2.7312400000000707
2025-03-17,03:50-04:00,12.974479999999971
2025-03-17,04:40-04:50,1.4813799999999446
2025-03-17,16:20-16:30,10.823010000000068
2025-03-17,19:40-20:00,52.204396666666526
2025-03-17,20:20-20:30,19.91458666666665
2025-03-18,00:20-00:30,21.81228999999996
2025-03-18,01:30-01:40,2.344729999999913
2025-03-18,02:10-02:20,0.6710466666667116
2025-03-18,08:00-09:20,465.9199099999997
2025-03-18,09:40-10:00,25.264878666666668
2025-03-18,18:20-18:30,8.54407666666657
2025-03-18,19:10-19:20,2.4669666666666217
2025-03-18,21:40-22:00,9.011823333333268
2025-03-18,22:10-22:30,11.101976666666815
2025-03-18,22:50-23:00,24.393196666666654
2025-03-18,23:40-24:00,25.759023333333175
2025-03-19,01:50-02:10,36.482406666666634
2025-03-19,08:10-09:30,157.1839866666665
2025-03-19,14:30-14:40,4.385173333333356
2025-03-19,18:40-19:00,12.762999999999863
2025-03-19,22:00-22:10,2.9294466666665357
2025-03-20,00:20-00:30,30.171036666666737
2025-03-20,01:10-01:40,47.81062666666662
2025-03-20,01:50-02:00,2.3066133333333028
2025-03-20,02:30-02:40,2.412976666666623
2025-03-20,03:00-03:30,63.6111066666665
2025-03-20,05:50-06:00,4.978790000000004
2025-03-20,12:30-12:40,7.7593166666666775
2025-03-20,15:20-17:10,301.58232999999973
2025-03-20,18:40-19:10,68.24107333333319
2025-03-20,19:50-20:20,20.838846666666768
2025-03-20,21:20-21:30,13.669163333333358
2025-03-20,23:30-23:50,50.38572666666653
2025-03-21,00:20-00:30,5.616713333333394
2025-03-21,01:10-01:40,15.6139533333332
2025-03-21,02:10-02:20,3.017816666666647
2025-03-21,02:30-03:00,52.42714666666649
2025-03-21,03:20-03:40,8.963226666666742
2025-03-21,06:30-06:50,10.00713666666661
2025-03-21,18:40-19:00,12.575713333333283
2025-03-21,19:30-20:00,39.20296999999988
2025-03-21,20:20-20:40,29.92605666666651
2025-03-21,22:10-22:30,55.68611666666669
2025-03-21,22:50-23:00,1.7463233333333505
2025-03-21,23:20-23:30,21.20383000000004
2025-03-22,01:30-01:50,33.525946666666584
2025-03-22,02:40-03:00,6.714076666666585
2025-03-22,04:40-05:20,37.08884999999992
2025-03-22,05:30-05:50,7.767299999999807
2025-03-22,12:20-12:40,37.90154333333351
2025-03-22,13:10-14:00,294.37756333333346
2025-03-22,14:30-14:50,41.77119333333343
2025-03-22,15:10-15:30,21.379260000000073
2025-03-22,15:50-16:20,91.72467471333333
2025-03-22,22:20-22:30,6.167096666666566
2025-03-22,23:10-23:30,36.386326666666946
2025-03-22,23:50-24:00,4.65429666666671
2025-03-23,00:30-00:50,16.945333333333224
2025-03-23,02:20-02:50,30.699183333333167
2025-03-23,03:20-03:40,31.726023333333274
2025-03-23,04:00-04:20,31.658696666666742
2025-03-23,04:50-05:10,4.873603333333335
2025-03-23,05:50-06:50,85.23607666666624
2025-03-23,07:50-08:00,6.787396666666723
2025-03-23,09:20-10:00,150.3178860000001
2025-03-23,10:40-11:30,144.91466666666713
2025-03-23,12:20-12:30,19.342410000000086
2025-03-23,12:50-13:00,43.354820000000046
2025-03-23,17:20-17:30,2.8179666666666208
2025-03-23,19:20-19:30,7.9314200000001165
2025-03-23,19:50-20:00,9.166766666666717
2025-03-23,20:20-20:30,22.143243333333317
2025-03-23,20:50-21:00,21.321030000000064
2025-03-23,21:50-22:10,18.85360999999989
2025-03-23,22:30-22:40,5.567463333333535
2025-03-24,00:00-00:10,10.939513333333252
2025-03-24,02:20-02:30,16.43358999999998
2025-03-24,02:50-03:00,1.1400966666665227
2025-03-24,03:20-03:40,12.434716666666532
2025-03-24,05:00-05:50,75.02903666666634
2025-03-24,07:00-07:10,2.9473756666666304
2025-03-24,07:40-08:00,18.924339999999916
2025-03-24,13:50-14:00,29.074230333333233
2025-03-24,14:20-15:30,332.25469066666653
2025-03-24,18:00-18:20,26.805043333333288
2025-03-24,22:50-23:10,54.02588333333324
2025-03-24,23:30-24:00,75.14669999999978
2025-03-25,00:50-01:00,20.783803333333253
2025-03-25,01:20-01:40,11.867489999999975
2025-03-25,02:00-02:10,17.99554666666654
2025-03-25,02:30-02:50,12.146116666666558
2025-03-25,03:00-03:20,25.14854666666656
2025-03-25,03:40-04:10,74.4529033333331
2025-03-25,05:20-05:30,3.1190199999999777
2025-03-25,06:10-07:00,111.9990166666667
2025-03-25,08:50-09:00,7.853879999999947
2025-03-25,09:40-11:00,637.9328366666671
2025-03-25,11:20-11:50,74.55083000000025
2025-03-25,15:00-15:20,9.42267000000001
2025-03-25,16:00-16:20,15.137290000000121
2025-03-25,16:30-16:50,119.3632766666667
2025-03-25,19:10-19:30,21.597729999999842
2025-03-25,20:00-20:30,11.833883333333233
2025-03-25,22:30-22:50,48.5937600000002
2025-03-25,23:10-23:30,18.67571000000021
2025-03-26,00:20-00:40,4.9989100000000235
2025-03-26,01:00-01:10,1.8723599999999578
2025-03-26,01:30-01:50,12.676473333333206
2025-03-26,02:20-02:30,3.744010000000003
2025-03-26,03:40-03:50,15.414723333333313
2025-03-26,04:20-04:30,14.29443666666657
2025-03-26,05:30-05:50,41.1076066666667
2025-03-26,07:30-07:50,48.80000333333322
2025-03-26,08:00-08:10,3.9694333333333134
2025-03-26,13:10-13:40,22.94590000000025
2025-03-26,17:50-18:00,6.316859999999906
2025-03-26,18:50-19:00,3.820916666666676
2025-03-26,22:00-22:20,50.258153333333325
2025-03-26,23:20-23:40,14.387809999999945
2025-03-27,01:10-01:40,43.26603666666665
2025-03-27,02:00-02:50,147.13385666666647
2025-03-27,03:50-04:00,21.675746666666555
2025-03-27,04:20-05:10,71.80738333333329
2025-03-27,06:30-06:40,3.802796666666609
2025-03-27,08:00-08:20,14.56143000000003
2025-03-27,10:40-10:50,63.641176666666695
2025-03-27,12:50-14:00,228.56288999999998
2025-03-27,15:40-17:00,262.49603333333306
2025-03-27,18:50-19:00,0.06779999999992015
2025-03-27,19:50-20:00,8.524773333333314
2025-03-27,21:30-21:50,62.25987666666663
2025-03-27,22:50-23:20,25.91728999999998
2025-03-28,00:40-00:50,1.3494666666666149
2025-03-28,01:00-01:20,36.41390333333328
2025-03-28,01:40-02:30,59.57223333333326
2025-03-28,03:00-03:20,29.622319999999945
2025-03-28,05:20-05:40,18.756556666666825
2025-03-28,07:00-07:50,209.08935766666653
2025-03-28,18:10-18:20,0.5862433333333001
2025-03-28,19:10-19:30,12.020166666666626
2025-03-28,21:00-21:30,30.971353333333184
2025-03-28,22:30-22:50,19.461299999999994
2025-03-28,23:40-24:00,16.3080333333333
2025-03-29,00:50-01:00,18.742219999999975
2025-03-29,01:20-01:30,18.86781666666667
2025-03-29,02:50-03:00,16.49548666666658
2025-03-29,03:20-03:40,15.100589999999954
2025-03-29,04:00-05:10,86.58903999999984
2025-03-29,05:20-05:30,0.43010999999995647
2025-03-29,06:40-07:10,56.70990999999995
2025-03-29,16:00-16:50,130.21302399999993
2025-03-29,18:00-18:10,0.43679333333335535
2025-03-29,19:50-20:10,37.77496999999994
2025-03-29,22:20-22:30,1.2350966666667773
2025-03-29,22:50-23:00,2.8267966666667235
2025-03-30,00:00-00:20,29.945709999999963
2025-03-30,01:40-02:20,108.78391999999985
2025-03-30,02:50-03:00,13.958849999999984
2025-03-30,03:30-04:20,119.90525666666667
2025-03-30,04:50-05:40,133.08682999999962
2025-03-30,06:00-06:20,9.954829999999788
2025-03-30,08:50-09:00,4.642619999999965
2025-03-30,10:00-10:20,23.48236966666653
2025-03-30,14:00-14:50,366.0570013000001
2025-03-30,18:10-18:20,17.012763333333282
2025-03-30,19:00-19:20,16.41925999999978
2025-03-30,22:00-22:20,16.19766000000004
2025-03-31,00:00-00:20,5.997193333333371
2025-03-31,00:40-01:00,29.261070000000018
2025-03-31,01:40-01:50,5.986596666666628
2025-03-31,02:20-02:30,0.50195999999994
2025-03-31,03:00-03:10,0.8393266666665795
2025-03-31,04:40-05:00,48.1874866666667
2025-03-31,05:20-06:00,102.80660333333344
2025-03-31,10:20-10:30,15.055466666666632
2025-03-31,11:50-15:20,1497.1242876666663
2025-03-31,15:30-15:50,56.04199999999997
2025-03-31,16:20-17:00,135.3746033333332
2025-03-31,19:20-19:30,1.3846399999998766
2025-03-31,20:10-20:20,0.5503266666667059
2025-03-31,20:50-21:00,6.896586666666508
2025-03-31,21:20-21:30,2.9752899999999727
2025-03-31,23:20-23:30,3.096430000000055
2025-04-01,00:00-00:10,4.025963333333493
2025-04-01,00:40-01:00,22.636003333333292
2025-04-01,01:20-01:30,20.604896666666605
2025-04-01,02:00-03:10,173.56740999999965
2025-04-01,03:20-03:50,41.69518666666659
2025-04-01,04:30-05:50,185.14292666666654
2025-04-01,06:40-06:50,0.8564633333332949
2025-04-01,09:20-10:10,176.22014764000005
2025-04-01,10:30-13:50,2601.714323333335
2025-04-01,14:30-14:50,68.02733166666678
2025-04-01,15:10-15:30,37.78091666666646
2025-04-01,15:50-16:00,9.411339999999939
2025-04-01,16:20-16:30,8.091476666666608
2025-04-01,17:00-17:10,7.1302566666665825
2025-04-01,17:30-18:00,57.74529999999993
2025-04-01,20:00-20:20,56.19952000000012
2025-04-01,20:40-20:50,5.930216666666638
2025-04-01,21:30-21:50,40.39522999999997
2025-04-01,22:50-23:00,0.5072966666664342
2025-04-02,00:00-00:20,26.376393333333226
2025-04-02,02:00-02:20,16.9858099999999
2025-04-02,02:30-02:50,26.591406666666558
2025-04-02,03:10-03:20,12.805806666666626
2025-04-02,03:30-05:40,271.1669833333327
2025-04-02,05:50-06:40,24.200739999999882
2025-04-02,07:00-13:20,3448.5722285666675
2025-04-02,18:00-18:10,1.4807333333332053
2025-04-02,19:20-19:50,23.9779166666666
2025-04-02,20:20-20:40,40.02865666666651
2025-04-02,23:00-23:10,15.268886666666504
2025-04-03,00:10-00:20,8.204830000000129
2025-04-03,00:50-01:00,0.9035900000000083
2025-04-03,01:20-01:40,17.155836666666573
2025-04-03,02:00-02:40,66.26645999999994
2025-04-03,03:00-03:20,29.012203333333332
2025-04-03,03:40-04:30,54.36622666666642
2025-04-03,05:00-05:30,82.15322666666657
2025-04-03,05:50-06:10,6.158543333333228
2025-04-03,06:20-08:50,413.4219156666659
2025-04-03,09:00-09:20,57.31382266666678
2025-04-03,13:50-14:20,151.6197799999999
2025-04-03,16:10-16:30,12.06499999999994
2025-04-03,18:50-19:20,14.654993333333096
2025-04-03,20:20-20:30,19.207436666666695
2025-04-03,22:40-22:50,1.9030199999999695
2025-04-03,23:30-23:50,54.62549000000001
2025-04-04,00:10-00:30,5.812766666666619
2025-04-04,00:50-01:00,6.933596666666631
2025-04-04,01:20-01:40,17.804343333333293
2025-04-04,02:10-02:40,58.37620666666663
2025-04-04,03:30-04:50,136.92883999999992
2025-04-04,05:10-05:30,7.764343333333329
2025-04-04,06:20-07:20,136.14303666666652
2025-04-04,18:20-18:30,8.724873333333335
2025-04-04,19:50-20:10,41.418199999999956
2025-04-04,22:40-23:00,21.797840000000008
2025-04-05,00:20-00:40,17.03423333333319
2025-04-05,01:00-01:40,73.60415333333327
2025-04-05,02:10-02:30,34.28407666666658
2025-04-05,03:00-03:10,1.4758033333333174
2025-04-05,03:30-04:20,86.61629333333332
2025-04-05,05:20-05:40,11.568619999999953
2025-04-05,06:00-06:10,0.201849999999979
2025-04-05,13:10-13:50,144.9438333333337
2025-04-05,14:10-15:10,423.99700666666655
2025-04-05,17:10-17:50,46.65190333333325
2025-04-05,19:30-19:50,10.038933333333375
2025-04-05,20:30-20:50,8.000526666666588
2025-04-05,21:50-22:00,2.534930000000031
2025-04-05,23:10-23:30,18.68036000000029
2025-04-06,01:40-02:00,16.10869666666656
2025-04-06,02:30-02:50,16.89697333333322
2025-04-06,03:10-03:20,1.3006199999999808
2025-04-06,03:50-04:00,1.6294466666665812
2025-04-06,04:10-04:30,64.82113666666658
2025-04-06,04:50-05:10,39.28730666666661
2025-04-06,05:30-05:40,4.4739133333332575
2025-04-06,06:40-07:00,52.63312666666661
2025-04-06,07:20-08:00,134.79700633333331
2025-04-06,15:00-15:30,18.838480000000004
2025-04-06,18:50-19:00,23.650926666666578
2025-04-06,19:50-20:10,5.162346666666849
2025-04-06,21:30-21:40,14.214910000000032
2025-04-07,01:00-01:20,29.73791333333338
2025-04-07,02:30-03:20,48.38651333333314
2025-04-07,03:30-03:50,18.51674333333324
2025-04-07,04:00-04:40,75.5133433333333
2025-04-07,05:00-05:20,13.462643333333176
2025-04-07,12:30-13:20,116.10909999999993
2025-04-07,14:10-14:30,34.62025966666653
2025-04-07,14:50-15:00,9.884739999999866
2025-04-07,20:00-20:20,14.003376666666554
2025-04-07,21:00-21:10,9.019453333333217
2025-04-07,21:40-21:50,11.643213333333392
2025-04-07,22:10-22:20,2.152060000000006
2025-04-07,22:50-23:30,17.528843333333498
2025-04-08,00:00-00:10,5.332979999999907
2025-04-08,00:50-01:00,2.7637899999999718
2025-04-08,01:50-02:00,1.6494433333332381
2025-04-08,02:30-02:40,4.692423333333295
2025-04-08,03:10-03:30,14.70697999999993
2025-04-08,04:20-04:40,31.51437666666652
2025-04-08,05:00-05:10,0.09378333333324917
2025-04-08,05:40-06:50,226.73874333333265
2025-04-08,07:00-07:50,115.79811666666657
2025-04-08,08:00-08:50,141.65811666666647
2025-04-08,16:30-17:40,171.24972333333312
2025-04-08,18:30-18:50,8.392346666666498
2025-04-08,19:50-20:00,17.97060999999985
2025-04-08,20:20-20:40,8.522486666666623
2025-04-08,21:10-21:20,2.1333333333333258
2025-04-08,22:50-23:10,30.235233333333326
2025-04-08,23:40-24:00,8.055853333333289
2025-04-09,00:20-00:30,11.142743333333328
2025-04-09,01:10-01:30,31.55703666666659
2025-04-09,03:40-04:40,70.23909333333336
2025-04-09,06:10-07:30,141.63866666666632
2025-04-09,07:40-08:00,60.51470999999981
2025-04-09,09:00-09:20,6.129098666666664
2025-04-09,10:20-13:30,1215.5035366666673
2025-04-09,13:40-16:00,783.7723850000003
2025-04-09,16:20-16:30,7.830350000000067
2025-04-09,18:10-18:20,15.99639333333323
2025-04-09,20:40-20:50,7.269860000000108
2025-04-09,21:50-22:00,21.633663333333516
2025-04-09,22:20-22:40,38.262159999999994
2025-04-09,23:30-23:40,4.979696666666541
2025-04-10,00:30-01:00,30.312853333333237
2025-04-10,01:30-01:40,12.40820999999994
2025-04-10,03:00-03:50,43.9370399999998
2025-04-10,04:40-05:20,24.15503999999987
2025-04-10,06:00-06:10,5.280449999999973
2025-04-10,06:30-06:50,33.806726666666634
2025-04-10,07:00-07:20,41.17596666666657
2025-04-10,09:10-10:20,376.3112174000004
2025-04-10,15:50-16:30,214.30968333333334
2025-04-10,16:50-17:10,10.589226666666605
2025-04-10,17:50-18:10,10.239910000000009
2025-04-10,19:10-19:20,20.35521666666648
2025-04-10,21:30-21:50,32.76111999999989
2025-04-10,23:20-23:30,3.4521233333332475
2025-04-11,01:10-01:30,70.6127633333333
2025-04-11,03:10-04:10,70.09471666666667
2025-04-11,04:50-05:20,36.49135999999987
2025-04-11,05:40-06:40,108.23907333333332
2025-04-11,18:40-19:00,67.02863666666667
2025-04-11,19:20-19:30,23.280329999999992
2025-04-11,21:50-22:00,5.51410333333331
2025-04-11,22:10-22:40,35.93862999999982
2025-04-11,23:00-23:20,28.096329999999966
2025-04-12,00:30-00:50,20.739019999999982
2025-04-12,03:10-03:50,55.65625333333321
2025-04-12,05:20-05:30,3.978710000000035
2025-04-12,12:10-12:40,191.29566666666665
2025-04-12,13:10-13:20,4.59522000000004
2025-04-12,13:30-14:10,102.0852000000001
2025-04-12,14:40-14:50,6.75527000000011
2025-04-12,16:30-16:50,39.62216333333335
2025-04-12,17:40-18:00,61.36989333333324
2025-04-12,22:40-22:50,7.698129999999992
2025-04-13,02:20-02:40,41.67428333333328
2025-04-13,05:00-05:20,32.054203333333135
2025-04-13,05:50-07:10,159.90091999999976
2025-04-13,08:00-08:10,6.692923333333283
2025-04-13,08:50-09:00,1.5223900000000299
2025-04-13,09:30-09:50,17.43967869333341
2025-04-13,13:10-13:20,10.593896666666723
2025-04-13,16:30-17:20,134.18564333333336
2025-04-13,19:10-19:30,19.599460000000022
2025-04-13,20:00-20:10,4.206833333333293
2025-04-13,20:30-20:50,21.91354333333311
2025-04-13,21:00-21:20,19.3911466666666
2025-04-13,22:50-23:00,7.294129999999996
2025-04-14,00:30-00:50,67.56547333333322
2025-04-14,01:00-01:20,26.42751333333331
2025-04-14,02:10-02:20,7.811109999999871
2025-04-14,02:30-03:10,42.2335466666666
2025-04-14,03:40-03:50,6.630439999999908
2025-04-14,04:00-04:20,7.3179233333331695
2025-04-14,04:40-05:10,63.89255999999989
2025-04-14,05:40-06:10,49.603709999999865
2025-04-14,06:40-07:10,86.62340666666654
2025-04-14,12:00-12:20,53.16237333333345
2025-04-14,14:10-14:20,4.744955333333351
2025-04-14,18:30-18:50,51.7640066666666
2025-04-14,19:30-19:50,15.94159333333323
2025-04-14,20:30-20:40,4.793639999999982
2025-04-14,21:30-21:40,7.929973333333351
2025-04-14,23:00-23:10,2.0862866666666378
2025-04-15,01:10-01:30,8.768426666666642
2025-04-15,02:20-02:30,12.757286666666687
2025-04-15,07:40-07:50,5.962783333333448
2025-04-15,13:20-14:20,260.32089299999984
2025-04-15,15:10-15:40,20.46964333333358
2025-04-15,19:30-19:50,14.059003333333408
2025-04-15,21:00-21:10,0.3309200000001056
2025-04-15,21:40-21:50,17.574823333333256
2025-04-16,00:40-01:00,39.85623999999973
2025-04-16,01:30-02:00,32.442699999999945
2025-04-16,02:20-02:30,12.575613333333195
2025-04-16,03:40-04:00,41.92671333333328
2025-04-16,04:50-05:10,2.404049999999984
2025-04-16,07:00-07:20,55.47996666666671
2025-04-16,07:30-07:50,35.717293333333345
2025-04-16,08:10-08:50,104.96439666666663
2025-04-16,09:30-09:50,31.919359900000018
2025-04-16,10:00-10:30,196.29148166666653
2025-04-16,11:00-11:20,15.039296666666786
2025-04-16,11:40-12:40,184.5543500000004
2025-04-16,14:30-14:50,23.30595966666658
2025-04-16,15:00-15:30,66.09325433333325
2025-04-16,18:30-18:50,24.243329999999958
2025-04-16,21:00-21:20,14.948219999999878
2025-04-16,22:40-23:00,13.601926666666714
2025-04-16,23:30-23:50,6.381723333333412
2025-04-17,00:50-01:00,6.617743333333237
2025-04-17,02:50-03:00,13.521576666666647
2025-04-17,03:50-04:00,6.58829333333324
2025-04-17,07:00-07:40,47.67807333333326
2025-04-17,08:00-08:30,85.53962333333337
2025-04-17,10:50-11:00,18.434523333333402
2025-04-17,13:10-13:20,5.163946666666618
2025-04-17,14:00-14:40,76.89210966666667
2025-04-17,16:20-16:40,14.873653333333266
2025-04-17,17:10-17:20,8.350743333333298
2025-04-17,17:50-18:10,4.407073333333301
2025-04-17,19:50-20:00,0.9890366666667205
2025-04-18,01:50-02:00,7.974790000000041
2025-04-18,02:20-03:00,67.70393666666655
2025-04-18,03:20-03:30,11.522643333333349
2025-04-18,04:00-04:20,12.790076666666607
2025-04-18,15:00-15:50,136.34000999999995
2025-04-18,18:20-18:40,25.457343333333313
2025-04-18,21:40-21:50,3.072723333333329
2025-04-18,23:00-23:10,13.927953333333278
2025-04-19,00:00-00:20,16.138199999999983
2025-04-19,01:50-02:20,71.3171733333333
2025-04-19,03:30-03:50,13.360616666666658
2025-04-19,04:00-04:10,3.488209999999981
2025-04-19,05:30-05:40,1.6575400000001537
2025-04-19,06:20-06:30,3.5857166666666274
2025-04-19,07:10-07:30,36.093746666666625
2025-04-19,19:00-19:20,28.720579999999984
2025-04-19,22:00-22:20,47.437440000000095
2025-04-20,00:30-00:40,4.073276666666516
2025-04-20,01:10-01:20,3.060586666666609
2025-04-20,02:10-02:20,3.009913333333202
2025-04-20,03:50-04:00,0.09564333333321429
2025-04-20,04:40-05:00,34.268196666666654
2025-04-20,05:20-05:30,9.065793333333318
2025-04-20,06:20-06:40,18.46613666666667
2025-04-20,07:30-08:50,298.55844333333346
2025-04-20,09:10-09:20,21.153910000000025
2025-04-20,14:00-14:30,142.18121900000008
2025-04-20,16:20-16:40,51.22094333333331
2025-04-20,17:00-17:20,11.021593333333158
2025-04-20,23:50-24:00,13.300460000000044
2025-04-21,00:20-01:00,19.479056666666565
2025-04-21,01:20-01:30,15.952543333333324
2025-04-21,02:30-02:40,6.152709999999956
2025-04-21,03:00-03:40,57.20009999999968
2025-04-21,04:00-04:20,21.597463333333167
2025-04-21,04:30-05:40,57.42587333333347
2025-04-21,06:10-06:30,45.634326666666425
2025-04-21,08:10-08:20,0.6724399999999946
2025-04-21,18:00-18:10,3.4911866666666356
2025-04-21,18:40-18:50,0.21274333333337836
2025-04-21,20:00-20:40,25.759346666666488
2025-04-21,21:10-21:20,16.11054333333334
2025-04-21,22:30-22:50,55.795860000000175
2025-04-22,00:30-00:50,21.836306666666587
2025-04-22,03:20-03:50,42.47633333333329
2025-04-22,04:10-04:30,10.6102699999999
2025-04-22,04:50-05:10,38.45054333333326
2025-04-22,06:00-06:10,1.170703333333222
2025-04-22,06:50-07:10,52.12585333333334
2025-04-22,07:30-07:50,29.267030000000005
2025-04-22,11:50-12:00,2.802046666666797
2025-04-22,12:10-13:00,159.63620333333336
2025-04-22,13:30-13:40,7.3810233333333315
2025-04-22,14:10-14:40,66.29554156666656
2025-04-22,15:10-15:30,97.31807333333336
2025-04-22,18:20-18:30,21.000696666666613
2025-04-22,21:20-21:40,30.647246666666547
2025-04-22,23:50-24:00,21.501379999999926
2025-04-23,00:00-00:30,41.80849666666654
2025-04-23,00:40-01:10,49.4706533333333
2025-04-23,01:40-02:00,2.27561999999989
2025-04-23,03:20-03:40,9.181863333333354
2025-04-23,04:10-04:20,1.5550533333332623
2025-04-23,05:00-05:10,8.495973333333268
2025-04-23,05:30-05:50,25.84572999999989
2025-04-23,07:10-07:30,55.7055533333334
2025-04-23,12:50-13:00,9.94828333333328
2025-04-23,13:20-13:30,4.858879999999971
2025-04-23,13:50-14:00,14.001463333333305
2025-04-23,18:20-18:40,11.36184999999989
2025-04-23,19:50-20:10,1.8706933333330653
2025-04-23,21:10-21:20,2.2932466666667324
2025-04-23,21:30-21:50,13.78719333333322
2025-04-24,00:00-00:10,2.366713333333564
2025-04-24,01:10-01:20,1.041629999999941
2025-04-24,01:50-02:00,1.722796666666568
2025-04-24,03:30-03:40,3.3320033333333186
2025-04-24,05:20-05:40,11.762423333333231
2025-04-24,06:00-06:40,66.81374999999969
2025-04-24,17:30-17:50,12.797279999999773
2025-04-24,18:10-18:30,22.936649999999872
2025-04-24,20:20-20:30,1.4407066666666424
2025-04-24,21:10-21:40,6.247749999999883
2025-04-25,00:30-00:50,28.13492999999994
2025-04-25,04:00-04:20,22.956836666666675
2025-04-25,06:30-06:40,9.500166666666644
2025-04-25,12:50-13:10,40.61886666666703
2025-04-25,18:30-18:50,22.296786666666605
2025-04-25,20:10-20:30,13.891706666666664
2025-04-25,22:00-22:10,4.634113333333289
2025-04-25,22:40-22:50,10.245253333333267
2025-04-25,23:30-23:40,13.418593333333263
2025-04-26,00:40-01:10,9.190243333333228
2025-04-26,02:30-02:50,9.616296666666642
2025-04-26,04:20-04:30,22.055330000000026
2025-04-26,05:00-05:10,22.75639666666666
2025-04-26,05:40-06:10,53.86402999999996
2025-04-26,13:50-14:20,57.7685033333334
2025-04-26,14:50-15:10,43.0209466666667
2025-04-26,16:20-17:20,69.89666666666666
2025-04-26,17:30-17:40,10.227663333333311
2025-04-26,18:20-19:00,57.154243333333284
2025-04-26,20:50-21:00,11.840513333333377
2025-04-26,22:20-22:40,21.265476666666473
2025-04-27,00:20-00:40,73.36848666666651
2025-04-27,03:30-04:00,45.68324333333294
2025-04-27,05:50-06:00,14.234139999999911
2025-04-27,06:20-06:30,31.182373333333317
2025-04-27,07:00-07:40,111.19032999999988
2025-04-27,08:00-08:30,133.20258000000007
2025-04-27,09:00-09:10,5.634324999999997
2025-04-27,14:50-17:30,583.0494236666664
2025-04-27,17:50-18:10,36.74171666666666
2025-04-27,18:40-18:50,0.44743666666664694
2025-04-27,19:30-19:50,2.798503333333315
2025-04-27,23:00-23:20,16.838199999999915
2025-04-27,23:50-24:00,17.520626666666658
2025-04-28,01:00-01:10,11.806686666666678
2025-04-28,01:40-02:00,53.401886666666655
2025-04-28,02:50-03:00,0.6037433333333411
2025-04-28,03:20-03:30,3.717626666666547
2025-04-28,04:20-04:30,13.743110000000001
2025-04-28,05:50-06:00,3.4771633333332375
2025-04-28,08:10-16:20,5250.389911999999
2025-04-28,16:40-17:00,27.49537666666663
2025-04-28,17:20-18:00,22.974079999999958
2025-04-28,20:40-21:00,34.408446666666805
2025-04-28,22:00-22:10,1.5955966666667791
2025-04-29,03:50-04:00,9.54462999999987
2025-04-29,14:40-16:50,555.3087622999997
2025-04-29,17:00-17:10,0.27442666666649984
2025-04-29,20:10-20:30,13.496483333333117
2025-04-30,01:10-01:20,0.9311866666665765
2025-04-30,02:10-02:40,48.6155633333334
2025-04-30,06:00-06:20,30.94460333333336
2025-04-30,06:40-07:20,66.33193333333321
2025-04-30,10:10-10:50,252.81542000000016
2025-04-30,11:00-11:20,74.74715666666665
2025-04-30,11:30-11:50,48.96919666666662
2025-04-30,12:00-13:00,253.93324966666674
2025-04-30,19:10-19:20,8.521229999999946
2025-04-30,20:50-21:20,51.22328333333326
2025-04-30,23:40-24:00,48.75127666666674
2025-05-01,00:00-00:10,9.707113333333382
2025-05-01,02:10-02:20,3.2008599999999205
2025-05-01,03:10-03:30,16.707553333333294
2025-05-01,03:40-04:00,26.262323333333143
2025-05-01,04:20-04:40,24.846293333333165
2025-05-01,06:10-08:10,413.6185633333331
2025-05-01,08:20-08:50,76.92002333333315
2025-05-01,09:00-09:20,20.705715666666695
2025-05-01,15:50-16:00,12.039513333333218
2025-05-01,16:20-18:50,770.1562333333327
2025-05-01,19:00-23:40,1354.0626299999994
2025-05-01,23:50-24:00,11.536373333333302
2025-05-02,00:00-00:10,0.3474266666667063
2025-05-02,01:30-01:40,7.511573333333274
2025-05-02,02:50-03:00,12.739570000000015
2025-05-02,04:20-04:30,13.00560999999999
2025-05-02,05:00-05:20,5.908116666666729
2025-05-02,05:50-07:30,286.496196
2025-05-02,12:30-18:40,3277.615901600001
2025-05-02,19:00-21:20,714.1687633333328
2025-05-02,21:30-23:20,370.09222733333326
2025-05-02,23:30-24:00,98.53999999999996
2025-05-03,01:10-01:50,91.65466666666651
2025-05-03,03:50-04:00,4.652879999999982
2025-05-03,04:20-04:30,5.394356666666624
2025-05-03,05:40-05:50,6.145083333333332
2025-05-03,07:00-07:20,72.22929066666667
2025-05-03,12:20-12:30,2.2380699999999933
2025-05-03,13:40-14:00,43.56607333333341
2025-05-03,15:00-15:10,2.8592566666666244
2025-05-03,16:10-16:20,24.691730033333382
2025-05-03,16:50-17:40,112.09845166666668
2025-05-03,18:10-22:00,1258.3388116666658
2025-05-03,22:10-22:40,67.9568766666668
2025-05-03,23:00-23:30,61.13889666666705
2025-05-03,23:50-24:00,4.939713333333316
2025-05-04,00:00-00:50,85.38678666666692
2025-05-04,01:00-01:20,25.186436666666395
2025-05-04,02:50-03:20,31.77923333333308
2025-05-04,04:00-04:20,20.976776666666638
2025-05-04,05:10-05:20,3.9742233333332706
2025-05-04,05:30-05:40,5.674063333333152
2025-05-04,12:40-13:20,158.0830133333335
2025-05-04,17:10-18:20,164.0639066666664
2025-05-04,18:30-22:50,1307.6276933333324
2025-05-04,23:00-23:50,68.08068333333358
2025-05-05,00:00-00:30,99.23894666666638
2025-05-05,00:50-01:00,9.877996666666718
2025-05-05,02:00-02:20,69.30327999999975
2025-05-05,04:50-05:00,8.525836666666692
2025-05-05,05:20-05:40,6.202269999999771
2025-05-05,06:00-10:10,1104.0807421
2025-05-05,13:00-13:10,25.476626666666704
2025-05-05,13:30-13:50,111.90073
2025-05-05,16:30-17:50,487.6772266666667
2025-05-05,18:00-21:30,862.6079499999993
2025-05-05,21:50-22:50,142.8703033333336
2025-05-05,23:10-23:50,112.43403666666677
2025-05-06,00:30-01:00,98.51002666666648
2025-05-06,02:10-02:30,14.062199999999962
2025-05-06,03:10-03:20,19.259149999999977
2025-05-06,04:00-04:40,116.76072666666641
2025-05-06,06:00-06:20,15.84089999999992
2025-05-06,06:30-06:50,33.079416666666646
2025-05-06,07:10-08:40,500.0636666666667
2025-05-06,09:00-10:10,484.5111150666668
2025-05-06,16:40-19:30,534.1012066666658
2025-05-06,19:50-23:00,886.9264133333326
2025-05-06,23:20-23:30,4.550130000000081
2025-05-06,23:50-24:00,6.336039999999912
2025-05-07,00:20-00:50,79.81545666666648
2025-05-07,05:00-05:20,27.843826666666473
2025-05-07,06:30-06:50,47.413679999999886
2025-05-07,07:10-07:20,17.307183333333228
2025-05-07,08:50-09:20,104.64563899999996
2025-05-07,14:20-15:40,231.8955846666665
2025-05-07,16:20-16:50,132.62112333333312
2025-05-07,17:00-18:20,575.1465499999999
2025-05-07,18:40-23:20,1069.203796666665
2025-05-07,23:50-24:00,3.02828999999997
2025-05-08,00:10-00:30,63.90620333333311
2025-05-08,02:30-02:40,4.509366666666665
2025-05-08,04:50-05:20,57.40950666666663
2025-05-08,10:40-11:30,143.76949666666678
2025-05-08,11:50-12:50,168.7610300000005
2025-05-08,14:20-15:20,277.5164535000001
2025-05-08,17:40-18:00,81.17108666666672
2025-05-08,18:40-19:40,69.57453666666629
2025-05-08,19:50-20:30,296.2208699999999
2025-05-08,21:00-22:00,180.28182333333314
2025-05-08,22:20-22:50,74.19712666666669
2025-05-08,23:30-24:00,59.30864999999994
2025-05-09,00:00-00:10,3.536263333333295
2025-05-09,00:30-01:10,80.68402666666651
2025-05-09,01:40-01:50,7.338343333333285
2025-05-09,02:30-03:10,13.620946666666555
2025-05-09,07:10-07:30,54.04146400000006
2025-05-09,16:50-17:30,127.39164966666671
2025-05-09,18:00-18:20,29.126786666666533
2025-05-09,19:10-19:30,46.96775999999994
2025-05-09,19:50-21:40,379.4602866666665
2025-05-10,03:00-03:20,16.937476666666612
2025-05-10,04:00-04:20,23.48540666666662
2025-05-10,05:20-05:40,19.45965666666683
2025-05-10,07:30-07:50,25.89413333333338
2025-05-10,13:00-14:00,478.4203300000001
2025-05-10,16:10-17:00,87.8987156666667
2025-05-10,18:00-18:50,83.30717666666646
2025-05-10,19:20-20:20,111.92956333333314
2025-05-10,20:30-22:00,251.94657666666677
2025-05-10,22:10-23:30,175.55626999999998
2025-05-11,00:50-01:00,12.40393999999992
2025-05-11,01:20-01:40,27.500983333333238
2025-05-11,01:50-02:20,33.51547666666647
2025-05-11,02:30-02:50,8.964363333333154
2025-05-11,03:50-04:00,8.750080000000025
2025-05-11,04:20-04:40,15.946746666666627
2025-05-11,09:30-10:20,127.74983100000007
2025-05-11,11:00-11:30,81.73899000000003
2025-05-11,14:00-14:50,167.14175126666677
2025-05-11,17:30-17:50,14.440999999999917
2025-05-11,18:00-19:40,411.84423333333257
2025-05-11,19:50-20:40,116.26095333333319
2025-05-11,21:30-21:50,4.9276199999999335
2025-05-11,22:20-22:30,33.249796666666725
2025-05-11,22:50-24:00,143.63414666666677
2025-05-12,00:50-01:00,2.751019999999926
2025-05-12,01:30-01:50,48.81507999999985
2025-05-12,02:50-03:10,22.283533333333366
2025-05-12,04:20-04:30,4.121253333333243
2025-05-12,11:30-13:00,632.9852600000003
2025-05-12,16:30-18:00,201.4482099999999
2025-05-12,18:10-18:40,65.96548333333305
2025-05-12,19:00-19:40,147.94514999999978
2025-05-12,20:10-20:20,0.9061899999999241
2025-05-12,20:40-21:00,57.06123666666656
2025-05-12,21:40-22:00,18.999940000000038
2025-05-12,22:50-23:00,11.55649666666659
2025-05-13,00:50-01:10,21.205763333333152
2025-05-13,04:10-04:30,31.510626666666667
2025-05-13,05:50-06:00,27.50490666666667
2025-05-13,07:10-07:20,3.727453333333301
2025-05-13,08:10-08:20,4.865363333333335
2025-05-13,11:40-12:00,53.72974333333366
2025-05-13,17:30-17:50,6.67850999999996
2025-05-13,18:50-19:20,60.81182333333311
2025-05-13,19:40-20:00,41.53530000000001
2025-05-13,20:10-20:30,35.143843333333265
2025-05-13,20:50-21:20,57.31407666666655
2025-05-13,23:10-23:30,18.04084333333344
2025-05-14,03:20-04:00,26.59067666666658
2025-05-14,04:40-04:50,18.58821333333333
2025-05-14,05:50-06:00,7.755563333333271
2025-05-14,06:20-06:50,99.77878666666652
2025-05-14,17:00-17:50,152.17200999999966
2025-05-14,18:00-18:20,25.245476666666377
2025-05-14,18:30-19:10,38.66204333333337
2025-05-14,19:40-20:00,31.542246666666642
2025-05-14,20:20-20:40,23.268623333333267
2025-05-14,21:20-21:40,12.867413333333275
2025-05-14,21:50-22:00,9.899729999999863
2025-05-14,22:30-22:50,45.52239333333364
2025-05-14,23:00-23:20,19.83873333333304
2025-05-14,23:40-23:50,7.672729999999888
2025-05-15,01:50-02:00,25.954883333333328
2025-05-15,02:40-02:50,12.172796666666613
2025-05-15,04:20-04:40,16.666039999999953
2025-05-15,05:50-06:10,22.797176666666473
2025-05-15,06:50-07:00,30.327286666666566
2025-05-15,07:10-07:50,108.78331666666665
2025-05-15,15:00-15:20,15.280256666666503
2025-05-15,15:50-16:50,268.7239333333334
2025-05-15,17:20-17:30,31.75317333333328
2025-05-15,18:50-19:00,3.7662766666664993
2025-05-15,21:00-21:20,28.74261333333311
2025-05-15,21:50-22:30,38.402146666666795
2025-05-16,00:20-00:40,36.63657333333333
2025-05-16,05:50-06:00,3.440593333333311
2025-05-16,18:10-18:20,10.519856666666726
2025-05-16,20:10-20:30,26.16770333333318
2025-05-16,21:00-22:00,167.51463666666638
2025-05-16,22:50-23:10,34.12374333333332
2025-05-16,23:30-23:50,76.95745999999997
2025-05-17,01:30-01:40,3.1646299999999314
2025-05-17,03:20-03:50,48.70858999999996
2025-05-17,11:40-12:00,109.5050633333334
2025-05-17,13:10-14:20,328.80574666666683
2025-05-17,14:30-14:40,48.015173333333394
2025-05-17,14:50-15:00,115.99262999999999
2025-05-17,16:30-17:10,167.18091533333325
2025-05-17,18:00-18:40,67.50556666666648
2025-05-17,19:20-19:50,83.3465799999999
2025-05-17,20:10-20:40,60.50785333333306
2025-05-17,22:30-23:00,70.83180666666681
2025-05-18,01:20-01:50,47.845099999999775
2025-05-18,02:10-02:30,29.349239999999895
2025-05-18,02:50-03:00,14.318849999999884
2025-05-18,03:40-04:00,5.76429666666661
2025-05-18,04:20-04:30,15.365513333333297
2025-05-18,05:40-06:00,3.361139999999864
2025-05-18,06:50-07:00,22.189023333333353
2025-05-18,07:30-08:40,340.8995099999999
2025-05-18,11:50-13:00,361.8878500000002
2025-05-18,17:40-17:50,6.575223333333156
2025-05-18,20:20-20:40,27.857599999999934
2025-05-18,21:00-21:20,20.23284333333322
2025-05-18,22:10-22:20,11.699096666666605
2025-05-18,23:00-23:20,17.69905000000017
2025-05-19,06:10-06:30,8.918423333333351
2025-05-19,09:10-09:20,7.174051999999932
2025-05-19,10:30-10:40,7.327309999999926
2025-05-19,17:50-18:00,15.959659999999985
2025-05-19,20:10-20:40,144.12607999999997
2025-05-19,21:20-21:30,41.060919999999896
2025-05-19,23:10-23:20,7.930363333333389
2025-05-19,23:50-24:00,6.0050366666665695
2025-05-20,00:20-00:30,1.0090433333333522
2025-05-20,06:20-06:40,4.51919666666663
2025-05-20,07:20-07:30,4.03794000000002
2025-05-20,12:00-12:50,167.08465666666692
2025-05-20,13:00-14:20,404.5209129999999
2025-05-20,14:40-14:50,5.023178666666588
2025-05-20,15:20-15:50,125.7018533333333
2025-05-20,18:00-18:20,24.00892999999985
2025-05-20,18:40-19:00,55.70598000000007
2025-05-20,19:20-19:40,23.128389999999968
2025-05-20,20:00-20:20,25.04764
2025-05-20,21:30-21:40,14.370609999999942
2025-05-20,22:00-22:10,12.323746666666466
2025-05-20,22:40-22:50,10.5630799999999
2025-05-20,23:30-23:40,18.76297999999997
2025-05-21,02:40-03:00,63.99107333333336
2025-05-21,04:30-04:50,12.015693333333388
2025-05-21,09:30-10:00,83.6116840000001
2025-05-21,10:30-10:50,46.98486666666675
2025-05-21,14:40-16:20,350.57863299999985
2025-05-21,18:20-18:30,25.608363333333273
2025-05-21,19:20-19:40,18.625043333333338
2025-05-21,20:50-21:00,6.567203333333282
2025-05-21,22:20-22:30,3.11189666666678
2025-05-21,22:50-23:00,0.30816333333314105
2025-05-21,23:20-23:50,95.91713000000016
2025-05-22,04:00-04:10,9.477579999999989
2025-05-22,05:30-05:50,32.0385033333331
2025-05-22,06:40-07:00,15.972479999999848
2025-05-22,10:00-10:10,3.222012666666714
2025-05-22,16:10-16:30,13.095260000000053
2025-05-22,18:10-18:30,39.64283000000012
2025-05-23,00:20-00:30,4.954796666666596
2025-05-23,01:00-01:10,14.72914666666668
2025-05-23,01:50-02:00,2.048633333333271
2025-05-23,02:20-02:30,6.188416666666626
2025-05-23,03:00-03:30,64.61847333333333
2025-05-23,12:50-13:20,66.67669000000035
2025-05-23,14:20-14:30,11.651779999999974
2025-05-23,14:50-15:00,30.87982333333332
2025-05-23,18:30-18:40,1.6743399999999156
2025-05-24,00:50-01:10,4.46491999999995
2025-05-24,02:00-02:40,34.08983333333322
2025-05-24,03:50-04:10,19.88867999999985
2025-05-24,04:30-04:50,21.157339999999976
2025-05-24,06:00-06:10,2.0766499999999155
2025-05-24,14:30-14:40,25.045206666666786
2025-05-24,19:10-19:20,4.454013333333251
2025-05-24,23:30-23:40,10.504979999999932
2025-05-25,04:00-04:10,0.544976666666571
2025-05-25,05:30-05:50,0.508539933333509
2025-05-25,06:00-06:10,24.372113333333346
2025-05-25,06:30-06:50,41.365520000000004
2025-05-25,17:30-17:40,2.5438400000000456
2025-05-25,20:40-21:00,36.96017666666637
2025-05-25,21:30-21:40,0.9144266666667136
2025-05-25,22:40-22:50,1.8332299999999577
2025-05-26,01:20-01:30,25.331026666666617
2025-05-26,05:00-05:20,11.087346666666576
2025-05-26,06:30-07:40,341.89743333333325
2025-05-26,08:00-08:30,169.58451333333312
2025-05-26,08:50-09:00,8.352466666666658
2025-05-26,10:00-11:20,1094.1041766666667
2025-05-26,11:30-11:50,66.43406333333334
2025-05-26,12:10-12:40,92.96463333333372
2025-05-26,22:40-23:00,32.396709999999985
2025-05-27,00:00-00:20,11.465476666666746
2025-05-27,02:50-03:00,19.97110333333319
2025-05-27,03:20-03:30,18.534593333333305
2025-05-27,03:50-04:00,5.649133333333225
2025-05-27,04:30-04:40,0.9751199999999471
2025-05-27,22:20-22:30,2.3257300000002488
2025-05-27,23:30-23:50,12.48109999999997
2025-05-28,00:20-00:30,27.578273333333186
2025-05-28,02:50-03:10,13.785609999999906
2025-05-28,03:30-03:40,12.188713333333226
2025-05-28,05:50-06:00,22.038303333333374
2025-05-28,06:30-07:30,167.9774699999998
2025-05-28,07:40-08:10,54.44704999999999
2025-05-28,09:30-10:20,132.13998210000003
2025-05-28,10:50-12:30,571.8323711333335
2025-05-28,16:50-17:00,44.4295566666666
2025-05-28,17:20-17:30,2.321596666666437
2025-05-29,00:10-00:20,3.2745299999999133
2025-05-29,01:20-01:30,6.501443333333214
2025-05-29,02:40-03:00,30.034156666666604
2025-05-29,04:10-04:30,24.333193333333156
2025-05-29,04:50-05:00,14.6020033333333
2025-05-29,05:20-05:50,16.19559666666646
2025-05-29,06:10-06:30,48.67857999999984
2025-05-29,06:50-08:30,538.5115799999993
2025-05-29,09:00-09:20,18.153989333333374
2025-05-29,10:00-10:20,35.273490333333335
2025-05-29,10:40-11:00,118.67565999999994
2025-05-29,11:20-11:50,201.45480999999984
2025-05-29,13:50-14:10,17.336760000000027
2025-05-29,17:20-17:40,14.019613333333155
2025-05-29,18:20-18:30,6.015646666666612
2025-05-29,19:10-19:20,3.222742666666594
2025-05-30,03:20-03:50,109.09979333333325
2025-05-30,05:40-06:10,40.3087133333334
2025-05-30,13:10-13:30,92.1979766666667
2025-05-30,13:50-14:10,55.04872999999998
2025-05-30,14:50-15:30,127.66537999999997
2025-05-30,16:10-16:20,47.91791666666661
2025-05-30,16:40-17:00,41.85026299999994
2025-05-30,17:20-17:40,83.47278333333333
2025-05-31,00:40-01:00,40.64097666666663
2025-05-31,02:30-02:50,40.955243333333215
2025-05-31,03:10-03:30,9.24565999999993
2025-05-31,03:50-04:10,10.952739999999892
2025-05-31,05:00-05:10,12.83309666666662
2025-05-31,06:10-06:40,56.208443666666625
2025-05-31,06:50-07:00,6.937337000000028
2025-05-31,13:00-13:20,94.8868766666667
2025-05-31,13:40-14:50,322.2097
2025-05-31,15:00-15:10,33.09481000000005
2025-05-31,23:40-24:00,88.88991666666652
2025-06-01,00:00-03:30,973.3407566666659
2025-06-01,04:20-04:30,6.293990000000008
2025-06-01,05:50-06:20,35.532213333333175
2025-06-01,08:20-18:00,8491.092224366665
2025-06-01,18:20-22:50,1057.1468606333322
2025-06-01,23:00-24:00,416.7228799999999
2025-06-02,00:00-02:50,861.8441199999996
2025-06-02,03:00-03:40,72.40463
2025-06-02,04:10-04:50,89.49906333333308
2025-06-02,05:10-05:30,7.854533333333279
2025-06-02,05:40-07:20,244.08369999999934
2025-06-02,07:40-09:20,652.1778466666666
2025-06-02,12:10-18:50,5249.114670333332
2025-06-02,19:10-20:40,344.2619394999992
2025-06-02,20:50-24:00,894.2796266666656
2025-06-03,00:00-03:40,891.0268666666656
2025-06-03,04:00-04:10,7.661740000000009
2025-06-03,04:40-04:50,5.262216666666632
2025-06-03,05:10-06:10,186.96090333333314
2025-06-03,06:30-07:10,95.33069999999981
2025-06-03,07:30-07:40,2.9927566666666223
2025-06-03,08:00-10:20,829.654588633333
2025-06-03,10:50-11:30,67.68730666666704
2025-06-03,12:20-12:30,9.046583333333501
2025-06-03,13:20-15:00,334.7920843333336
2025-06-03,15:10-19:10,1338.528636999999
2025-06-03,19:20-19:50,136.04803366666636
2025-06-03,20:10-20:40,67.51556133333312
2025-06-03,20:50-22:20,330.05358999999953
2025-06-03,22:50-24:00,385.34969000000035
2025-06-04,00:00-02:30,1109.541546666666
2025-06-04,03:00-03:40,80.15443666666636
2025-06-04,04:00-04:30,93.09640999999988
2025-06-04,04:40-05:30,136.0443899999998
2025-06-04,05:50-06:10,10.722510000000057
2025-06-04,06:50-07:30,42.650348666666446
2025-06-04,11:40-14:00,1627.6806256666669
2025-06-04,14:10-15:40,484.91464866666655
2025-06-04,15:50-16:10,37.0062999999999
2025-06-04,16:40-17:10,109.80178333333333
2025-06-04,17:20-18:20,271.3724599999995
2025-06-04,18:30-19:20,153.1191043133333
2025-06-04,19:30-19:50,33.450004666666516
2025-06-04,20:00-20:50,121.28614366666642
2025-06-04,21:00-21:40,104.08343666666644
2025-06-04,22:10-24:00,544.6145633333338
2025-06-05,00:00-03:30,985.4825933333326
2025-06-05,03:50-04:20,52.23926666666648
2025-06-05,04:50-05:50,115.4906666666667
2025-06-05,06:10-07:30,329.408043333333
2025-06-05,07:50-08:10,36.9058366666664
2025-06-05,08:30-09:10,81.54720333333316
2025-06-05,11:00-12:00,122.22718666666697
2025-06-05,12:20-12:50,91.27775333333375
2025-06-05,13:40-13:50,10.17643133333332
2025-06-05,14:00-16:00,1313.5664949999996
2025-06-05,16:20-17:10,142.69695999999976
2025-06-05,17:30-20:50,663.626184566665
2025-06-05,21:20-24:00,787.5700899999989
2025-06-06,00:00-02:10,737.1136599999995
2025-06-06,02:40-03:10,62.779493333333335
2025-06-06,04:00-04:20,18.97482333333329
2025-06-06,05:20-06:50,208.05326999999977
2025-06-06,11:00-11:20,69.06246666666675
2025-06-06,11:30-20:30,5392.611858999999
2025-06-06,21:00-21:20,59.32410333333314
2025-06-06,21:40-22:30,144.64500666666652
2025-06-06,22:50-24:00,384.33347666666657
2025-06-07,00:00-02:20,596.605093333333
2025-06-07,03:30-03:50,52.80555666666663
2025-06-07,04:10-04:20,0.17249666666663188
2025-06-07,05:20-06:00,124.33776333333327
2025-06-07,06:20-06:40,25.26828999999998
2025-06-07,07:10-07:40,57.49199099999991
2025-06-07,09:40-10:00,256.5697833333335
2025-06-07,10:10-11:10,324.58110666666687
2025-06-07,11:30-12:40,417.3571433333333
2025-06-07,12:50-13:20,294.1759000000001
2025-06-07,13:40-14:30,410.34021333333334
2025-06-07,15:20-15:40,35.21591666666669
2025-06-07,15:50-16:20,246.50666233333345
2025-06-07,16:50-19:20,645.8943233333331
2025-06-07,19:40-20:40,179.93109666666646
2025-06-07,21:40-23:00,154.7168333333334
2025-06-07,23:20-24:00,179.80979000000013
2025-06-08,00:00-00:30,112.43020999999987
2025-06-08,00:50-01:10,51.620466666666516
2025-06-08,01:40-01:50,14.401769999999942
2025-06-08,02:20-02:40,25.47414666666657
2025-06-08,02:50-03:00,14.531666666666638
2025-06-08,04:00-04:20,22.50669999999991
2025-06-08,05:20-05:30,8.709359999999947
2025-06-08,06:10-06:40,37.09697333333327
2025-06-08,07:00-07:10,5.642033333333359
2025-06-08,17:40-18:00,15.916536666666502
2025-06-08,18:50-19:30,52.60827699999972
2025-06-08,20:00-20:20,37.47803666666671
2025-06-08,20:50-21:10,18.858813333333387
2025-06-08,21:40-21:50,21.74845999999991
2025-06-08,22:20-24:00,163.85126000000037
2025-06-09,00:00-00:10,4.208480000000009
2025-06-09,00:30-01:30,225.24165666666636
2025-06-09,02:40-03:00,23.988539999999944
2025-06-09,03:20-04:10,202.6441299999999
2025-06-09,04:30-04:50,28.234796666666625
2025-06-09,05:30-05:50,12.120229999999992
2025-06-09,06:10-06:40,43.40644999999995
2025-06-09,11:00-11:20,19.151210000000333
2025-06-09,16:10-17:50,525.0370799999994
2025-06-09,18:40-19:00,25.036348333333173
2025-06-09,19:30-20:00,59.97925499999958
2025-06-09,20:20-20:40,29.003480999999788
2025-06-09,22:50-23:00,25.05869666666672
2025-06-09,23:20-24:00,180.01540999999963
2025-06-10,00:00-00:20,54.687593333333325
2025-06-10,00:30-00:50,17.89577666666662
2025-06-10,01:00-01:20,63.73427000000004
2025-06-10,01:30-02:00,74.59768999999994
2025-06-10,02:10-02:40,68.45033666666654
2025-06-10,03:10-03:20,6.596676666666667
2025-06-10,03:40-03:50,10.910216666666543
2025-06-10,04:30-05:00,76.67736000000002
2025-06-10,05:20-05:30,3.582149999999956
2025-06-10,07:50-08:00,3.7229200000000446
2025-06-10,09:10-09:20,0.6215566666666064
2025-06-10,11:20-11:30,47.94930666666676
2025-06-10,15:00-15:10,3.855929999999944
2025-06-10,15:50-16:20,118.45560333333322
2025-06-10,16:30-16:50,61.18405999999993
2025-06-10,17:10-17:40,18.32309666666663
2025-06-10,18:20-18:40,41.50854333333314
2025-06-10,20:50-21:10,48.41592000000003
2025-06-10,21:40-22:10,65.08123999999998
2025-06-10,22:30-22:50,45.844859999999926
2025-06-10,23:00-23:30,70.65693000000033
2025-06-10,23:50-24:00,20.44141666666667
2025-06-11,00:00-00:40,76.24667666666687
2025-06-11,00:50-01:40,111.31683333333308
2025-06-11,01:50-02:20,68.53052666666656
2025-06-11,06:00-06:40,52.95248333333325
2025-06-11,07:00-07:10,4.6445733333332555
2025-06-11,09:00-10:40,837.1399019999997
2025-06-11,12:50-13:00,41.27575999999998
2025-06-11,13:20-14:20,262.3887966666666
2025-06-11,14:50-15:30,94.66325666666643
2025-06-11,16:20-16:40,38.96001333333322
2025-06-11,17:00-17:30,101.39000666666664
2025-06-11,17:50-18:00,2.6724099999999
2025-06-11,18:50-19:30,45.650385999999585
2025-06-11,22:10-22:40,66.38255333333302
2025-06-11,23:10-23:30,19.73447666666675
2025-06-12,00:20-00:50,100.55429333333313
2025-06-12,01:10-01:20,10.14409333333333
2025-06-12,02:20-02:30,35.78891999999996
2025-06-12,02:50-03:50,115.97170999999992
2025-06-12,05:50-06:00,20.196803333333264
2025-06-12,14:30-14:50,91.39309333333335
2025-06-12,15:00-15:20,9.811943333333375
2025-06-12,16:00-16:10,4.357293333333246
2025-06-12,17:40-17:50,1.7950533333332714
2025-06-12,18:00-18:20,15.494936666666604
2025-06-12,20:40-20:50,11.738536666666505
2025-06-12,21:20-21:30,12.698143333333292
2025-06-12,22:20-22:30,29.646036666666532
2025-06-12,23:20-23:50,51.1832233333331
2025-06-13,01:20-01:50,43.86106999999993
2025-06-13,02:40-03:10,27.409736666666618
2025-06-13,04:20-04:30,0.8254166666666833
2025-06-13,05:30-05:50,6.549636666666629
2025-06-13,08:00-09:50,509.95446566666664
2025-06-13,10:20-10:40,21.838170000000105
2025-06-13,17:10-17:40,106.3905299999999
2025-06-13,19:20-20:00,63.164609999999925
2025-06-13,20:40-21:00,62.3995266666667
2025-06-13,22:20-22:40,13.922233333333224
2025-06-13,23:10-23:30,44.21082666666655
2025-06-14,00:00-00:30,25.746414666666624
2025-06-14,00:40-01:10,36.686829999999986
2025-06-14,02:10-02:20,20.327893333333293
2025-06-14,03:40-03:50,8.06977999999998
2025-06-14,12:00-12:10,2.6217366666666635
2025-06-14,15:40-15:50,9.16841433333326
2025-06-14,19:00-19:20,22.642970000000105
2025-06-14,20:40-21:00,33.87042999999994
2025-06-14,21:50-23:00,132.4329799999997
2025-06-15,22:40-22:50,9.28984666666679
2025-06-16,00:20-00:30,11.341746666666609
2025-06-16,01:00-01:20,21.958476666666684
2025-06-16,02:10-02:20,6.211416666666651
2025-06-16,02:30-02:40,10.833209999999895
2025-06-16,04:10-04:20,4.799736666666718
2025-06-16,05:30-06:30,155.20888666666644
2025-06-16,12:30-12:50,49.43022000000008
2025-06-16,20:00-20:10,2.2138563333332684
2025-06-17,00:40-01:00,46.21082666666666
2025-06-17,02:50-03:00,15.71180333333325
2025-06-17,05:00-05:20,31.415876666666577
2025-06-17,06:00-06:20,18.77972333333321
2025-06-17,12:40-13:50,621.7203266666666
2025-06-17,14:20-14:30,24.15634666666665
2025-06-17,15:50-16:10,30.66842666666662
2025-06-17,18:20-18:30,25.823286666666604
2025-06-17,19:20-19:30,10.621128333333331
2025-06-17,21:10-21:20,7.653843333333384
2025-06-17,23:00-23:20,35.29006666666669
2025-06-18,02:30-02:50,25.120419999999967
2025-06-18,06:10-06:40,28.889379999999846
2025-06-19,02:00-02:10,1.4783599999999524
2025-06-19,04:40-05:00,38.91252666666662
2025-06-19,06:00-06:20,55.41496999999981
2025-06-19,16:00-16:10,20.1717799999999
2025-06-19,19:20-19:30,27.05250366666651
2025-06-19,20:50-21:00,4.37955333333332
2025-06-19,23:00-23:10,9.854460000000017
2025-06-19,23:50-24:00,24.383080000000064
2025-06-20,01:10-01:40,30.536353333333352
2025-06-21,00:20-00:30,16.840419999999995
2025-06-21,01:20-01:30,14.295873333333248
2025-06-21,02:50-03:10,19.392206666666596
2025-06-21,03:20-03:30,5.61879666666664
2025-06-21,05:50-06:20,34.85718666666662
2025-06-21,20:20-20:30,2.842796666666686
2025-06-22,01:00-01:10,3.972116666666693
2025-06-22,02:40-02:50,26.283233333333328
2025-06-22,14:10-14:20,3.182206666666559
2025-06-23,02:20-02:30,22.624253333333286
2025-06-23,03:20-03:30,2.982189999999946
2025-06-23,04:50-05:00,0.6702633333333097
2025-06-24,01:50-02:00,16.957816666666645
2025-06-24,05:40-06:00,6.683219999999892
2025-06-24,06:40-07:00,16.554524733333288
2025-06-24,07:20-11:30,1984.6979360000005
2025-06-24,12:00-12:30,109.05616666666674
2025-06-25,02:40-02:50,5.13772333333327
2025-06-25,06:30-06:50,51.86901333333327
2025-06-25,10:00-10:10,2.772630000000049
2025-06-25,10:30-11:30,492.7166323333333
2025-06-25,14:30-14:40,7.335576666666668
2025-06-26,08:50-09:10,8.227343333333408
2025-06-28,04:40-05:00,52.98659666666663
2025-06-28,07:30-07:50,19.082111333333405
2025-06-28,08:50-09:00,9.559356666666602
2025-06-28,16:20-16:30,1.6015266666665582
2025-06-29,01:50-02:00,8.219476666666651
2025-06-29,04:20-04:40,11.742876666666575
2025-06-29,11:30-11:50,78.72207666666691
2025-06-30,06:00-06:20,23.605319999999892
2025-06-30,06:50-07:30,274.6769866666663
2025-06-30,10:20-10:30,4.257781333333298
2025-06-30,23:50-24:00,50.793499999999995
2025-07-01,00:00-00:30,120.23092000000008
2025-07-01,01:20-05:50,1713.7051233333318
2025-07-01,06:00-06:10,5.472016666666605
2025-07-01,06:40-06:50,13.861176666666552
2025-07-01,07:20-07:30,7.897449999999935
2025-07-01,15:00-15:20,73.38254999999981
2025-07-01,18:20-18:50,41.04383666666638
2025-07-01,19:10-19:20,0.5038133333332269
2025-07-01,19:30-20:40,170.2426599999995
2025-07-01,20:50-21:20,74.75837666666655
2025-07-01,21:30-21:50,105.24098333333325
2025-07-01,22:10-22:50,157.15815666666674
2025-07-01,23:00-24:00,112.24621666666667
2025-07-02,00:00-00:20,25.800610000000233
2025-07-02,00:40-01:10,56.80033333333313
2025-07-02,01:20-06:00,1770.312119999999
2025-07-02,16:00-16:10,23.85367999999994
2025-07-02,16:40-16:50,12.44169666666653
2025-07-02,18:00-18:30,44.56869333333316
2025-07-02,18:50-19:30,136.30990666666617
2025-07-02,19:40-21:10,293.8930299999989
2025-07-02,21:30-21:40,8.817513333333295
2025-07-02,22:00-22:20,189.13157333333345
2025-07-02,22:30-23:00,98.54508999999985
2025-07-02,23:20-23:40,46.85552666666672
2025-07-02,23:50-24:00,0.7647033333332729
2025-07-03,00:00-01:50,426.71185666666645
2025-07-03,02:00-06:00,1451.3825599999998
2025-07-03,07:20-08:10,208.54593333333315
2025-07-03,11:00-11:50,203.29367000000036
2025-07-03,16:20-16:30,1.4368899999999485
2025-07-03,16:40-17:00,19.29651333333311
2025-07-03,17:40-18:10,141.88769666666667
2025-07-03,18:20-19:00,218.94387999999964
2025-07-03,19:40-20:00,18.250769999999946
2025-07-03,20:10-20:50,142.20197333333306
2025-07-03,21:00-22:30,447.0304233333329
2025-07-03,22:40-23:30,116.35009666666633
2025-07-04,00:30-06:50,1959.7166666666653
2025-07-04,14:30-14:50,4.6485500000000854
2025-07-04,17:50-18:10,13.33716999999993
2025-07-04,18:30-19:00,162.46131000000014
2025-07-04,19:30-21:20,342.8684899999997
2025-07-04,21:30-21:50,114.19884999999988
2025-07-04,22:10-23:10,261.41261999999995
2025-07-04,23:20-24:00,76.87847666666664
2025-07-05,00:00-01:30,219.9220733333333
2025-07-05,02:00-03:20,410.9955666666664
2025-07-05,03:40-06:40,1090.7240099999997
2025-07-05,16:20-17:30,262.8659133333332
2025-07-05,17:40-18:30,207.48598000000004
2025-07-05,19:30-20:10,105.67650333333324
2025-07-05,20:30-20:50,32.6806899999998
2025-07-05,21:00-21:50,189.1099266666664
2025-07-05,22:10-22:30,37.074563333333344
2025-07-05,22:50-24:00,182.80561
2025-07-06,00:20-01:50,189.85464666666633
2025-07-06,02:00-02:20,129.98969999999997
2025-07-06,02:30-06:40,1480.7896733333328
2025-07-06,09:50-10:10,39.208054666666655
2025-07-06,12:50-16:10,1566.1020030999994
2025-07-06,16:30-17:20,254.72404666666625
2025-07-06,17:30-18:30,215.16207666666617
2025-07-06,18:40-19:10,89.36522333333323
2025-07-06,19:30-19:50,79.4830033333333
2025-07-06,20:00-21:00,255.83832666666612
2025-07-06,21:20-21:30,7.56928999999991
2025-07-06,21:50-22:50,251.61982999999964
2025-07-06,23:20-23:30,36.41279666666651
2025-07-06,23:50-24:00,27.157039999999938
2025-07-07,00:20-01:20,274.8728333333331
2025-07-07,01:30-03:50,861.9388066666661
2025-07-07,04:00-05:50,557.7610866666662
2025-07-07,06:10-06:20,17.41070666666667
2025-07-07,10:40-10:50,21.34624733333338
2025-07-07,12:50-13:00,15.232327000000105
2025-07-07,16:50-17:10,8.154426666666495
2025-07-07,18:10-18:40,46.62796999999989
2025-07-07,19:00-19:20,36.73217333333321
2025-07-07,19:30-20:00,87.17273666666647
2025-07-07,20:20-20:50,37.87845999999976
2025-07-07,21:00-22:40,407.56060666666656
2025-07-07,23:10-23:20,9.509713333333366
2025-07-08,00:20-00:40,46.1944299999999
2025-07-08,01:00-01:20,18.46821999999986
2025-07-08,01:30-01:50,28.419903333333195
2025-07-08,02:40-03:10,186.08622666666633
2025-07-08,03:40-04:00,18.71042
2025-07-08,04:20-07:50,739.7374749999999
2025-07-08,08:10-08:40,35.13857666666655
2025-07-08,10:00-10:20,38.69863060000009
2025-07-08,14:20-14:30,40.99673333333334
2025-07-08,15:40-16:40,154.74357666666617
2025-07-08,16:50-17:20,93.9646333333335
2025-07-08,17:30-18:30,141.64499999999953
2025-07-08,18:50-19:00,34.48577999999995
2025-07-08,20:30-20:40,9.68493333333322
2025-07-08,21:20-21:40,24.334999999999923
2025-07-08,22:50-23:00,8.24769666666657
2025-07-09,00:50-01:20,37.91985333333321
2025-07-09,01:40-02:00,4.9206133333333355
2025-07-09,02:20-02:30,22.13212333333331
2025-07-09,02:40-03:10,113.48004333333301
2025-07-09,03:20-04:20,84.74390666666636
2025-07-09,04:30-04:50,14.502376666666464
2025-07-09,05:00-05:50,76.94943666666666
2025-07-09,06:00-07:10,225.1023999999997
2025-07-09,07:40-08:00,13.501750000000072
2025-07-09,10:40-11:10,61.73774466666654
2025-07-09,11:40-11:50,29.32210000000009
2025-07-09,14:10-14:20,21.713373333333294
2025-07-09,17:30-17:50,74.30390666666665
2025-07-09,18:00-18:20,64.51876000000004
2025-07-09,19:20-19:40,61.980586666666454
2025-07-09,20:40-21:00,28.427166666666494
2025-07-10,00:20-00:30,30.750656666666714
2025-07-10,01:50-02:20,48.51016666666658
2025-07-10,02:40-03:00,31.77570333333324
2025-07-10,03:10-03:40,84.21402999999987
2025-07-10,04:10-04:50,196.1846966666667
2025-07-10,05:00-05:20,61.19181666666657
2025-07-10,05:30-05:50,15.457700000000045
2025-07-10,06:20-06:40,27.134799999999814
2025-07-10,08:50-09:00,8.433306666666738
2025-07-10,15:40-15:50,55.05912000000001
2025-07-10,17:10-17:20,12.936276666666572
2025-07-10,18:50-19:00,30.919759999999854
2025-07-10,20:20-20:30,37.585873333333126
2025-07-10,20:50-21:00,25.60590000000002
2025-07-10,21:50-22:10,101.77803333333338
2025-07-10,22:30-22:50,75.88733333333334
2025-07-11,00:50-01:10,9.842359999999985
2025-07-11,01:50-02:40,56.10098999999968
2025-07-11,03:10-03:40,140.90152666666654
2025-07-11,04:00-04:30,104.57065
2025-07-11,04:50-05:20,147.43304333333316
2025-07-11,05:40-07:40,453.35838666666666
2025-07-11,11:00-13:20,1300.1413366666668
2025-07-11,17:50-18:00,17.24610999999993
2025-07-11,19:00-19:10,0.16847333333328152
2025-07-11,19:30-19:50,16.10882666666646
2025-07-11,20:50-21:20,34.06794666666667
2025-07-11,23:50-24:00,8.20983000000001
2025-07-12,01:20-01:30,6.123953333333361
2025-07-12,01:50-02:00,16.98270666666656
2025-07-12,02:20-02:50,94.65913999999987
2025-07-12,03:00-03:30,24.481403333333333
2025-07-12,04:00-04:20,12.56697666666662
2025-07-12,04:30-04:40,1.8908466666666754
2025-07-12,05:10-05:30,7.0788899999998876
2025-07-12,06:20-06:30,18.868120000000005
2025-07-12,06:40-07:00,40.817553333333365
2025-07-12,07:20-07:40,34.175414333333315
2025-07-12,09:30-09:50,129.72176000000013
2025-07-12,10:10-10:20,0.18432000000007065
2025-07-12,10:40-11:20,255.56351000000012
2025-07-12,15:30-15:40,7.9489966666666305
2025-07-12,16:10-16:20,30.322353333333297
2025-07-12,17:40-17:50,15.487266666666699
2025-07-12,18:10-18:20,0.012603333333231603
2025-07-12,19:20-19:40,7.173949999999763
2025-07-12,21:40-22:00,66.86849666666672
2025-07-13,01:50-02:00,1.9038733333333084
2025-07-13,03:20-04:00,51.97240999999963
2025-07-13,04:40-05:00,48.60406333333333
2025-07-13,06:50-07:00,25.047836666666626
2025-07-13,07:30-07:50,22.533180000000016
2025-07-13,18:00-18:30,69.01712333333319
2025-07-13,19:00-19:30,76.51803999999973
2025-07-13,19:50-20:00,10.97529333333327
2025-07-13,20:40-20:50,9.862649999999917
2025-07-13,23:20-23:40,20.830410000000256
2025-07-14,01:40-01:50,6.514509999999973
2025-07-14,02:50-04:00,145.18185333333315
2025-07-14,05:00-05:20,51.425829999999905
2025-07-14,05:50-06:00,2.9137733333332108
2025-07-14,17:40-18:10,115.36728666666659
2025-07-14,18:40-19:00,35.70360333333332
2025-07-14,19:30-19:50,27.517773333333082
2025-07-14,20:50-21:00,1.5219999999999345
2025-07-15,02:10-02:30,33.65348000000006
2025-07-15,03:10-03:30,26.960076666666623
2025-07-15,04:30-04:40,3.681053333333466
2025-07-15,06:00-06:20,59.86965666666674
2025-07-15,07:00-07:10,1.7437693333334323
2025-07-15,11:30-13:20,799.0995089999999
2025-07-15,13:30-13:50,17.827096333333277
2025-07-16,02:00-02:20,16.42844666666656
2025-07-16,04:00-04:20,33.96630999999991
2025-07-16,05:10-05:20,3.293306666666467
2025-07-16,05:40-06:10,144.6165833333332
2025-07-16,12:00-12:10,7.822920000000181
2025-07-16,14:50-15:10,134.32711666666637
2025-07-16,15:20-15:30,41.098793333333276
2025-07-16,18:20-18:30,10.356886666666696
2025-07-16,22:20-22:30,25.12446333333355
2025-07-17,00:50-01:00,6.442969999999946
2025-07-17,03:30-04:00,24.91198666666662
2025-07-17,04:40-05:00,37.82267999999988
2025-07-17,06:00-06:10,5.709143333333259
2025-07-17,06:40-06:50,3.1576900000000023
2025-07-17,08:30-08:50,81.13893666666661
2025-07-17,09:00-09:30,122.13792666666669
2025-07-17,16:10-16:50,203.66687999999976
2025-07-17,23:30-23:40,26.581999999999994
2025-07-18,07:20-07:40,18.06047666666661
2025-07-18,11:10-12:10,341.80865666666654
2025-07-18,14:10-14:30,35.122709999999984
2025-07-18,15:50-16:00,30.153773333333262
2025-07-19,02:20-02:30,22.02141333333327
2025-07-19,02:50-03:00,11.010543333333317
2025-07-19,03:30-03:40,5.23544000000004
2025-07-19,05:10-05:30,16.499763333333306
2025-07-19,19:20-19:40,15.275713333333329
2025-07-19,23:40-23:50,7.1863133333333735
2025-07-20,04:20-04:40,19.998726666666585
2025-07-20,06:20-06:40,79.31325333333325
2025-07-20,07:20-07:30,16.487723333333292
2025-07-20,11:20-11:40,74.84671666666668
2025-07-21,01:10-01:20,9.652383333333319
2025-07-21,02:00-02:10,14.998686666666572
2025-07-21,05:40-05:50,8.311983333333274
2025-07-21,06:20-06:40,66.75373666666655
2025-07-21,07:40-08:00,64.69038666666654
2025-07-21,09:20-09:30,6.991213333333235
2025-07-21,12:00-12:10,18.41260000000011
2025-07-21,12:40-12:50,3.4527166666666744
2025-07-21,15:50-16:00,33.49423666666644
2025-07-21,17:50-18:00,7.489969999999971
2025-07-22,13:20-14:00,241.8352256666666
2025-07-23,05:20-05:30,5.990553333333196
2025-07-23,06:50-07:20,134.82204666666664
2025-07-23,07:50-08:00,11.917376666666655
2025-07-24,12:50-13:50,190.60319529999998
2025-07-24,15:50-16:00,12.590399999999931
2025-07-25,07:30-07:50,92.15360368666661
2025-07-25,10:30-10:40,8.585383333333311
2025-07-26,02:40-02:50,8.440513333333342
2025-07-26,06:20-06:30,10.22147000000001
2025-07-26,11:00-11:20,108.43299333333317
2025-07-27,01:20-01:30,20.368920000000003
2025-07-27,06:10-06:30,63.73707999999999
2025-07-27,07:30-07:50,34.595963333333145
2025-07-27,08:10-09:20,275.27528333333333
2025-07-28,06:20-06:30,20.375933333333364
2025-07-28,08:10-08:40,125.95465666666666
2025-07-28,09:10-09:30,86.9982499999999
2025-07-28,10:20-10:30,2.7822643333332664
2025-07-28,12:00-12:50,370.93007666666676
2025-07-29,09:40-10:00,57.1805329999999
2025-07-29,10:40-11:20,163.65085566666667
2025-07-30,08:20-08:30,22.33393333333322
2025-07-31,08:10-08:20,13.91768999999988
2025-07-31,09:40-09:50,8.511139999999884
2025-08-06,13:00-13:20,33.617289333333275
2025-08-06,13:40-13:50,22.517041666666643
2025-08-06,14:20-15:20,181.3184166666664
2025-08-06,15:50-16:00,25.219709999999964
2025-08-07,07:20-07:30,5.989903333333359
2025-08-08,06:30-06:50,2.465343333333408
2025-08-09,07:00-07:20,61.34783333333328
2025-08-09,12:40-13:20,66.06179333333375
2025-08-10,09:30-09:50,52.91602666666649
2025-08-10,12:00-13:20,213.10732666666652
2025-08-10,13:30-14:00,98.95458333333332
2025-08-11,07:20-07:30,6.65930000000003
2025-08-11,08:40-09:40,205.7988428333336
2025-08-12,09:30-09:50,48.99263466666677
2025-08-12,10:00-11:00,285.08179999999993
2025-08-12,14:10-14:40,58.28431626666671
2025-08-12,15:20-15:30,12.552426666666747
2025-08-13,10:20-10:50,165.94293666666658
2025-08-13,13:40-13:50,5.3025366666665406
2025-08-13,14:00-14:20,106.43773206666675
2025-08-14,06:20-06:30,1.2096233333334112
2025-08-14,08:00-08:20,172.73942333333326
2025-08-14,08:30-08:50,122.99584999999993
2025-08-15,06:30-06:50,17.0908
2025-08-17,07:00-07:20,93.77836333333312
2025-08-18,06:00-06:10,3.323366666666743
2025-08-18,08:20-08:40,33.75531666666663
2025-08-18,17:20-17:30,6.737216666666654
2025-08-20,06:50-09:40,1023.2150183333332
2025-08-20,10:40-10:50,7.275193333333448
2025-08-20,11:00-11:10,3.459920000000011
2025-08-20,11:30-12:20,361.5771833333338
2025-08-20,13:30-13:50,26.05659466666684
2025-08-20,14:30-14:50,15.587834666666652
2025-08-21,12:20-12:30,3.847319999999968
2025-08-21,13:10-13:50,155.863473
2025-08-21,14:00-14:20,10.298711476666478
2025-08-22,14:20-14:40,15.545360000000187
2025-08-23,13:20-13:30,1.1387166666665962
2025-08-25,07:10-07:20,2.243786666666665
2025-08-25,11:50-12:00,17.591930000000048
2025-08-25,12:40-13:30,287.06288433333316
2025-08-25,15:00-15:30,134.09576666666646
2025-08-25,15:40-16:10,94.84624999999977
2025-08-26,16:10-16:20,7.041893333333292
2025-08-26,17:00-17:10,10.450390000000084
2025-08-27,08:40-09:00,105.46890333333329
2025-08-27,14:20-14:30,7.638083333333299
2025-08-28,09:00-11:20,1747.397859666667
2025-08-28,12:00-12:20,40.17180333333329
2025-08-28,17:10-17:20,8.015986666666777
2025-08-28,22:50-23:00,4.210749999999962
2025-08-29,06:50-07:40,110.22882266666677
2025-08-29,11:20-11:40,52.14944000000014
2025-08-31,07:30-07:40,0.9130999999999858
2025-09-06,07:30-07:40,2.593849999999975
2025-09-07,08:00-08:20,54.28343000000001
2025-09-08,09:50-10:10,62.454155333333325
2025-09-08,13:50-14:10,44.301349
2025-09-08,14:20-15:20,251.97175866666683
2025-09-10,06:20-06:30,26.94343333333336
2025-09-10,07:00-07:40,75.45432666666673
2025-09-10,08:00-09:40,290.4169834333331
2025-09-10,10:00-10:30,87.60695666666683
2025-09-10,12:30-13:30,424.1943700000001
2025-09-10,13:40-14:10,132.7392393333334
2025-09-11,08:10-08:40,49.280163333333235
2025-09-12,07:20-07:40,49.39207966666661
2025-09-14,09:00-09:10,20.7865166666667
2025-09-14,09:40-10:20,122.21308566666654
2025-09-14,12:00-13:00,146.84155333333348
2025-09-16,10:30-12:00,379.4676633333332
2025-09-16,12:20-12:30,15.912180000000149
2025-09-17,05:50-06:00,5.151741400000045
2025-09-17,09:20-10:30,316.40363996666673
2025-09-17,10:50-11:00,13.291486666666714
2025-09-17,11:20-11:40,49.07964333333348
2025-09-18,05:20-05:30,19.62925999999993
2025-09-18,08:50-09:00,2.191116666666744
2025-09-18,09:20-09:30,22.385660333333234
2025-09-18,09:50-10:10,66.52675033333333
2025-09-18,12:40-13:10,44.27972333333321
2025-09-19,01:40-01:50,3.6595800000000054
2025-09-19,07:40-07:50,12.747426633333397
2025-09-19,11:50-12:20,106.16918666666675
2025-09-19,15:50-16:10,20.577192666666733
2025-09-20,03:20-03:30,4.341700000000003
2025-09-20,06:50-07:00,12.057819999999992
2025-09-20,07:30-07:50,18.28352600000005
2025-09-21,11:20-11:50,23.478933333333543
2025-09-22,00:30-00:50,17.233229999999935
2025-09-22,01:40-01:50,3.834103333333246
2025-09-22,02:40-02:50,4.864799999999946
2025-09-22,03:30-03:40,10.103293333333227
2025-09-22,05:10-05:20,0.3045999999999367
2025-09-22,12:20-12:40,31.895583333333548
2025-09-22,16:10-16:30,49.659483333333355
2025-09-22,17:00-17:20,13.886266666666415
2025-09-22,19:50-20:00,3.258814199999849
2025-09-22,21:10-21:20,15.88632999999993
2025-09-22,21:40-21:50,5.376189999999951
2025-09-22,22:50-23:00,6.154363333333322
2025-09-22,23:20-23:30,15.566530000000057
2025-09-23,04:50-05:10,20.407449999999812
2025-09-23,06:10-06:30,7.943216666666558
2025-09-23,06:50-07:00,15.398410000000013
2025-09-23,09:40-09:50,2.5501283333332143
2025-09-23,10:00-10:20,51.4768749999998
2025-09-23,10:40-11:00,26.1798500000001
2025-09-23,14:20-15:10,171.07788566666673
2025-09-23,15:50-16:20,49.79111999999998
2025-09-23,16:30-16:40,11.185343333333208
2025-09-23,20:10-20:30,25.0717833333332
2025-09-23,20:50-21:00,37.137416666666695
2025-09-23,22:20-22:30,9.557996666666668
2025-09-24,03:30-03:40,27.25108666666665
2025-09-24,04:10-04:20,1.4442233333332979
2025-09-24,04:30-05:00,21.783836666666502
2025-09-24,05:10-05:20,0.9656766666665817
2025-09-24,06:10-07:00,63.785236666666435
2025-09-24,07:40-08:00,15.70679333333328
2025-09-24,12:20-12:50,114.02462666666696
2025-09-24,18:20-18:30,2.8750899999998865
2025-09-24,19:40-19:50,14.871323333333294
2025-09-25,00:20-00:40,74.56735333333336
2025-09-25,03:00-03:10,1.6542499999999336
2025-09-25,04:40-04:50,10.79692666666665
2025-09-25,05:00-05:10,3.354979999999955
2025-09-25,06:30-06:40,8.681146666666564
2025-09-25,16:20-16:40,14.902150000000006
2025-09-25,18:40-19:00,45.37025333333327
2025-09-25,20:50-21:20,71.50340666666636
2025-09-25,22:30-22:50,16.634929999999827
2025-09-26,01:50-02:00,2.348519999999951
2025-09-26,04:50-05:20,4.315389999999866
2025-09-26,12:10-12:20,5.551796666666746
2025-09-26,21:40-21:50,17.02708333333328
2025-09-27,01:00-01:20,38.53080666666665
2025-09-27,03:00-03:20,26.27949000000001
2025-09-27,03:50-04:00,9.883606666666651
2025-09-27,04:20-04:40,6.263433333333296
2025-09-27,05:40-05:50,0.5853066666666678
2025-09-27,06:00-06:20,15.57760333333323
2025-09-27,06:30-07:00,76.79071333333326
2025-09-27,12:20-12:50,115.9855666666665
2025-09-27,13:20-13:30,1.5996633333334103
2025-09-27,13:50-15:20,463.90691999999996
2025-09-27,15:50-16:40,90.10996666666665
2025-09-27,21:10-21:20,0.20748666666668214
2025-09-27,23:10-23:20,1.387230000000045
2025-09-28,02:00-02:20,19.05159666666657
2025-09-28,03:20-03:30,4.582283333333294
2025-09-28,04:50-05:00,8.405439999999999
2025-09-28,06:20-06:30,0.5105866666666543
2025-09-28,09:40-09:50,7.6138426666666845
2025-09-28,10:20-10:40,57.482953333333455
2025-09-28,12:40-13:10,76.058839
2025-09-28,17:30-17:50,44.988653333333104
2025-09-28,19:20-19:30,6.068836666666584
2025-09-28,23:40-24:00,47.24712333333309
2025-09-29,00:20-00:40,54.77032666666662
2025-09-29,01:20-01:30,14.171500000000037
2025-09-29,02:10-02:30,24.32257666666669
2025-09-29,02:50-03:20,106.99666999999988
2025-09-29,03:50-04:20,59.5537466666666
2025-09-29,04:40-04:50,1.8600033333332249
2025-09-29,05:50-06:20,42.96934666666664
2025-09-29,12:50-13:00,1.7565600000000074
2025-09-29,15:50-16:10,10.607383333333246
2025-09-29,17:00-17:20,38.615103333333195
2025-09-29,18:20-19:00,100.36125666666646
2025-09-29,19:20-19:30,42.30614999999989
2025-09-29,20:20-20:50,85.45174666666662
2025-09-29,21:30-21:50,42.474726666666584
2025-09-29,22:30-22:50,19.734809999999925
2025-09-29,23:30-24:00,72.11848666666685
2025-09-30,00:00-00:10,12.676263333333281
2025-09-30,00:30-01:20,88.32680666666647
2025-09-30,02:20-02:30,7.416743333333216
2025-09-30,02:50-03:50,94.86485333333303
2025-09-30,04:30-05:10,83.98095
2025-09-30,06:40-07:10,56.86399733333303
2025-09-30,07:40-08:00,38.73847666666666
2025-09-30,09:00-09:20,44.85991666666669
2025-09-30,10:00-10:20,30.52884606999995
2025-09-30,10:30-10:40,13.730320000000006
2025-09-30,13:20-13:30,7.094659999999976
2025-09-30,13:40-14:30,266.35122366666667
2025-09-30,14:50-15:20,50.28631666666661
2025-09-30,15:30-16:00,19.548970000000054
2025-09-30,16:40-16:50,7.126926666666577
2025-09-30,17:40-17:50,4.205186666666577
2025-09-30,18:20-18:30,7.417523333333179
2025-09-30,18:50-19:00,3.7164599999999837
2025-09-30,20:00-20:20,69.85189666666673
2025-09-30,20:30-20:50,62.61509000000001
2025-09-30,21:00-21:20,20.62820666666653
2025-09-30,23:00-23:50,59.3144966666664
2025-10-01,01:40-02:00,21.493216666666626
2025-10-01,02:50-03:00,1.776996666666605
2025-10-01,03:20-03:30,5.785239999999931
2025-10-01,03:50-04:40,81.20404999999982
2025-10-01,05:00-05:20,12.093906666666726
2025-10-02,00:00-00:10,0.8318133333334572
2025-10-02,01:20-01:50,61.69584999999984
2025-10-02,02:00-02:30,75.76579666666657
2025-10-02,03:30-04:00,25.898886666666613
2025-10-02,04:20-04:40,18.192766666666557
2025-10-02,05:40-06:00,27.780683333333286
2025-10-03,00:40-00:50,3.0886333333332914
2025-10-03,01:10-01:40,45.60404
2025-10-03,02:30-02:40,5.282026666666582
2025-10-03,03:10-04:00,21.047706666666727
2025-10-03,04:20-04:30,9.902939999999944
2025-10-03,05:40-05:50,6.581693333333305
2025-10-04,01:30-01:50,6.200949999999921
2025-10-04,02:30-02:50,4.349733333333347
2025-10-04,04:10-05:20,78.34117666666651
2025-10-04,05:50-06:20,74.01090999999991
2025-10-04,07:10-07:30,27.45929666666663
2025-10-05,00:10-00:30,16.085476666666523
2025-10-05,00:40-01:30,106.26674333333324
2025-10-05,02:30-03:00,74.27552333333324
2025-10-05,03:20-03:30,12.089433333333318
2025-10-05,04:40-05:10,44.71834333333322
2025-10-06,00:20-00:30,4.19112999999993
2025-10-06,02:00-02:40,40.988483333332965
2025-10-06,03:50-04:00,8.293203333333281
2025-10-06,05:00-05:20,23.57758666666666
2025-10-06,06:20-06:30,6.757113333333223
2025-10-06,11:50-12:20,153.19970666666694
2025-10-06,12:30-13:00,75.59680666666657
2025-10-07,01:10-01:40,65.37595666666653
2025-10-07,02:40-03:00,22.74519666666663
2025-10-07,05:00-05:20,10.763809999999921
2025-10-07,08:10-09:10,78.97488666666649
2025-10-07,11:30-11:40,9.054043333333425
2025-10-07,12:40-13:00,13.125966666666613
2025-10-08,02:30-03:00,24.455183333333252
2025-10-08,03:10-03:30,7.5868333333332885
2025-10-08,03:50-04:00,11.925289999999904
2025-10-08,04:40-05:00,10.989799999999832
2025-10-08,06:30-08:10,167.1174453333329
2025-10-08,11:30-13:10,465.7871333333339
2025-10-08,22:20-22:30,18.565096666666705
2025-10-09,00:20-00:30,6.058666666666568
2025-10-09,01:10-01:20,0.581066666666743
2025-10-09,02:00-02:20,23.735683333333327
2025-10-09,03:30-03:50,13.779480000000035
2025-10-09,04:40-05:00,10.81678666666653
2025-10-09,05:30-05:40,26.450746666666873
2025-10-09,06:10-06:20,0.4211833333333743
2025-10-09,07:30-08:00,49.21641333333315
2025-10-09,10:30-10:50,2.7941166666667527
2025-10-09,11:00-11:10,3.3394733333333306
2025-10-09,17:50-18:00,3.3497099999998454
2025-10-10,00:00-00:20,63.42511666666661
2025-10-10,00:40-01:20,56.414153333333275
2025-10-10,01:30-01:40,2.5036433333332866
2025-10-10,02:00-02:20,4.474659999999972
2025-10-10,03:10-03:20,8.014063333333354
2025-10-10,03:30-03:50,35.10460333333339
2025-10-10,04:40-04:50,0.3978133333333176
2025-10-10,05:00-05:20,19.57777333333331
2025-10-10,06:20-06:30,0.29246999999998025
2025-10-10,07:00-07:20,67.72102000000001
2025-10-10,15:50-16:00,22.718589666666613
2025-10-10,16:30-16:50,11.394276666666656
2025-10-10,17:10-17:40,15.360640000000046
2025-10-10,22:10-22:30,1.9319733333331897
2025-10-10,23:50-24:00,44.69996000000003
2025-10-11,01:20-01:40,18.040799999999933
2025-10-11,02:10-02:20,10.619989999999973
2025-10-11,02:30-02:50,3.929656666666631
2025-10-11,03:30-03:50,19.88264333333325
2025-10-11,05:10-05:20,3.5212066666666146
2025-10-11,06:50-07:10,15.960093333333305
2025-10-11,12:20-12:40,19.18022000000019
2025-10-11,13:30-13:40,6.755536666666785
2025-10-11,14:50-15:00,20.032903333333365
2025-10-11,22:20-22:30,16.804396666666662
2025-10-11,23:30-24:00,31.387313333333168
2025-10-12,01:40-02:00,53.42848666666646
2025-10-12,02:30-02:50,24.905576666666548
2025-10-12,03:30-03:50,4.558330000000069
2025-10-12,05:00-05:20,27.831693333333305
2025-10-12,06:00-06:20,29.278145466666537
2025-10-12,11:00-11:20,35.173773333333344
2025-10-12,12:30-13:30,306.1911133333332
2025-10-12,13:40-14:30,118.86856733333329
2025-10-12,22:40-22:50,6.604363333333367
2025-10-12,23:30-23:50,1.0446533333332582
2025-10-13,01:20-01:30,9.438766666666652
2025-10-13,01:50-02:10,33.54609999999991
2025-10-13,04:20-05:10,83.14329666666652
2025-10-13,12:30-12:50,12.504930000000058
2025-10-13,14:30-14:50,34.2528116666666
2025-10-13,16:40-16:50,13.355350000000044
2025-10-13,19:20-19:30,3.440969999999993
2025-10-14,00:50-01:10,1.843789999999899
2025-10-14,01:20-01:40,19.74511333333328
2025-10-14,02:00-02:20,55.928506666666635
2025-10-14,03:10-03:30,26.443776666666622
2025-10-14,04:40-04:50,5.443053333333296
2025-10-14,05:20-05:40,22.826726666666673
2025-10-14,06:10-06:30,4.6656233333334285
2025-10-14,07:10-07:40,41.660433333333344
2025-10-14,07:50-08:00,15.659653333333267
2025-10-14,08:20-08:40,16.136680000000013
2025-10-14,09:30-09:40,4.612277999999932
2025-10-14,10:20-10:40,25.98387333333318
2025-10-14,12:50-14:10,293.94771333333335
2025-10-14,15:30-16:00,44.94722999999982
2025-10-14,16:40-16:50,5.832996666666531
2025-10-14,22:10-22:20,18.864366666666683
2025-10-14,23:30-23:40,0.18989666666675475
2025-10-15,00:00-00:10,6.371746666666695
2025-10-15,00:30-00:50,46.598899999999844
2025-10-15,01:10-01:20,7.67879999999991
2025-10-15,01:40-02:00,34.794326666666734
2025-10-15,02:20-02:40,9.170103333333259
2025-10-15,03:00-03:10,4.239523333333295
2025-10-15,04:00-04:20,41.097170000000006
2025-10-15,04:30-04:50,20.75055000000009
2025-10-15,06:30-06:40,2.176509999999894
2025-10-15,10:10-10:20,5.68567666666668
2025-10-15,10:40-11:10,51.96556000000007
2025-10-15,12:20-15:00,1327.3318073333332
2025-10-15,17:40-17:50,2.980519999999956
2025-10-15,19:20-19:30,3.9686799999999494
2025-10-15,21:00-21:10,1.877016666666691
2025-10-15,22:10-22:20,7.359109999999873
2025-10-16,00:10-00:30,15.610126666666588
2025-10-16,00:50-01:20,37.57631666666646
2025-10-16,01:40-02:00,14.456333333333305
2025-10-16,02:20-02:40,43.72082666666665
2025-10-16,04:20-04:30,3.6258466666665754
2025-10-16,05:00-05:20,53.35257333333311
2025-10-16,05:40-05:50,2.4127366666665466
2025-10-16,08:10-09:00,49.53898333333319
2025-10-16,12:30-13:20,229.54961333333355
2025-10-16,13:30-17:00,1578.9814866666666
2025-10-16,17:20-17:30,0.2851999999998043
2025-10-16,19:20-19:30,1.1805199999998877
2025-10-16,19:50-20:00,3.080440000000067
2025-10-16,23:50-24:00,34.63241999999997
2025-10-17,00:00-00:10,17.135830000000055
2025-10-17,00:40-00:50,4.103209999999933
2025-10-17,01:00-01:20,5.814793333333284
2025-10-17,01:30-01:40,9.284616666666636
2025-10-17,02:10-02:30,32.27650999999986
2025-10-17,03:10-03:30,30.66772999999995
2025-10-17,06:30-06:40,7.876086666666652
2025-10-17,12:50-13:00,18.086176666666688
2025-10-17,13:50-14:20,161.28463333333343
2025-10-17,16:40-16:50,3.246376666666663
2025-10-17,18:40-18:50,0.7468333333332566
2025-10-17,19:10-19:20,11.060479999999927
2025-10-17,22:50-23:50,89.35741733333322
2025-10-18,00:20-01:00,75.3677599999998
2025-10-18,01:50-02:00,8.309540000000027
2025-10-18,02:40-03:00,45.30760333333336
2025-10-18,03:20-03:30,15.519569999999987
2025-10-18,04:40-05:00,22.490823333333253
2025-10-18,05:20-05:30,13.758793333333301
2025-10-18,14:10-14:50,80.41042000000022
2025-10-18,15:40-15:50,5.139023200000005
2025-10-18,16:20-16:50,31.7866966666665
2025-10-18,21:30-22:00,16.113973333333604
2025-10-18,22:10-22:40,29.915559999999857
2025-10-18,23:20-23:30,13.996329999999944
2025-10-19,00:20-00:40,17.32374666666658
2025-10-19,01:00-01:30,60.428426666666496
2025-10-19,02:30-02:40,6.58298666666667
2025-10-19,03:00-03:10,6.092753333333349
2025-10-19,03:40-04:00,17.998143333333132
2025-10-19,04:20-04:30,14.241679999999974
2025-10-19,04:50-05:10,8.295563333333348
2025-10-19,05:40-05:50,7.3829600000000255
2025-10-19,06:20-06:40,17.969173333333174
2025-10-19,07:30-07:40,6.4103966666666565
2025-10-19,08:00-08:10,5.5099199999999655
2025-10-19,13:00-13:20,33.90771999999987
2025-10-19,13:40-13:50,9.239188999999925
2025-10-19,14:00-16:50,825.758664333333
2025-10-19,18:00-18:20,16.506939999999986
2025-10-19,18:30-18:40,0.5492766666666284
2025-10-19,19:00-19:20,24.679893333333098
2025-10-19,19:50-20:00,7.619496666666578
2025-10-19,21:20-21:30,26.26521333333335
2025-10-19,23:10-23:30,16.046710000000076
2025-10-19,23:50-24:00,14.00324999999998
2025-10-20,01:00-01:20,36.30676666666659
2025-10-20,02:20-02:40,19.020229999999856
2025-10-20,03:20-03:30,7.059936666666545
2025-10-20,05:30-05:50,26.71777666666651
2025-10-20,07:50-08:00,21.125033333333363
2025-10-20,08:20-10:50,722.8354883333332
2025-10-20,11:50-12:00,1.9920833333333121
2025-10-20,13:20-13:40,48.802448999999946
2025-10-20,19:00-19:10,14.360293333333175
2025-10-20,20:10-20:20,3.5236633333332747
2025-10-20,21:10-21:30,8.363723333333269
2025-10-20,21:50-22:10,38.8428266666665
2025-10-20,22:20-22:40,7.901193333333367
2025-10-20,23:40-24:00,41.27553666666665
2025-10-21,01:30-01:50,11.929496666666637
2025-10-21,02:50-03:00,2.7590766666666013
2025-10-21,03:30-03:50,14.31696666666653
2025-10-21,05:10-06:00,136.49766
2025-10-21,06:20-06:30,26.63490999999999
2025-10-21,06:50-07:00,7.383786666666651
2025-10-21,07:20-07:30,12.021759999999972
2025-10-21,09:30-12:40,588.0824486000005
2025-10-21,13:10-13:20,15.085459999999998
2025-10-21,13:40-13:50,12.113219333333356
2025-10-21,14:10-14:30,52.12561666666669
2025-10-21,17:20-17:30,2.376116666666576
2025-10-21,17:50-18:00,6.990496666666559
2025-10-21,22:00-22:10,3.9619133333335412
2025-10-21,22:30-22:50,25.24557666666692
2025-10-21,23:00-23:30,61.78879666666626
2025-10-21,23:50-24:00,23.024373333333187
2025-10-22,00:00-00:10,6.563696666666601
2025-10-22,00:40-01:00,6.910909999999944
2025-10-22,01:10-01:50,73.27448333333302
2025-10-22,02:10-02:20,2.064739999999915
2025-10-22,03:30-03:40,0.47174666666660414
2025-10-22,05:30-05:50,8.964159999999879
2025-10-22,07:10-07:30,51.127883333333216
2025-10-22,08:00-08:20,18.811899999999923
2025-10-22,08:30-10:30,762.2388639999999
2025-10-22,11:40-12:00,15.730500000000006
2025-10-22,15:40-15:50,4.256076666666672
2025-10-22,16:30-16:50,17.21981666666659
2025-10-22,17:50-18:50,200.03056700000002
2025-10-22,19:10-19:40,92.28529999999989
2025-10-22,20:30-21:00,100.26806999999985
2025-10-22,21:20-22:00,67.42092333333335
2025-10-22,22:50-23:30,77.40794333333338
2025-10-22,23:50-24:00,5.872539999999958
2025-10-23,00:00-00:20,6.585860000000139
2025-10-23,01:30-02:10,36.3225033333332
2025-10-23,02:30-02:50,12.260349999999903
2025-10-23,03:20-03:40,20.131243333333146
2025-10-23,04:10-04:20,11.639686666666648
2025-10-23,05:20-05:40,14.361190000000079
2025-10-23,12:00-12:20,43.72324000000003
2025-10-23,16:50-17:20,37.76917999999989
2025-10-23,17:30-18:10,54.78411799999992
2025-10-23,19:00-19:20,38.95454333333339
2025-10-23,19:30-20:30,142.737663333333
2025-10-23,21:00-21:10,1.010916666666617
2025-10-23,21:40-21:50,0.023519999999962238
2025-10-23,22:00-22:20,77.2591100000003
2025-10-23,23:00-23:10,10.325166666666632
2025-10-23,23:50-24:00,23.80658333333332
2025-10-24,01:00-01:10,1.6859966666666537
2025-10-24,02:20-02:40,4.540906666666558
2025-10-24,03:00-03:10,18.81346666666667
2025-10-24,03:30-03:50,9.205913333333285
2025-10-24,04:50-05:00,1.5833699999999453
2025-10-24,05:30-06:00,89.37052999999992
2025-10-24,07:30-08:00,36.03401566666669
2025-10-24,15:30-15:50,24.661975666666624
2025-10-24,16:10-17:30,154.19486333333325
2025-10-24,17:40-18:40,120.6837166666665
2025-10-24,18:50-19:20,46.29894666666661
2025-10-24,19:30-19:50,69.64749666666665
2025-10-24,20:00-20:30,89.52116999999981
2025-10-24,20:50-21:30,145.90102999999982
2025-10-24,21:50-22:30,47.320493333333616
2025-10-24,22:50-23:10,81.08327666666656
2025-10-25,00:20-00:30,12.320793333333256
2025-10-25,01:20-02:00,100.57781999999992
2025-10-25,03:30-03:40,6.200526666666633
2025-10-25,05:30-05:50,48.19427999999999
2025-10-25,16:10-16:20,0.16280000000000427
2025-10-25,17:00-17:20,63.09264666666655
2025-10-25,17:40-18:00,25.730236666666656
2025-10-25,18:10-18:30,3.470649999999921
2025-10-25,18:50-19:30,58.50537000000003
2025-10-25,20:00-21:20,196.96305999999964
2025-10-25,21:30-22:30,104.65852233333317
2025-10-25,22:50-23:20,70.64363000000003
2025-10-26,00:00-00:20,27.261276666666618
2025-10-26,00:40-00:50,6.410359999999969
2025-10-26,01:20-01:50,48.268749999999955
2025-10-26,02:20-02:30,5.831349999999929
2025-10-26,03:20-03:30,1.8267100000000482
2025-10-26,05:20-05:40,32.0608166666666
2025-10-26,12:10-12:30,50.271483333333435
2025-10-26,16:20-16:30,1.2347200000000385
2025-10-26,16:50-18:00,114.0942666666665
2025-10-26,18:20-18:40,35.53659666666658
2025-10-26,20:00-20:20,35.69783333333339
2025-10-26,20:40-21:00,14.657963333333328
2025-10-26,22:30-22:50,28.12007666666659
2025-10-26,23:30-23:50,9.009406666666564
2025-10-27,00:10-00:30,19.734343333333413
2025-10-27,01:20-01:30,0.26331666666658293
2025-10-27,01:40-02:00,24.784903333333318
2025-10-27,03:10-03:20,2.4665033333333213
2025-10-27,03:40-03:50,10.96968000000004
2025-10-27,04:10-04:20,4.25509999999997
2025-10-27,05:50-06:10,12.937649166666612
2025-10-27,14:50-17:20,586.578503333333
2025-10-27,17:30-17:40,5.954083333333074
2025-10-27,18:00-18:20,2.929249999999797
2025-10-27,18:40-19:10,40.235461333333376
2025-10-27,19:30-20:10,68.72370333333345
2025-10-27,21:00-21:30,42.44630333333316
2025-10-27,22:00-22:50,91.78403666666668
2025-10-27,23:00-23:20,60.5021999999999
2025-10-28,00:00-00:30,31.379323333333446
2025-10-28,01:10-01:50,27.181639999999902
2025-10-28,02:40-03:00,10.05091666666658
2025-10-28,03:30-03:50,5.96216000000004
2025-10-28,04:20-04:30,3.454206666666664
2025-10-28,05:50-06:00,5.576786666666635
2025-10-28,07:50-08:10,65.91735333333315
2025-10-28,12:40-13:20,165.01193299999994
2025-10-28,14:50-15:00,9.417753333333394
2025-10-28,15:20-15:40,21.34669999999994
2025-10-28,16:00-16:20,37.267359999999826
2025-10-28,16:40-17:10,20.75770666666665
2025-10-28,18:00-18:10,4.8123749999999745
2025-10-28,18:40-18:50,21.539926666666815
2025-10-28,19:10-19:30,22.704919999999902
2025-10-28,19:50-20:00,4.3921166666665385
2025-10-28,20:20-20:50,47.3666199999999
2025-10-28,21:20-21:40,5.517003333333264
2025-10-28,22:10-23:00,90.74887666666666
2025-10-28,23:50-24:00,14.166330000000016
2025-10-29,01:20-01:30,2.2497699999998986
2025-10-29,02:30-02:40,12.995316666666554
2025-10-29,04:10-04:40,69.42276333333336
2025-10-29,05:10-05:40,39.177876666666634
2025-10-29,09:10-12:10,1191.9473326666666
2025-10-29,13:20-13:50,91.74919029999995
2025-10-29,14:20-15:20,81.34817333333362
2025-10-29,15:50-16:00,10.526136666666616
2025-10-29,16:30-16:50,44.61424666666653
2025-10-29,17:10-21:30,685.1608166666655
2025-10-29,21:50-22:50,117.72739333333323
2025-10-29,23:00-23:10,4.124386666666624
2025-10-29,23:30-24:00,11.927353333333258
2025-10-30,00:00-00:10,5.313813333333428
2025-10-30,00:40-01:00,23.361073333333252
2025-10-30,03:00-03:30,39.99393999999984
2025-10-30,03:50-04:10,39.530773333333286
2025-10-30,06:00-06:10,3.0736027366665635
2025-10-30,06:30-06:40,0.21450866666659607
2025-10-30,08:10-08:20,7.0879966666666405
2025-10-30,15:40-17:10,109.83382999999935
2025-10-30,17:20-18:00,60.092399999999884
2025-10-30,18:20-18:50,103.31164999999987
2025-10-30,19:00-20:20,113.4284133333332
2025-10-30,20:40-21:00,78.36106999999993
2025-10-30,21:10-22:10,126.19251333333273
2025-10-30,22:30-24:00,126.79024733333318
2025-10-31,00:10-00:30,23.101393333333306
2025-10-31,00:50-01:00,5.303273333333323
2025-10-31,01:30-01:40,0.7179866666666044
2025-10-31,03:00-03:10,5.0760133333333215
2025-10-31,03:50-04:00,2.0679533333332643
2025-10-31,04:30-04:40,6.890243333333331
2025-10-31,05:10-05:40,51.82428666666664
2025-10-31,11:10-12:50,530.826066666667
2025-10-31,13:30-13:40,11.467266666666774
2025-10-31,14:30-14:40,42.23268666666664
2025-10-31,15:20-15:50,45.545849133333284
2025-10-31,16:10-17:00,115.61621666666662
2025-10-31,17:20-17:30,16.005793333333315
2025-10-31,17:50-19:00,178.3242899999998
2025-10-31,19:20-20:20,155.5381799999999
2025-10-31,20:40-22:20,217.99508999999986
2025-10-31,22:30-22:40,5.1631133333332855
2025-10-31,23:40-23:50,5.764779999999973
2025-11-01,01:40-02:10,34.82834999999994
2025-11-01,02:30-03:40,140.83363999999983
2025-11-01,05:10-05:20,3.5193433333333246
2025-11-01,13:00-13:10,3.2260633333334
2025-11-01,16:00-16:20,28.474289999999968
2025-11-01,16:40-17:30,97.36898666666661
2025-11-01,18:00-18:30,22.515793333333193
2025-11-01,18:40-18:50,3.224976666666578
2025-11-01,19:30-19:40,17.104703333333305
2025-11-01,20:00-20:20,11.894359999999892
2025-11-01,20:30-21:00,98.38987999999978
2025-11-01,21:20-22:20,138.57113666666675
2025-11-01,22:40-23:30,44.9035733333335
2025-11-02,00:00-00:10,4.060996666666597
2025-11-02,00:40-00:50,9.993150000000014
2025-11-02,01:30-01:40,0.15801999999996497
2025-11-02,02:00-02:20,21.10358333333329
2025-11-02,02:50-03:10,22.397146666666572
2025-11-02,04:50-05:10,31.532653333333315
2025-11-02,07:10-07:30,13.56614999999988
2025-11-02,09:30-09:50,56.91228666666666
2025-11-02,13:20-13:50,137.00302363333327
2025-11-02,16:50-17:10,27.115013333333195
2025-11-02,18:10-20:00,283.3225666666667
2025-11-02,20:10-21:00,129.33057999999994
2025-11-02,21:30-22:20,89.54276000000004
2025-11-02,22:50-23:10,15.477983333333441
2025-11-03,00:10-00:30,21.99695666666662
2025-11-03,00:50-01:00,10.288883333333274
2025-11-03,01:20-01:50,21.034533333333343
2025-11-03,02:20-02:30,15.832113333333268
2025-11-03,02:50-03:20,8.333523333333005
2025-11-03,03:50-04:10,20.800296666666668
2025-11-03,05:00-05:20,54.61257666666654
2025-11-03,10:30-12:50,344.406328666667
2025-11-03,15:20-15:30,0.14283000000000357
2025-11-03,16:50-17:20,27.297696666666297
2025-11-03,17:40-18:30,120.58292666666637
2025-11-03,19:00-19:10,8.210759999999937
2025-11-03,20:30-21:00,27.852686666666614
2025-11-03,21:10-21:20,4.374133333333361
2025-11-03,21:50-23:00,51.69338333333292
2025-11-03,23:30-24:00,68.30242999999962
2025-11-04,00:00-00:20,30.947543333333215
2025-11-04,00:30-00:50,41.52175
2025-11-04,03:20-04:00,56.066243333333205
2025-11-04,05:50-06:10,41.891466666666474
2025-11-04,17:00-20:30,478.90695666666636
2025-11-04,20:50-21:20,66.92219333333321
2025-11-04,22:00-22:20,46.855346666666605
2025-11-04,23:30-23:50,15.140559999999823
2025-11-05,00:10-00:40,61.630316666666545
2025-11-05,01:10-01:30,43.97266999999988
2025-11-05,04:50-05:10,25.893659999999954
2025-11-05,06:30-06:50,37.35479333333342
2025-11-05,11:40-11:50,6.14836333333335
2025-11-05,15:40-16:00,23.203423333333262
2025-11-05,16:30-17:00,73.05854666666653
2025-11-05,17:10-17:30,21.26219999999978
2025-11-05,17:50-18:10,49.48505499999999
2025-11-05,18:30-18:50,43.04682666666679
2025-11-05,19:10-19:20,9.211293333333288
2025-11-05,20:20-20:30,3.662810000000036
2025-11-05,20:50-21:00,21.758193333333224
2025-11-05,21:40-23:00,170.89899666666645
2025-11-05,23:20-23:30,3.3179966666666587
2025-11-06,00:10-00:40,18.893573333333507
2025-11-06,01:30-01:50,33.71127666666655
2025-11-06,02:40-03:00,12.619883333333291
2025-11-06,03:40-03:50,3.69399333333331
2025-11-06,05:20-05:50,50.870726666666314
2025-11-06,06:40-06:50,0.3557499999999436
2025-11-06,07:30-09:10,345.58110999999974
2025-11-06,09:30-10:40,226.2478189999999
2025-11-06,10:50-11:10,75.30179999999984
2025-11-06,11:50-12:10,10.323553333333393
2025-11-06,13:00-13:10,16.716342333333415
2025-11-06,16:50-17:00,4.337806666666552
2025-11-06,17:30-17:50,23.119369999999662
2025-11-06,18:00-19:00,66.68506433333312
2025-11-06,20:10-21:50,199.25938666666661
2025-11-06,22:10-22:30,41.99604666666664
2025-11-06,22:50-23:40,105.53900666666675
2025-11-07,00:30-00:40,2.4933666666665886
2025-11-07,01:10-02:10,43.1908466666664
2025-11-07,02:20-02:40,19.008623333333276
2025-11-07,03:40-03:50,1.3313133333332985
2025-11-07,06:10-06:30,8.400096666666684
2025-11-07,06:50-07:10,1.0782066666666879
2025-11-07,07:30-08:30,168.70644966666646
2025-11-07,08:50-09:00,20.13499999999999
2025-11-07,10:50-11:00,0.5211233333333212
2025-11-07,17:00-18:20,105.31276333333318
2025-11-07,18:50-19:00,4.26637999999997
2025-11-07,19:30-20:00,59.18652666666662
2025-11-07,20:10-20:40,66.59276999999992
2025-11-07,22:30-23:10,29.820516666666947
2025-11-07,23:50-24:00,10.27503999999999
2025-11-08,00:00-00:20,74.87385000000012
2025-11-08,01:00-01:20,36.656453333333275
2025-11-08,02:10-02:20,8.726473333333331
2025-11-08,03:00-03:10,12.496746666666638
2025-11-08,04:20-04:30,4.624293333333355
2025-11-08,06:00-06:10,2.7406500000000165
2025-11-08,13:00-13:10,8.722440000000006
2025-11-08,16:20-16:30,13.035686666666663
2025-11-08,16:50-17:00,0.20316333333335024
2025-11-08,18:40-19:50,99.7098066666664
2025-11-08,20:30-20:50,39.33320666666657
2025-11-08,21:20-21:40,36.135468
2025-11-08,22:00-22:20,38.860580000000084
2025-11-09,00:20-00:40,19.686429999999973
2025-11-09,01:20-01:30,32.77721333333329
2025-11-09,02:00-02:20,9.222876666666593
2025-11-09,03:10-03:30,15.572483333333253
2025-11-09,04:00-04:20,5.473119999999881
2025-11-09,05:10-05:20,2.7702333333332945
2025-11-09,06:50-07:00,2.466253333333384
2025-11-09,14:00-15:40,446.5905626666667
2025-11-09,16:50-17:00,3.5011200000000144
2025-11-09,17:50-18:10,8.3518499999999
2025-11-09,18:30-18:50,30.273865666666488
2025-11-09,19:30-20:20,28.098996666666835
2025-11-09,20:40-21:10,55.212293333333264
2025-11-09,22:10-22:40,21.47828000000004
2025-11-09,23:50-24:00,2.816503333333344
2025-11-10,00:20-00:40,42.723243333333244
2025-11-10,01:10-01:30,41.456373333333204
2025-11-10,03:50-04:20,59.94302333333337
2025-11-10,07:30-07:50,18.85218000000009
2025-11-10,08:00-08:50,67.80191999999988
2025-11-10,11:50-12:50,189.21907333333365
2025-11-10,13:40-13:50,7.808716333333262
2025-11-10,14:10-14:40,61.451199999999716
2025-11-10,15:10-16:40,219.21842333333296
2025-11-10,17:00-17:10,13.28353333333314
2025-11-10,17:30-17:50,21.488593333333256
2025-11-10,18:00-18:20,83.4120733333333
2025-11-10,18:30-19:00,42.283318666666716
2025-11-10,19:10-19:30,13.561006666666572
2025-11-10,19:50-20:20,34.640129999999886
2025-11-10,20:50-21:00,37.99468333333334
2025-11-10,21:20-22:00,93.84453666666639
2025-11-10,23:20-23:40,13.653310000000147
2025-11-11,00:00-00:20,19.707110000000284
2025-11-11,00:50-01:00,1.8074866666667049
2025-11-11,01:40-02:00,12.739226666666582
2025-11-11,03:30-03:40,0.24148999999999887
2025-11-11,06:50-07:00,5.434976666666671
2025-11-11,15:20-16:00,17.697823333333076
2025-11-11,16:20-16:40,15.085949999999684
2025-11-11,17:10-17:30,24.422066666666524
2025-11-11,17:50-18:10,21.125826666666512
2025-11-11,18:20-18:40,9.024526666666588
2025-11-11,19:10-19:20,14.921946666666713
2025-11-11,19:30-20:00,35.275366666666514
2025-11-11,21:20-21:40,29.686373333333336
2025-11-11,22:00-22:30,36.359529999999836
2025-11-11,23:00-23:30,42.148879999999735
2025-11-11,23:50-24:00,10.554663333333338
2025-11-12,00:20-00:30,3.4013700000000426
2025-11-12,05:20-05:30,1.9333366666666052
2025-11-12,06:10-06:30,23.1568433333332
2025-11-12,06:50-07:00,9.870689999999968
2025-11-12,13:30-14:00,82.71565378333312
2025-11-12,16:40-17:00,33.249263333333374
2025-11-12,17:20-17:30,2.7513333333333776
2025-11-12,18:20-18:40,11.186176666666597
2025-11-12,19:10-19:20,10.67741333333322
2025-11-12,19:40-20:40,93.20708999999988
2025-11-12,21:40-21:50,11.387686666666696
2025-11-12,22:30-22:50,37.80319333333341
2025-11-13,00:20-00:30,5.9459599999999
2025-11-13,00:50-01:10,12.499686666666662
2025-11-13,01:50-02:10,13.113053333333255
2025-11-13,02:50-03:00,7.612606666666579
2025-11-13,03:50-04:10,19.682266666666578
2025-11-13,05:00-05:10,1.630989999999997
2025-11-13,06:50-07:00,22.18610999999987
2025-11-13,12:10-12:50,224.83775666666668
2025-11-13,13:20-14:20,82.88950766666659
2025-11-13,14:30-15:20,50.76783323333342
2025-11-13,16:30-17:40,68.40725333333262
2025-11-13,18:40-20:40,124.54186666666638
2025-11-13,21:10-21:20,3.7858333333333576
2025-11-13,22:00-22:20,25.43459999999982
2025-11-13,22:30-22:50,5.45602666666673
2025-11-13,23:00-23:20,14.372713333333309
2025-11-14,00:10-00:30,37.14056999999997
2025-11-14,01:50-02:10,31.773343333333287
2025-11-14,03:00-03:10,1.1918066666666505
2025-11-14,04:20-04:30,15.418439999999975
2025-11-14,10:50-11:10,32.299763333333374
2025-11-14,12:10-12:40,20.123056666666912
2025-11-14,13:50-14:00,6.171030000000087
2025-11-14,15:30-15:50,38.20914000000003
2025-11-14,16:10-16:30,42.26556333333332
2025-11-14,18:40-19:00,20.934543333333238
2025-11-14,19:50-20:10,14.11193666666668
2025-11-14,21:10-21:20,11.120683333333375
2025-11-14,23:40-23:50,1.676396666666676
2025-11-15,03:10-03:30,6.347686666666618
2025-11-15,03:50-04:20,59.61673999999988
2025-11-15,07:00-07:20,24.936239999999998
2025-11-15,10:00-10:10,36.866409999999945
2025-11-15,13:10-13:40,87.7479233333334
2025-11-15,15:50-16:00,8.138733333333363
2025-11-15,18:00-18:20,9.932776666666598
2025-11-15,19:10-19:20,2.505483333333302
2025-11-15,19:40-20:40,78.86615999999998
2025-11-15,22:50-23:10,27.955016666667007
2025-11-16,00:00-00:20,15.310909999999694
2025-11-16,00:40-01:00,24.335429999999974
2025-11-16,01:50-02:00,18.47087666666664
2025-11-16,03:20-03:30,5.268619999999942
2025-11-16,04:00-04:10,6.565573333333191
2025-11-16,05:10-05:30,23.85498999999993
2025-11-16,05:50-06:00,6.8264933333332465
2025-11-16,06:30-06:50,10.252026666666552
2025-11-16,08:20-08:30,13.255303333333245
2025-11-16,09:50-11:30,308.2021416666668
2025-11-16,16:30-17:00,70.32387666666648
2025-11-16,17:40-18:00,59.09149666666667
2025-11-16,19:30-19:50,15.699640000000045
2025-11-16,20:20-20:50,49.34389333333331
2025-11-16,21:20-21:30,13.401169999999865
2025-11-16,22:20-22:30,5.184030000000121
2025-11-16,23:10-23:20,1.7473966666664182
2025-11-16,23:50-24:00,25.732543333333297
2025-11-17,00:50-01:10,78.52276999999992
2025-11-17,01:50-02:00,23.2040966666666
2025-11-17,02:50-03:00,9.651139999999941
2025-11-17,05:00-05:20,43.442943333333346
2025-11-17,08:00-08:10,12.502439999999865
2025-11-17,09:20-09:30,9.241396666666617
2025-11-17,16:30-17:00,30.954343333333213
2025-11-17,19:10-19:30,11.54480999999987
2025-11-17,20:30-20:40,12.73098333333337
2025-11-17,21:40-22:20,19.22619999999995
2025-11-17,23:00-23:20,8.75781666666694
2025-11-18,00:10-00:20,17.845379999999977
2025-11-18,00:50-01:30,25.812669999999798
2025-11-18,03:10-03:30,10.200759999999946
2025-11-18,04:00-04:20,28.446133333333137
2025-11-18,11:30-12:40,221.71785000000057
2025-11-18,12:50-13:00,5.369238333333387
2025-11-18,14:00-14:10,25.217209999999938
2025-11-18,14:30-14:50,9.688383333333434
2025-11-18,15:10-15:20,13.824543333333395
2025-11-18,16:10-16:20,9.176449999999932
2025-11-18,16:40-17:10,7.812556666666637
2025-11-18,18:50-19:20,10.67103666666651
2025-11-18,20:40-21:00,41.314689999999814
2025-11-18,21:50-22:00,12.791496666666717
2025-11-18,22:20-22:30,34.30029666666678
2025-11-18,22:40-23:00,37.19509333333349
2025-11-18,23:30-23:40,8.311279999999897
2025-11-19,00:10-00:20,2.6155633333332844
2025-11-19,00:40-01:00,26.541543333333152
2025-11-19,01:40-02:00,13.125989999999888
2025-11-19,03:00-03:30,60.71000333333325
2025-11-19,03:50-04:00,14.888859999999909
2025-11-19,05:40-06:00,32.80042000000003
2025-11-19,09:10-09:30,40.41125333333326
2025-11-19,16:20-16:30,15.641746666666677
2025-11-19,19:00-19:10,14.713339999999903
2025-11-19,19:40-19:50,5.740726666666546
2025-11-19,20:00-20:30,21.264209999999935
2025-11-19,20:40-21:10,77.96558666666647
2025-11-19,22:20-23:10,53.231506666666746
2025-11-19,23:40-24:00,22.593749999999886
2025-11-20,00:00-00:10,1.2902966666665634
2025-11-20,00:50-01:10,17.591803333333246
2025-11-20,02:40-02:50,7.3849899999999025
2025-11-20,03:30-03:50,6.791479999999979
2025-11-20,04:30-04:50,21.103823333333366
2025-11-20,13:00-13:20,17.87424366666677
2025-11-20,14:00-14:10,12.41032000000007
2025-11-20,15:20-15:30,4.25560333333317
2025-11-20,16:50-17:00,37.5967499999997
2025-11-20,17:20-17:30,5.237166666666553
2025-11-20,18:00-18:20,38.82187666666675
2025-11-20,18:50-19:20,49.05851333333328
2025-11-20,20:30-20:50,20.282173333333276
2025-11-20,21:00-21:30,42.63381333333325
2025-11-20,22:30-22:40,9.42781333333346
2025-11-20,23:20-23:50,64.76538333333315
2025-11-21,00:10-00:20,4.348539999999957
2025-11-21,01:30-01:50,22.37973999999997
2025-11-21,02:00-02:10,4.306789999999978
2025-11-21,02:40-03:00,38.45742999999993
2025-11-21,03:20-04:00,106.88888666666656
2025-11-21,04:30-04:40,4.197779999999909
2025-11-21,15:50-16:00,11.259979999999985
2025-11-21,17:40-18:00,21.114853333333286
2025-11-21,19:00-19:10,2.386450000000025
2025-11-21,21:00-21:20,9.418533333333357
2025-11-21,21:30-21:50,30.43240999999989
2025-11-21,22:30-22:50,25.349976666666635
2025-11-21,23:30-23:40,16.395046666666758
2025-11-22,00:00-00:20,29.282776666666564
2025-11-22,00:40-00:50,4.121179999999981
2025-11-22,02:20-02:30,4.574696666666625
2025-11-22,02:50-03:10,43.62865999999997
2025-11-22,03:40-04:10,40.247426666666684
2025-11-22,04:30-04:40,0.1972066666666592
2025-11-22,05:00-05:20,9.656006666666599
2025-11-22,05:50-06:10,12.914803333333282
2025-11-22,16:10-16:50,25.657913333333283
2025-11-22,18:30-18:50,27.711376666666638
2025-11-22,19:20-19:40,0.34033333333326254
2025-11-22,19:50-20:20,31.20899333333324
2025-11-22,20:50-21:00,9.839163333333317
2025-11-22,22:20-22:30,20.64066333333335
2025-11-22,22:50-23:10,15.060416666666924
2025-11-23,00:30-00:50,50.50236333333328
2025-11-23,02:50-03:00,7.90368333333322
2025-11-23,03:20-03:30,6.419759999999997
2025-11-23,04:10-04:20,3.056030000000078
2025-11-23,04:50-05:00,15.960163333333298
2025-11-23,05:30-05:40,12.412379999999985
2025-11-23,07:30-07:40,0.5246633333331374
2025-11-23,08:00-08:20,47.848233333333155
2025-11-23,09:40-10:50,86.88303000000029
2025-11-23,18:00-18:30,25.255656666666596
2025-11-23,18:50-19:10,26.726623333333237
2025-11-23,20:30-20:50,15.880449999999882
2025-11-23,21:00-21:20,57.10583333333318
2025-11-23,22:10-22:30,10.320863333333136
2025-11-24,00:00-00:20,38.30102666666676
2025-11-24,01:20-01:30,0.20918333333327155
2025-11-24,05:20-05:30,16.406670000000076
2025-11-24,05:50-06:10,8.548022999999791
2025-11-24,13:20-13:30,1.4902366666667888
2025-11-24,15:40-15:50,12.960146666666674
2025-11-24,18:50-19:00,27.078953333333175
2025-11-24,19:40-20:20,50.649733333333415
2025-11-24,20:40-21:00,21.238759999999843
2025-11-24,21:50-22:00,8.4831966666668
2025-11-24,22:40-23:20,89.08532666666702
2025-11-24,23:40-23:50,7.40643666666665
2025-11-25,02:10-02:30,22.273329999999874
2025-11-25,03:50-04:20,48.11671999999999
2025-11-25,04:40-05:00,21.308706666666467
2025-11-25,07:40-07:50,6.441563333333306
2025-11-25,08:50-09:10,7.942440000000033
2025-11-25,11:10-11:20,8.06515000000013
2025-11-25,13:20-13:30,26.554169333333434
2025-11-25,17:20-17:40,1.6374166666666952
2025-11-25,18:50-19:00,9.500623333333237
2025-11-25,19:20-19:30,6.961253333333389
2025-11-25,20:20-20:40,3.84904999999992
2025-11-25,21:20-22:00,77.95611333333318
2025-11-25,23:20-23:50,47.560373333333246
2025-11-26,00:50-01:00,11.071253333333289
2025-11-26,02:20-02:40,25.068509999999947
2025-11-26,05:50-06:20,41.18481249999989
2025-11-26,08:20-08:30,3.6285533333332296
2025-11-26,11:50-12:00,5.018440000000055
2025-11-26,13:10-13:20,8.44415366666665
2025-11-26,14:00-14:10,2.367843333333326
2025-11-26,15:50-16:10,19.095713333333265
2025-11-26,18:10-18:20,1.4965166666665937
2025-11-26,19:00-19:10,1.8312200000000303
2025-11-26,20:10-20:20,5.983463333333361
2025-11-26,23:00-23:30,52.222546666666176
2025-11-26,23:40-23:50,1.1030799999999772
2025-11-27,00:30-00:40,0.7391599999999698
2025-11-27,01:30-01:40,1.0519600000000082
2025-11-27,04:40-05:00,12.410176666666644
2025-11-27,06:20-06:30,1.4107400000000325
2025-11-27,15:10-15:40,113.23581333333311
2025-11-27,16:00-16:30,51.603216666666754
2025-11-27,18:20-18:30,1.528850000000034
2025-11-27,20:20-20:40,27.462813333333315
2025-11-28,00:10-00:40,16.27724999999981
2025-11-28,04:00-04:20,62.9009999999999
2025-11-28,04:50-05:00,26.462259999999958
2025-11-28,05:50-06:10,10.975510000000043
2025-11-28,07:40-08:00,14.559469999999976
2025-11-28,18:20-18:30,17.641503333333333
2025-11-28,18:50-19:10,38.4251666666666
2025-11-28,19:20-19:50,47.53914999999995
2025-11-28,20:00-20:10,0.943839999999966
2025-11-28,23:50-24:00,4.051706666666689
2025-11-29,01:50-02:00,17.790353333333314
2025-11-29,02:20-02:30,4.520886666666627
2025-11-29,03:30-03:50,18.07857999999993
2025-11-29,04:20-04:30,39.9187133333333
2025-11-29,06:10-06:20,9.48084666666665
2025-11-29,06:30-06:40,4.4739733333332765
2025-11-29,10:40-11:00,81.0203233333333
2025-11-29,11:20-14:20,1126.8282800000009
2025-11-29,14:30-15:40,160.84255853333326
2025-11-29,17:40-17:50,0.07204333333331192
2025-11-29,19:00-19:10,2.838039999999978
2025-11-29,19:50-20:10,32.44117666666665
2025-11-29,21:20-21:30,5.831486666666649
2025-11-29,22:40-23:00,41.39816000000019
2025-11-29,23:30-24:00,92.28629000000006
2025-11-30,00:00-00:10,1.0337800000002062
2025-11-30,01:30-01:40,3.823536666666655
2025-11-30,03:30-04:00,44.643449999999916
2025-11-30,04:20-04:30,2.747913333333372
2025-11-30,05:30-05:40,6.563013333333174
2025-11-30,06:00-06:20,11.28263969999984
2025-11-30,06:40-07:00,15.916909999999916
2025-11-30,08:00-08:20,39.38789999999983
2025-11-30,12:00-12:20,62.06571333333363
2025-11-30,12:40-13:20,80.3017236666668
2025-11-30,13:50-14:00,11.342546666666635
2025-11-30,14:20-14:30,5.757839999999987
2025-11-30,14:40-15:00,42.79612666666645
2025-11-30,15:20-15:30,2.5690799999999854
2025-11-30,16:00-16:10,2.22253000000012
2025-11-30,18:50-19:30,38.1879133333332
2025-11-30,20:20-20:30,3.580373333333341
2025-11-30,21:20-21:40,31.863876666666556
2025-11-30,22:40-22:50,8.177896666666811
2025-11-30,23:00-23:30,32.55131333333293
2025-12-01,00:00-00:20,116.52325999999994
2025-12-01,00:30-01:00,27.137643333333358
2025-12-01,01:20-10:50,3317.92878923333
2025-12-01,12:50-14:00,442.9434586666665
2025-12-01,14:50-15:40,90.70396333333338
2025-12-01,17:50-18:00,6.468336666666573
2025-12-01,18:20-18:30,1.356746666666595
2025-12-01,18:50-19:00,8.759496666666564
2025-12-01,20:00-20:30,35.1264933333332
2025-12-01,21:10-21:20,0.46419333333324175
2025-12-01,21:30-21:40,4.458463333333384
2025-12-01,22:00-22:10,2.575363333333371
2025-12-01,22:40-23:10,27.024196666666512
2025-12-01,23:40-24:00,80.23973333333333
2025-12-02,00:00-00:10,17.80702999999994
2025-12-02,00:20-11:40,4234.077373333332
2025-12-02,12:10-12:40,62.519616666666934
2025-12-02,13:00-13:20,32.5706099999999
2025-12-02,13:30-13:50,19.851836666666827
2025-12-02,14:10-14:30,71.71221000000008
2025-12-02,14:50-15:40,74.61282866666613
2025-12-02,16:00-16:20,42.70371333333321
2025-12-02,16:50-17:30,27.101350000000025
2025-12-02,18:00-19:00,112.39583666666633
2025-12-02,19:20-19:40,14.110776666666766
2025-12-02,19:50-20:00,14.898709999999824
2025-12-02,21:10-22:00,66.47033666666653
2025-12-02,22:20-22:40,8.87157666666667
2025-12-02,23:00-23:40,45.37999333333346
2025-12-03,00:00-00:50,103.46400666666659
2025-12-03,01:00-08:30,1981.0524789999981
2025-12-03,08:50-09:50,166.75372333333308
2025-12-03,11:20-13:00,601.5763633333336
2025-12-03,13:20-13:50,131.28183333333328
2025-12-03,14:20-14:50,74.82313999999985
2025-12-03,16:10-16:40,54.795106666666584
2025-12-03,17:40-17:50,6.997083333333194
2025-12-03,18:10-18:30,18.720199999999863
2025-12-03,19:00-19:10,5.92284333333339
2025-12-03,20:20-20:30,1.3754566666667642
2025-12-03,20:50-21:00,12.65976333333333
2025-12-03,21:20-21:50,40.29464333333328
2025-12-03,22:40-22:50,2.0562466666665387
2025-12-03,23:10-24:00,98.45720666666637
2025-12-04,00:00-00:20,50.77264333333346
2025-12-04,00:40-01:10,78.9269599999999
2025-12-04,01:20-07:40,2169.3390733333317
2025-12-04,08:00-10:20,734.6886883333326
2025-12-04,15:40-16:10,39.898070000000075
2025-12-04,16:30-16:50,30.116013333333285
2025-12-04,17:00-17:20,26.024216666666348
2025-12-04,17:40-18:00,49.003999999999905
2025-12-04,19:50-20:10,32.1261966666666
2025-12-04,20:30-20:50,49.23058333333336
2025-12-04,21:50-22:10,10.306209999999965
2025-12-04,22:40-23:00,34.07135999999991
2025-12-04,23:20-23:40,45.48849333333351
2025-12-05,00:10-00:30,39.15288333333325
2025-12-05,00:50-01:20,55.2849333333333
2025-12-05,01:40-02:00,56.78309666666661
2025-12-05,02:20-08:50,1786.6497333333325
2025-12-05,09:10-09:30,58.64576333333321
2025-12-05,10:20-10:40,37.26809666666668
2025-12-05,13:10-14:40,246.47216159999988
2025-12-05,17:00-17:30,38.94389999999987
2025-12-05,17:50-18:00,3.4582066666666833
2025-12-05,18:30-18:40,6.470593333333284
2025-12-05,19:30-19:50,30.171649999999943
2025-12-05,21:30-22:00,65.09960000000018
2025-12-05,22:20-22:40,44.439593333333505
2025-12-05,23:10-23:40,80.42520666666655
2025-12-05,23:50-24:00,28.15595666666667
2025-12-06,00:00-00:40,87.03685333333362
2025-12-06,00:50-02:20,287.14029333333303
2025-12-06,02:30-07:50,1415.4965833333315
2025-12-06,08:00-08:30,122.70297999999997
2025-12-06,08:50-12:10,1232.784953533333
2025-12-06,15:10-15:20,17.599206666666646
2025-12-06,16:00-16:20,55.98520333333323
2025-12-06,16:30-16:50,51.141709999999875
2025-12-06,17:50-18:00,41.79858333333334
2025-12-06,18:20-18:30,23.719083333333344
2025-12-06,19:00-19:40,52.13408333333331
2025-12-06,20:10-20:20,10.567070000000001
2025-12-06,21:00-21:20,56.23455666666666
2025-12-06,21:50-22:10,42.72415999999998
2025-12-06,22:40-22:50,2.079830000000129
2025-12-06,23:30-24:00,68.91143333333349
2025-12-07,00:00-01:50,249.0093499999998
2025-12-07,02:00-03:20,335.3325333333331
2025-12-07,03:40-08:10,1052.352754333333
2025-12-07,10:30-11:00,49.937133333333264
2025-12-07,12:50-13:00,30.366703333333305
2025-12-07,14:50-15:00,8.070713333333515
2025-12-07,15:20-15:50,38.070896666666385
2025-12-07,16:30-16:40,15.166046666666603
2025-12-07,17:30-17:40,11.852249999999913
2025-12-07,18:10-18:50,73.98175333333316
2025-12-07,19:10-19:30,37.25061000000005
2025-12-07,20:10-20:30,43.289196666666726
2025-12-07,22:00-22:30,15.698930000000132
2025-12-07,23:00-23:50,104.39984666666692
2025-12-08,00:40-01:10,19.011733333333268
2025-12-08,01:30-01:40,13.892656666666653
2025-12-08,02:00-02:50,152.9008266666666
2025-12-08,03:10-03:20,4.669483333333346
2025-12-08,03:30-04:10,105.05084999999985
2025-12-08,04:30-06:10,313.83986666666624
2025-12-08,06:20-06:50,145.09231666666642
2025-12-08,07:00-07:10,15.454490000000078
2025-12-08,11:00-11:30,45.07834000000014
2025-12-08,12:30-12:50,8.630143333333422
2025-12-08,13:00-13:50,176.7765633333333
2025-12-08,20:30-20:40,37.277433333333306
2025-12-08,22:10-22:30,26.957070000000044
2025-12-08,23:40-23:50,4.78098
2025-12-09,00:20-01:10,86.98171999999988
2025-12-09,02:00-02:20,11.096969999999942
2025-12-09,02:40-02:50,0.190873333333343
2025-12-09,03:00-03:40,131.61568666666642
2025-12-09,04:00-05:00,99.1617066666663
2025-12-09,05:10-05:40,68.37219333333337
2025-12-09,05:50-07:00,152.33976999999976
2025-12-09,07:20-07:30,32.11869999999999
2025-12-09,07:40-08:20,105.61035579999978
2025-12-09,08:30-08:50,27.822659999999928
2025-12-09,09:00-09:10,12.791869999999903
2025-12-09,14:40-15:00,15.53985333333344
2025-12-09,17:00-17:10,0.15736666666657584
2025-12-09,17:30-17:50,46.20395333333329
2025-12-09,18:10-18:40,31.795863333333386
2025-12-09,19:20-19:50,54.879973333333055
2025-12-09,20:20-20:30,23.47061999999994
2025-12-09,21:00-21:10,3.690809999999942
2025-12-09,22:30-22:50,20.739576666666835
2025-12-10,00:10-00:40,48.78334666666649
2025-12-10,01:10-01:30,33.233989999999835
2025-12-10,01:50-02:20,40.009383333333176
2025-12-10,02:40-03:30,93.93580999999972
2025-12-10,04:00-05:20,147.98757666666643
2025-12-10,05:30-06:40,131.8005566666663
2025-12-10,07:00-07:20,12.898289999999747
2025-12-10,10:30-10:50,50.20627999999999
2025-12-10,11:00-11:20,9.667393333333393
2025-12-10,12:10-13:10,170.92980333333338
2025-12-10,15:30-16:00,33.54778999999985
2025-12-10,16:20-16:50,28.10823666666647
2025-12-10,18:00-18:10,6.620439999999917
2025-12-10,18:50-19:20,32.51575999999989
2025-12-10,21:50-22:10,10.651960000000145
2025-12-10,22:20-23:00,31.518119999999954
2025-12-10,23:50-24:00,8.625293333333275
2025-12-11,00:00-00:20,57.121476666666695
2025-12-11,00:40-01:00,16.218503333333388
2025-12-11,01:30-02:00,24.93918999999994
2025-12-11,02:10-02:30,28.395916666666608
2025-12-11,02:50-03:00,13.687119999999936
2025-12-11,03:30-03:40,7.715096666666682
2025-12-11,04:20-04:30,2.4250200000000177
2025-12-11,05:00-05:30,57.488233333333255
2025-12-11,05:50-06:10,53.38790999999989
2025-12-11,11:40-12:10,71.07092000000023
2025-12-11,17:20-17:30,2.4728000000000065
2025-12-11,18:00-18:10,1.7923033333332796
2025-12-11,19:10-19:30,47.981806666666785
2025-12-11,21:50-22:00,13.981163333333143
2025-12-11,22:10-22:30,62.85425999999973
2025-12-11,22:50-23:00,21.620696666666845
2025-12-12,01:10-01:50,51.28113999999994
2025-12-12,02:00-02:20,8.044929999999965
2025-12-12,02:30-02:40,4.0446666666666715
2025-12-12,03:10-03:20,14.924496666666585
2025-12-12,04:00-04:50,92.11045999999999
2025-12-12,05:00-05:20,33.59211999999991
2025-12-12,06:10-06:30,22.94068666666658
2025-12-12,07:00-07:20,57.125229999999874
2025-12-12,07:50-08:00,16.98523666666665
2025-12-12,09:00-09:10,8.22501333333335
2025-12-12,09:30-10:00,62.04075253333326
2025-12-12,10:30-13:10,743.4626103333337
2025-12-12,17:00-17:10,0.8802033333332702
2025-12-12,18:00-18:20,12.06952999999993
2025-12-12,20:00-20:20,24.588266666666698
2025-12-12,20:40-21:00,19.559409999999957
2025-12-12,21:50-22:30,75.14967666666683
2025-12-12,22:50-23:10,25.32400000000007
2025-12-12,23:50-24:00,6.07858333333337
2025-12-13,00:20-01:50,106.82966333333326
2025-12-13,02:10-03:00,13.542373333333273
2025-12-13,05:40-06:20,151.5666433333331
2025-12-13,06:50-07:00,1.6216200000000072
2025-12-13,07:20-07:30,11.048046666666608
2025-12-13,07:50-08:00,7.908046666666678
2025-12-13,08:20-08:40,13.3777166666666
2025-12-13,10:00-10:30,54.51624499999982
2025-12-13,12:50-13:10,52.884426666666684
2025-12-13,13:20-14:20,127.83316066666666
2025-12-13,16:40-16:50,4.67786000000001
2025-12-13,18:00-18:20,56.09126999999995
2025-12-13,21:20-21:40,15.018813333333355
2025-12-13,23:20-23:30,1.1952300000000378
2025-12-13,23:50-24:00,1.7336233333332984
2025-12-14,02:10-03:00,43.645973333333245
2025-12-14,03:20-03:30,2.9864900000000034
2025-12-14,04:20-04:50,55.746949999999856
2025-12-14,05:30-05:40,9.249679999999898
2025-12-14,06:10-06:20,0.40671000000008917
2025-12-14,06:40-07:10,19.155629999999974
2025-12-14,08:40-08:50,3.9584733333331314
2025-12-14,10:10-11:10,205.89866999999998
2025-12-14,15:30-15:50,27.584303333333082
2025-12-14,16:30-16:40,2.023149999999987
2025-12-14,17:10-17:30,21.89466666666658
2025-12-14,19:10-19:30,1.6199933333331273
2025-12-14,19:50-20:10,49.38150666666672
2025-12-14,21:40-22:00,7.566483333333167
2025-12-15,00:30-00:40,0.6324499999999489
2025-12-15,01:50-02:10,12.976029999999923
2025-12-15,03:30-03:50,16.110813333333226
2025-12-15,06:20-06:30,15.501210000000015
2025-12-15,10:00-10:20,35.45478966666661
2025-12-15,11:00-11:30,137.84665666666683
2025-12-15,11:50-12:00,9.796029999999973
2025-12-15,17:10-17:40,46.66431666666654
2025-12-15,18:50-19:00,2.3548333333333176
2025-12-15,22:20-22:40,11.77257666666651
2025-12-15,23:20-23:30,4.635196666666843
2025-12-16,02:00-02:10,2.4550833333332776
2025-12-16,04:20-04:30,17.287713333333272
2025-12-16,05:20-05:30,1.1715599999999995
2025-12-16,06:20-06:30,12.193296666666697
2025-12-16,09:00-09:20,11.680776666666588
2025-12-16,10:40-10:50,1.2358599999999456
2025-12-16,11:20-11:50,54.63322333333326
2025-12-16,17:10-17:40,10.110516666666626
2025-12-16,18:00-18:20,13.252956666666705
2025-12-16,19:30-19:40,3.664263333333338
2025-12-16,22:00-22:10,5.950713333333397
2025-12-16,23:00-23:20,28.176366666666354
2025-12-16,23:50-24:00,20.214753333333306
2025-12-17,00:00-00:10,7.679263333333438
2025-12-17,01:50-02:00,8.996296666666694
2025-12-17,05:00-05:20,43.54182000000003
2025-12-17,05:30-05:50,47.161519999999996
2025-12-17,06:40-07:00,41.42765333333318
2025-12-17,17:30-17:40,3.3117333333332226
2025-12-17,18:20-18:40,20.796629999999936
2025-12-17,20:30-20:40,17.665963333333252
2025-12-17,21:10-21:30,39.102013333333275
2025-12-17,23:30-23:40,18.896529999999984
2025-12-18,00:20-00:50,32.06309999999996
2025-12-18,01:40-02:10,78.58540666666647
2025-12-18,02:50-03:20,67.42635333333317
2025-12-18,04:20-04:30,20.274613333333264
2025-12-18,05:30-05:50,20.969326666666575
2025-12-18,07:20-07:30,14.210839999999962
2025-12-18,10:00-10:20,16.47622333333328
2025-12-18,19:20-19:40,6.9937133333332895
2025-12-18,22:00-22:20,25.260959999999955
2025-12-18,22:40-23:00,17.021793333333335
2025-12-19,00:40-01:00,12.216380000000015
2025-12-19,01:50-02:10,31.156983333333244
2025-12-19,05:00-05:10,2.821296666666626
2025-12-19,07:40-07:50,10.93217333333331
2025-12-19,13:50-14:20,25.50918000000002
2025-12-19,14:50-15:00,8.661453333333299
2025-12-19,16:40-16:50,1.9266999999998689
2025-12-19,18:30-18:50,38.911460000000034
2025-12-19,19:20-19:30,0.37137666666660607
2025-12-19,20:20-20:40,42.33682999999996
2025-12-19,21:10-21:30,8.33981
2025-12-19,22:20-22:30,5.605896666666695
2025-12-19,23:00-23:10,8.979803333333393
2025-12-19,23:30-23:50,14.88636333333335
2025-12-20,00:50-01:00,7.981119999999976
2025-12-20,01:30-01:50,38.64441999999997
2025-12-20,06:40-06:50,2.825523333333308
2025-12-20,17:10-17:40,12.09301999999991
2025-12-20,18:30-18:40,0.13945999999998548
2025-12-20,19:00-19:10,4.249083333333317
2025-12-20,21:40-22:00,6.949719999999957
2025-12-20,22:40-23:00,12.416576666666742
2025-12-21,01:10-01:20,8.517000000000053
2025-12-21,03:00-03:20,37.06658666666658
2025-12-21,03:30-03:50,61.77433999999994
2025-12-21,06:20-06:30,12.82038
2025-12-21,10:30-11:30,243.79635333333334
2025-12-21,17:20-17:30,6.652266666666492
2025-12-21,18:40-19:00,1.6926166666666518
2025-12-21,19:40-20:00,53.8612733333332
2025-12-21,22:50-23:00,3.798663333333252
2025-12-22,01:00-01:20,10.19532333333325
2025-12-22,02:20-02:30,12.292279999999892
2025-12-22,17:10-17:20,14.777099999999791
2025-12-22,17:50-18:10,15.471653333333279
2025-12-22,19:10-19:20,3.9476866666665273
2025-12-22,19:40-20:00,7.551676666666708
2025-12-22,21:00-21:30,11.63630333333333
2025-12-23,17:30-17:50,11.335933333333514
2025-12-23,19:30-19:40,7.651843333333318
2025-12-23,20:10-20:20,2.2565099999999347
2025-12-23,21:40-21:50,4.716519999999946
2025-12-24,00:00-00:20,37.27242666666666
2025-12-24,16:50-17:10,17.509916666666413
2025-12-24,18:40-19:00,11.850933333333217
2025-12-24,19:30-19:50,12.271673333333183
2025-12-24,22:30-23:00,26.7805400000002
2025-12-25,01:00-01:20,40.2974466666667
2025-12-25,11:50-12:10,17.486860000000206
2025-12-25,19:30-20:00,52.02062333333322
2025-12-25,23:30-23:50,35.09144333333347
2025-12-26,03:20-03:30,15.116509999999948
2025-12-26,18:00-18:10,3.2380999999999744
2025-12-26,22:30-22:40,0.9406633333333048
2025-12-27,13:50-14:00,10.835899000000012
2025-12-27,16:50-17:00,0.43487666666663927
2025-12-27,17:10-17:30,22.54045999999994
2025-12-27,17:50-18:00,19.44375333333329
2025-12-27,18:30-18:50,39.433279999999854
2025-12-27,20:20-20:40,5.904543333333322
2025-12-27,22:20-22:40,40.67224333333343
2025-12-28,00:00-00:20,33.1550433333332
2025-12-28,17:30-17:50,32.65764999999999
2025-12-28,18:20-18:30,13.381163333333234
2025-12-28,20:20-20:30,8.12481333333335
2025-12-29,16:20-16:30,6.66087333333337
2025-12-29,19:50-20:10,9.86713666666651
2025-12-29,21:20-21:30,19.45690333333323
2025-12-29,22:20-22:40,8.762210000000096
2025-12-31,01:40-01:50,10.32278999999994
2025-12-31,18:20-18:30,4.750746666666714
2025-12-31,19:20-19:40,29.218119999999885
2025-12-31,20:00-20:10,9.285079999999994
2025-12-31,21:00-21:20,23.71857333333344
2025-12-31,22:00-22:10,13.290379999999914
2025-12-31,23:50-24:00,38.70358333333331
