date,interval,energy_kWh
2025-02-01,14:20-14:30,14.334106666666713
2025-02-01,15:10-15:40,29.75681266666669
2025-02-01,21:10-21:20,11.33918333333338
2025-02-01,22:50-23:00,12.139796666666825
2025-02-02,02:50-03:00,4.085316666666586
2025-02-02,18:20-18:40,19.435036666666633
2025-02-03,03:10-03:20,2.1584666666666408
2025-02-03,10:30-10:40,26.505896666666672
2025-02-03,11:20-11:30,8.670503333333272
2025-02-03,12:30-12:40,2.280996666666738
2025-02-03,18:20-18:30,0.07036666666670044
2025-02-04,00:20-00:30,3.6682533333332685
2025-02-04,09:20-09:40,54.30358333333328
2025-02-04,11:00-11:20,47.01612666666665
2025-02-04,13:00-15:20,443.28751999999963
2025-02-04,17:50-18:00,2.3308466666666163
2025-02-04,19:50-20:00,14.677999999999884
2025-02-04,22:10-22:30,66.33834999999988
2025-02-05,00:10-00:20,6.0576966666669705
2025-02-05,02:20-02:30,8.960806666666599
2025-02-05,09:20-09:50,62.03935999999999
2025-02-05,10:00-10:30,64.42534999999995
2025-02-05,10:50-11:00,21.45970666666676
2025-02-05,11:30-11:50,146.60956666666675
2025-02-05,18:00-18:20,31.408036666666703
2025-02-06,00:10-00:20,13.292680000000246
2025-02-06,08:00-08:10,17.933016099999985
2025-02-06,14:00-14:20,3.789680000000004
2025-02-06,18:50-19:10,17.9218833333332
2025-02-06,21:10-21:20,3.2360533333333024
2025-02-06,23:00-23:10,1.0045366666665814
2025-02-07,03:30-03:40,3.6633633333333364
2025-02-07,08:20-09:10,51.79045666666653
2025-02-07,18:30-18:50,26.82851333333332
2025-02-07,20:30-20:50,17.84958666666671
2025-02-08,13:50-14:00,3.3429400000000555
2025-02-08,14:10-14:40,53.86976000000023
2025-02-08,19:00-19:20,34.81718999999998
2025-02-08,20:30-20:40,18.382299999999987
2025-02-09,04:00-04:10,1.2247366666666721
2025-02-09,10:00-10:20,23.286926666666773
2025-02-09,10:40-11:20,378.7062133333335
2025-02-09,11:30-12:00,141.17683666666665
2025-02-09,12:50-13:20,130.22774666666663
2025-02-10,18:40-19:00,33.23530666666653
2025-02-10,21:50-22:00,6.178196666666736
2025-02-11,19:30-19:40,4.676903333333371
2025-02-11,20:10-20:20,0.3806200000000217
2025-02-11,20:50-21:00,5.199583333333408
2025-02-11,21:20-21:30,18.199579999999855
2025-02-12,13:20-13:40,45.03336599999999
2025-02-12,14:10-14:20,3.386656666666653
2025-02-12,15:30-15:50,54.932423333333304
2025-02-12,16:10-16:20,3.696233333333339
2025-02-12,18:10-18:30,35.003063333333216
2025-02-12,19:20-19:30,0.9167966666667553
2025-02-12,19:50-20:00,10.19258666666667
2025-02-12,23:10-23:20,5.2577966666667635
2025-02-13,00:00-00:10,11.01224666666667
2025-02-13,03:10-03:20,3.70623333333333
2025-02-13,19:10-19:20,9.162043333333258
2025-02-13,19:30-19:50,12.617133333333072
2025-02-14,00:00-00:10,15.801993333333314
2025-02-14,05:40-05:50,9.732340000000022
2025-02-14,10:10-11:50,602.9105266666668
2025-02-14,12:20-12:30,2.289266666666663
2025-02-14,16:00-16:10,18.868439999999936
2025-02-14,17:00-17:20,18.647589999999923
2025-02-14,17:30-18:10,40.16179666666656
2025-02-14,18:30-18:40,10.06738333333334
2025-02-14,23:10-23:20,1.7562800000000607
2025-02-15,05:50-06:10,14.481976666666583
2025-02-15,10:10-10:20,4.950656666666703
2025-02-15,11:00-11:30,147.03604999999993
2025-02-15,11:50-12:20,38.910516666666695
2025-02-15,15:50-16:10,40.022659999999945
2025-02-15,18:00-18:10,4.325233333333301
2025-02-15,19:30-19:50,66.85703333333333
2025-02-15,21:00-21:20,22.28471333333323
2025-02-15,22:20-22:40,28.845843333333278
2025-02-15,23:00-23:20,21.17515000000003
2025-02-16,00:40-00:50,8.01406333333341
2025-02-16,02:30-02:50,13.49463999999989
2025-02-16,03:30-03:40,4.084510000000023
2025-02-16,04:20-04:30,2.068610000000035
2025-02-16,04:50-05:00,5.653819999999996
2025-02-16,05:50-06:00,5.7044853333332455
2025-02-16,08:10-08:20,10.704343333333327
2025-02-16,09:30-12:00,553.3402486666665
2025-02-16,12:30-12:40,5.161243333333346
2025-02-16,16:40-17:10,35.02131333333318
2025-02-16,17:40-17:50,13.645733333333396
2025-02-16,18:50-19:20,44.86860999999976
2025-02-16,19:50-20:10,22.407393333333175
2025-02-16,21:30-21:50,7.124879999999962
2025-02-16,23:30-23:40,20.39292999999998
2025-02-17,02:10-02:20,5.734829999999988
2025-02-17,12:10-12:30,54.08216666666681
2025-02-17,17:00-17:10,0.3719900000000962
2025-02-17,18:30-19:20,67.52695666666645
2025-02-17,20:10-20:20,3.86109666666664
2025-02-17,22:50-23:30,44.48190999999997
2025-02-18,03:50-04:00,11.3982666666667
2025-02-18,08:20-08:40,6.311276666666572
2025-02-18,12:40-13:00,63.65095666666661
2025-02-18,13:20-13:30,9.64388693333335
2025-02-18,13:40-14:00,31.18287899999988
2025-02-18,14:50-15:00,8.505296666666709
2025-02-18,18:30-18:50,14.667956666666583
2025-02-18,19:00-19:20,3.387609999999995
2025-02-18,20:00-20:40,21.713073333333114
2025-02-18,22:00-22:10,1.8825466666667126
2025-02-18,23:20-23:30,4.34749666666653
2025-02-19,01:20-01:30,6.141996666666614
2025-02-19,01:50-02:00,32.002503333333266
2025-02-19,02:40-03:00,33.977136666666524
2025-02-19,04:40-05:00,17.7522399999998
2025-02-19,06:20-06:30,35.886586333333156
2025-02-19,08:50-09:10,15.499493333333362
2025-02-19,09:40-10:00,36.08682666666658
2025-02-19,13:20-13:30,10.31195600000004
2025-02-19,14:10-15:20,136.07575999999997
2025-02-19,16:00-16:10,9.94484
2025-02-19,17:20-17:30,0.5373333333332084
2025-02-19,18:00-18:20,5.443489999999883
2025-02-19,19:50-20:10,44.74067333333335
2025-02-19,20:30-21:20,25.73259999999982
2025-02-19,22:20-22:40,27.456609999999955
2025-02-19,23:30-23:50,77.2140599999999
2025-02-20,01:00-01:10,3.387586666666607
2025-02-20,10:10-11:00,116.58124733333335
2025-02-20,11:50-12:00,7.698656666666579
2025-02-20,17:00-17:20,14.702559999999949
2025-02-20,18:20-18:40,47.02083666666658
2025-02-20,20:00-20:20,21.61367666666672
2025-02-20,20:50-21:20,32.89967999999976
2025-02-20,22:50-23:10,56.51324000000011
2025-02-21,00:40-01:00,21.580559999999934
2025-02-21,01:20-01:30,2.546669999999949
2025-02-21,01:50-02:10,24.829653333333397
2025-02-21,03:50-04:00,3.068610000000035
2025-02-21,05:20-05:40,7.271213333333208
2025-02-21,07:30-07:40,10.049826666666604
2025-02-21,16:40-16:50,3.1996166666667136
2025-02-21,17:30-18:00,67.09147999999986
2025-02-21,18:10-18:30,39.781866666666645
2025-02-21,19:20-19:40,53.13686333333328
2025-02-21,20:50-21:10,35.51087999999993
2025-02-21,21:50-22:00,23.49056333333351
2025-02-21,22:40-23:20,35.19772599999999
2025-02-21,23:40-24:00,27.011276666666674
2025-02-22,00:50-01:00,3.8045433333332426
2025-02-22,01:50-02:10,47.22030333333328
2025-02-22,02:40-02:50,5.513963333333322
2025-02-22,03:10-03:40,40.47705333333323
2025-02-22,03:50-04:00,2.2492699999999672
2025-02-22,05:50-06:00,0.5973399999999174
2025-02-22,08:00-08:20,8.190683999999997
2025-02-22,11:20-12:20,152.26151333333337
2025-02-22,13:00-14:30,353.5590500000003
2025-02-22,15:40-16:10,82.49506566666668
2025-02-22,17:00-17:20,41.50571333333335
2025-02-22,17:30-18:00,106.66624666666664
2025-02-22,19:10-19:40,20.369299999999953
2025-02-22,20:40-20:50,2.0719199999999205
2025-02-22,21:20-21:40,13.887456666666594
2025-02-22,21:50-22:00,15.067929999999933
2025-02-22,22:50-23:10,13.407083333333276
2025-02-22,23:40-24:00,35.234929999999906
2025-02-23,00:00-00:20,26.439276666666956
2025-02-23,01:20-01:30,4.700083333333282
2025-02-23,03:00-03:20,40.63868666666667
2025-02-23,04:30-04:40,20.42750000000001
2025-02-23,05:10-05:30,66.00021333333336
2025-02-23,06:00-06:10,2.364147999999929
2025-02-23,07:30-07:50,14.710869999999886
2025-02-23,08:00-08:20,24.72521000000006
2025-02-23,09:30-10:20,157.01757999999995
2025-02-23,12:00-12:50,310.0143833333333
2025-02-23,13:40-14:00,40.72992700000001
2025-02-23,15:20-15:40,5.8292399999998565
2025-02-23,19:20-19:40,36.80650999999989
2025-02-23,19:50-20:40,41.90128666666669
2025-02-23,21:00-21:20,46.8659766666666
2025-02-23,21:30-22:00,20.94225333333361
2025-02-23,22:20-22:30,8.814863333333506
2025-02-23,23:00-23:40,24.972309999999652
2025-02-24,00:30-00:50,36.706623333333255
2025-02-24,01:10-01:20,7.734549999999899
2025-02-24,03:00-03:10,3.0446699999998827
2025-02-24,06:00-06:10,9.15774433333322
2025-02-24,06:40-06:50,1.0348299999999426
2025-02-24,13:20-13:30,2.635553666666695
2025-02-24,15:30-15:50,53.70788333333343
2025-02-24,16:00-16:20,7.1794033333330844
2025-02-24,16:30-17:40,67.72271333333299
2025-02-24,18:30-18:50,12.291933333333418
2025-02-24,20:10-21:00,108.66548666666665
2025-02-24,21:30-21:50,18.87794999999994
2025-02-24,22:00-22:10,4.531780000000026
2025-02-24,23:20-23:30,9.928096666666534
2025-02-25,00:00-00:10,15.837863333333189
2025-02-25,00:40-00:50,0.32406666666656747
2025-02-25,01:00-01:20,17.227173333333326
2025-02-25,02:10-02:20,20.406189999999924
2025-02-25,02:50-03:20,13.608706666666649
2025-02-25,05:40-06:00,64.87911866666641
2025-02-25,06:20-06:30,11.96270533333324
2025-02-25,06:50-07:00,0.0276566666667577
2025-02-25,18:10-18:20,1.5608933333334107
2025-02-25,18:50-19:10,61.85281666666663
2025-02-25,20:40-20:50,6.877510000000029
2025-02-25,21:00-21:30,40.40764333333334
2025-02-25,21:50-22:20,32.29743333333363
2025-02-25,23:10-23:40,53.48312333333365
2025-02-26,01:20-01:40,25.68179999999984
2025-02-26,02:30-02:40,0.4152999999998883
2025-02-26,03:00-03:30,49.24696666666648
2025-02-26,10:50-11:00,1.6135733333334201
2025-02-26,12:40-13:00,61.10670599999997
2025-02-26,13:50-14:10,46.33679700000002
2025-02-26,14:30-16:30,345.95300999999955
2025-02-26,16:50-17:10,5.528876666666633
2025-02-26,17:40-17:50,18.850189999999998
2025-02-26,18:20-18:30,29.183739999999943
2025-02-26,18:50-19:10,27.596043333333228
2025-02-26,19:40-20:00,22.90233666666677
2025-02-26,20:40-20:50,0.567899999999895
2025-02-26,22:20-22:30,18.388396666666495
2025-02-26,23:10-23:30,12.109660000000076
2025-02-27,01:10-01:20,7.0031733333332795
2025-02-27,02:20-02:30,4.559579999999983
2025-02-27,03:20-03:30,0.3450033333332385
2025-02-27,04:10-04:20,2.4888933333332943
2025-02-27,08:10-08:30,16.264000000000124
2025-02-27,08:40-10:00,334.92127666666664
2025-02-27,15:20-15:30,23.900609999999915
2025-02-27,17:30-17:50,11.679886666666562
2025-02-27,18:00-18:40,51.5312799999997
2025-02-27,20:30-20:50,11.654826666666622
2025-02-27,21:10-21:30,36.67976666666664
2025-02-28,00:20-00:30,6.6303833333332705
2025-02-28,01:00-01:20,39.42309666666665
2025-02-28,02:20-02:30,1.5929166666666674
2025-02-28,04:40-05:10,40.921853333333104
2025-02-28,07:20-07:40,54.09658999999988
2025-02-28,11:20-12:00,363.6737633333332
2025-02-28,12:40-13:40,346.74532333333354
2025-02-28,13:50-14:00,26.11898333333329
2025-02-28,16:30-16:50,31.062549999999987
2025-02-28,17:50-18:00,1.2566666666666038
2025-02-28,18:20-18:40,18.99958666666663
2025-02-28,19:10-19:30,27.3123466666666
2025-02-28,19:50-20:00,2.287496666666641
2025-02-28,20:20-20:30,24.27757333333335
2025-02-28,20:50-21:10,44.59684999999996
2025-02-28,21:30-22:10,36.54156666666688
2025-02-28,23:00-23:30,37.44315666666694
2025-02-28,23:50-24:00,7.376043333333314
2025-03-01,00:00-00:20,50.16996333333327
2025-03-01,01:20-01:40,3.0533166666666602
2025-03-01,07:50-08:00,10.643603333333346
2025-03-01,08:50-09:00,16.443333333333307
2025-03-01,11:20-11:50,313.50362666666666
2025-03-01,13:30-13:40,3.0289066666666713
2025-03-01,14:00-14:20,32.752656666666724
2025-03-01,14:30-14:50,46.95244333333332
2025-03-01,15:40-16:30,123.81860299999995
2025-03-01,16:50-17:20,69.62025333333321
2025-03-01,18:10-18:40,74.04262333333327
2025-03-01,19:00-19:20,24.778153333333307
2025-03-01,20:10-20:30,12.028260000000046
2025-03-01,20:50-21:20,37.14693333333332
2025-03-01,21:50-22:00,19.279430000000048
2025-03-01,22:20-22:40,6.3317766666671105
2025-03-01,23:10-23:20,10.90866333333338
2025-03-02,01:20-01:30,1.730950000000007
2025-03-02,02:30-02:40,8.656609999999887
2025-03-02,08:50-09:20,44.37899999999988
2025-03-02,09:40-16:10,4784.3623402
2025-03-02,16:30-16:50,40.52435333333324
2025-03-02,17:00-17:20,23.34190000000001
2025-03-02,17:30-18:20,134.38420666666616
2025-03-02,18:50-19:00,6.660036666666656
2025-03-02,19:20-19:40,17.30802333333304
2025-03-02,20:20-20:30,0.2696333333332177
2025-03-02,20:40-21:40,130.60425333333308
2025-03-02,23:00-23:50,85.36594666666679
2025-03-03,00:00-00:20,25.992943333333187
2025-03-03,00:30-00:40,15.821193333333213
2025-03-03,01:10-01:20,0.16651333333322782
2025-03-03,01:30-02:00,45.024903333333214
2025-03-03,03:20-03:30,1.0801199999999653
2025-03-03,07:10-07:20,0.2238999999999578
2025-03-03,07:50-13:20,2159.594936733334
2025-03-03,13:30-16:50,1457.3216552599997
2025-03-03,17:00-17:10,4.511113333333242
2025-03-03,17:40-17:50,4.884900000000016
2025-03-03,18:20-18:30,16.89456333333328
2025-03-03,18:50-19:10,39.94129999999984
2025-03-03,20:30-21:40,184.16937666666627
2025-03-03,22:00-22:40,35.98631000000012
2025-03-03,23:30-23:50,22.923230000000103
2025-03-04,00:10-00:40,22.261706666666555
2025-03-04,00:50-01:20,34.27303999999981
2025-03-04,01:40-02:00,61.20177999999987
2025-03-04,03:20-03:30,8.63891000000001
2025-03-04,04:00-04:10,5.44677999999999
2025-03-04,07:50-08:20,109.17206666666652
2025-03-04,08:40-09:10,37.53643333333338
2025-03-04,09:30-09:50,22.58860333333331
2025-03-04,10:20-10:30,2.400779999999898
2025-03-04,11:00-11:50,413.39328000000046
2025-03-04,12:00-12:20,88.57883333333336
2025-03-04,14:30-14:40,1.6916866666666408
2025-03-04,15:30-16:20,155.40367333333302
2025-03-04,17:10-17:20,6.909933333333356
2025-03-04,19:30-19:50,18.215796666666733
2025-03-04,20:10-22:00,92.06796333333295
2025-03-04,22:20-22:30,11.305529999999862
2025-03-04,23:00-24:00,158.57248666666658
2025-03-05,00:00-00:10,10.219196666666676
2025-03-05,00:40-01:00,25.26893333333328
2025-03-05,12:10-12:20,19.75954333333334
2025-03-05,13:00-14:00,161.09901689999995
2025-03-05,14:50-15:00,0.41283000000021275
2025-03-05,17:30-17:50,8.710990000000038
2025-03-05,18:30-18:40,8.736806666666666
2025-03-05,19:00-19:20,6.376223333333201
2025-03-05,19:40-19:50,9.318966666666597
2025-03-05,20:00-20:50,76.09759666666662
2025-03-05,21:10-21:20,7.934669999999983
2025-03-05,22:00-22:10,4.4465966666666645
2025-03-05,22:30-22:50,14.295159999999896
2025-03-05,23:10-23:20,2.176379999999881
2025-03-05,23:40-24:00,33.734903333333136
2025-03-06,00:20-00:30,15.62187999999992
2025-03-06,01:50-02:10,24.13901999999996
2025-03-06,02:30-02:50,19.51123666666649
2025-03-06,14:20-16:20,232.37861666666632
2025-03-06,16:30-16:50,17.789823333333175
2025-03-06,17:20-18:10,95.4929033333334
2025-03-06,18:40-19:00,14.185478333333407
2025-03-06,19:30-19:40,4.591673333333347
2025-03-06,20:40-21:10,47.68136666666658
2025-03-06,22:20-23:30,89.43944666666721
2025-03-06,23:40-24:00,39.14787666666666
2025-03-07,00:00-00:20,51.93520000000001
2025-03-07,01:00-01:20,45.16674666666671
2025-03-07,13:10-13:50,100.47504000000004
2025-03-07,14:00-14:30,77.37387999999993
2025-03-07,15:00-15:20,107.57360000000003
2025-03-07,15:40-16:10,60.80498200000007
2025-03-07,16:50-17:10,23.700273333333314
2025-03-07,17:40-17:50,2.810376999999985
2025-03-07,18:00-18:10,0.6028666666666709
2025-03-07,18:40-18:50,2.7812433333332933
2025-03-07,20:50-21:10,17.288263333333248
2025-03-07,21:20-22:00,71.49241999999987
2025-03-07,22:10-22:30,49.19027333333338
2025-03-07,23:20-23:30,16.009096666666665
2025-03-08,00:00-00:20,36.89299333333332
2025-03-08,01:40-02:10,43.25224999999995
2025-03-08,02:30-02:50,31.44900999999993
2025-03-08,16:30-16:50,43.82571333333334
2025-03-08,17:50-18:00,11.840599999999995
2025-03-08,18:20-18:40,10.620806666666624
2025-03-08,19:20-19:30,0.737296666666623
2025-03-08,21:00-21:10,0.3007000000000062
2025-03-08,21:20-21:50,49.198643333333166
2025-03-08,22:00-22:20,17.286056666666695
2025-03-08,22:30-22:50,47.57601
2025-03-09,01:20-01:30,0.6431933333333291
2025-03-09,01:50-02:20,55.45639999999992
2025-03-09,02:50-03:10,9.370216666666579
2025-03-09,03:40-04:00,13.92870999999991
2025-03-09,18:20-18:50,82.13950066666673
2025-03-09,20:10-20:30,42.63315666666654
2025-03-09,20:50-21:10,35.956333333333305
2025-03-09,21:20-22:10,40.059926666666115
2025-03-09,22:30-22:40,1.9254300000000057
2025-03-09,23:50-24:00,1.1534733333332952
2025-03-10,00:00-00:30,44.11462666666682
2025-03-10,00:40-01:10,86.72704999999996
2025-03-10,01:30-01:40,1.5971399999999676
2025-03-10,02:10-02:30,14.7974999999999
2025-03-10,03:20-03:30,6.916243333333227
2025-03-10,04:50-05:00,1.078119999999899
2025-03-10,07:20-07:30,36.65239333333335
2025-03-10,08:30-08:50,17.44018666666676
2025-03-10,09:00-09:20,17.35442666666671
2025-03-10,09:30-09:50,23.20739333333333
2025-03-10,10:40-13:20,1523.8424003333337
2025-03-10,14:50-15:10,37.78994666666665
2025-03-10,16:50-17:10,41.15778333333333
2025-03-10,17:40-18:00,19.110706666666488
2025-03-10,18:20-18:30,26.730626666666694
2025-03-10,19:00-20:00,128.49773333333303
2025-03-10,20:40-20:50,0.05724333333330378
2025-03-10,21:00-21:20,23.885709999999904
2025-03-10,21:50-22:00,16.92606333333356
2025-03-10,22:20-23:00,81.22638666666603
2025-03-10,23:10-23:30,13.356809999999996
2025-03-10,23:50-24:00,2.4543766666666897
2025-03-11,00:00-00:40,67.43240666666645
2025-03-11,01:00-01:30,49.45410666666669
2025-03-11,04:10-04:20,2.210583333333261
2025-03-11,05:20-05:30,0.7682866666666541
2025-03-11,10:00-10:20,53.414013569999995
2025-03-11,14:30-17:10,569.9588066666654
2025-03-11,17:30-17:50,7.585223333333147
2025-03-11,18:00-18:30,31.194119999999657
2025-03-11,19:20-19:40,29.22867999999994
2025-03-11,21:00-21:30,53.71425333333309
2025-03-11,22:00-22:50,73.22208999999953
2025-03-12,00:10-00:40,80.57521999999983
2025-03-12,01:30-02:20,88.98849666666649
2025-03-12,02:50-03:10,41.47784333333334
2025-03-12,03:40-03:50,19.414656666666588
2025-03-12,05:30-05:50,9.974426666666773
2025-03-12,14:50-15:00,1.651713333333305
2025-03-12,15:50-17:00,185.58287999999965
2025-03-12,17:20-17:30,16.020473333333257
2025-03-12,17:40-18:10,38.70514333333335
2025-03-12,18:20-18:40,20.62433666666675
2025-03-12,19:30-19:40,0.4094566666666424
2025-03-12,20:00-20:30,37.22550000000001
2025-03-12,21:00-21:10,5.37991999999997
2025-03-12,21:50-23:30,169.58848000000023
2025-03-12,23:50-24:00,15.395143333333294
2025-03-13,00:00-00:40,99.39228666666656
2025-03-13,01:50-02:00,28.227153333333263
2025-03-13,02:30-03:10,56.050183333333166
2025-03-13,05:50-06:00,11.303016666666622
2025-03-13,09:30-13:40,2975.1942913333332
2025-03-13,16:10-17:20,156.7823933333333
2025-03-13,17:40-18:10,27.376556666666602
2025-03-13,18:40-20:10,192.82246266666627
2025-03-13,20:40-21:00,25.402146666666454
2025-03-13,21:20-21:30,4.830709999999954
2025-03-13,21:50-22:30,71.7113966666667
2025-03-13,23:00-23:50,86.46864333333292
2025-03-14,00:20-00:30,0.8566866666666328
2025-03-14,00:50-01:00,14.17374666666666
2025-03-14,01:30-02:10,65.16735666666659
2025-03-14,02:50-03:10,51.57596999999987
2025-03-14,04:00-04:10,6.546696666666605
2025-03-14,04:40-04:50,9.176639999999963
2025-03-14,05:50-06:00,13.51419999999996
2025-03-14,14:20-15:00,275.00003333333336
2025-03-14,15:40-16:00,54.88609800000003
2025-03-14,16:10-16:40,72.28578333333331
2025-03-14,17:10-17:40,36.369533333333266
2025-03-14,18:20-18:30,9.770969999999977
2025-03-14,19:30-20:10,74.68545999999981
2025-03-14,20:30-20:50,20.616036666666673
2025-03-14,22:40-23:00,7.721263333333297
2025-03-14,23:20-23:40,36.59503333333322
2025-03-15,00:00-00:40,108.63012666666651
2025-03-15,01:00-01:20,30.956099999999992
2025-03-15,02:20-02:50,82.42351333333329
2025-03-15,04:20-04:40,32.1957533333333
2025-03-15,05:00-05:20,37.28424333333339
2025-03-15,06:20-06:30,3.3994299999999953
2025-03-15,06:50-07:50,61.619905333333385
2025-03-15,11:10-11:20,45.01575333333341
2025-03-15,11:30-13:10,890.450576666667
2025-03-15,13:50-14:20,38.40700333333331
2025-03-15,16:00-16:10,0.7658359999999789
2025-03-15,17:50-18:40,90.17326666666645
2025-03-15,19:00-19:20,18.778973333333283
2025-03-15,20:00-21:00,140.9315933333334
2025-03-15,21:20-21:50,44.094479999999976
2025-03-15,22:00-22:20,19.779606666666666
2025-03-15,22:30-23:00,39.423640000000205
2025-03-15,23:20-24:00,120.44191000000023
2025-03-16,00:00-00:30,16.17407333333324
2025-03-16,00:50-01:30,81.9026933333331
2025-03-16,01:50-02:20,16.98517333333325
2025-03-16,02:40-03:20,54.01865999999984
2025-03-16,03:40-03:50,11.712373333333403
2025-03-16,05:40-06:10,23.598166666666543
2025-03-16,06:50-08:00,264.80257366666683
2025-03-16,08:20-08:30,3.590353333333269
2025-03-16,12:20-12:50,103.02695000000028
2025-03-16,13:00-14:30,473.24194689999985
2025-03-16,15:20-15:40,43.14546666666655
2025-03-16,15:50-16:10,18.893183333333297
2025-03-16,16:30-17:00,74.33520333333331
2025-03-16,17:20-17:30,8.610003333333225
2025-03-16,17:50-18:20,33.584129999999845
2025-03-16,20:40-21:00,30.41452333333325
2025-03-16,21:20-21:30,1.4781199999998762
2025-03-16,22:00-22:50,59.26241000000016
2025-03-16,23:00-23:20,15.879283333332978
2025-03-16,23:40-24:00,45.925129999999854
2025-03-17,00:20-00:30,24.39291666666668
2025-03-17,01:10-01:20,5.796803333333287
2025-03-17,01:50-02:00,20.310416666666697
2025-03-17,02:20-02:50,37.40228666666678
2025-03-17,03:50-04:00,24.88537999999994
2025-03-17,04:30-04:50,26.340000000000032
2025-03-17,05:20-05:30,16.775673333333316
2025-03-17,15:40-16:40,66.87196666666665
2025-03-17,18:00-18:20,12.840739999999983
2025-03-17,19:40-20:00,73.49235666666664
2025-03-17,20:20-20:40,42.43269666666674
2025-03-17,20:50-21:10,9.35878333333335
2025-03-17,23:20-23:30,2.388963333333095
2025-03-18,00:20-00:40,39.3147399999998
2025-03-18,01:30-01:40,11.035579999999982
2025-03-18,02:10-02:20,10.175806666666631
2025-03-18,04:20-04:40,27.383763333333263
2025-03-18,07:00-07:10,0.842063333333158
2025-03-18,07:40-10:00,822.5729459333329
2025-03-18,14:20-14:30,2.909203000000005
2025-03-18,16:30-16:40,16.30705333333333
2025-03-18,17:10-17:20,8.374036666666711
2025-03-18,18:10-18:40,39.71756999999991
2025-03-18,19:00-19:20,28.05647666666664
2025-03-18,21:40-22:00,28.243513333333226
2025-03-18,22:10-22:30,25.52717666666672
2025-03-18,22:40-23:10,44.493079999999736
2025-03-18,23:30-24:00,61.22709333333307
2025-03-19,00:00-00:10,13.691713333333382
2025-03-19,00:40-00:50,5.137583333333396
2025-03-19,01:50-02:10,66.54440666666653
2025-03-19,02:40-02:50,5.684159999999906
2025-03-19,03:30-03:50,8.078199999999924
2025-03-19,05:40-06:00,10.425606666666681
2025-03-19,08:00-09:40,385.22944866666637
2025-03-19,14:30-14:50,43.69845133333337
2025-03-19,15:20-15:30,13.798720000000003
2025-03-19,16:20-16:30,0.20156333333329712
2025-03-19,17:40-18:00,13.133746666666525
2025-03-19,18:40-19:00,37.48994999999998
2025-03-19,21:30-22:10,29.481193333333636
2025-03-20,00:20-00:30,43.39833666666664
2025-03-20,01:00-02:00,110.8566699999999
2025-03-20,02:30-02:50,20.148613333333174
2025-03-20,03:00-03:40,102.14493999999979
2025-03-20,04:50-05:20,29.945636666666587
2025-03-20,05:50-06:00,18.51950999999997
2025-03-20,08:10-08:30,23.687029999999993
2025-03-20,08:40-09:20,63.51985333333323
2025-03-20,09:50-10:00,14.967356333333381
2025-03-20,11:00-11:40,100.27813666666691
2025-03-20,12:30-12:50,105.2604433333334
2025-03-20,13:10-13:20,12.958416666666764
2025-03-20,14:50-17:20,556.103933333333
2025-03-20,18:00-18:20,11.69466999999986
2025-03-20,18:40-19:10,105.01928933333312
2025-03-20,19:50-20:20,53.693516666666596
2025-03-20,21:10-22:00,41.896029999999996
2025-03-20,23:30-23:50,82.60422666666653
2025-03-21,00:10-00:40,42.704533333333416
2025-03-21,01:10-01:40,48.09184333333326
2025-03-21,02:00-03:00,122.48877333333309
2025-03-21,03:20-03:50,43.12898666666672
2025-03-21,04:20-04:30,7.936663333333286
2025-03-21,05:00-05:20,21.604023333333373
2025-03-21,06:20-07:00,41.22027666666662
2025-03-21,14:30-14:50,25.639853333333406
2025-03-21,18:00-18:20,7.115043333333233
2025-03-21,18:40-19:10,46.31226333333325
2025-03-21,19:30-20:00,73.66909999999996
2025-03-21,20:20-20:40,54.882936666666524
2025-03-21,21:20-21:40,12.608739000000014
2025-03-21,22:10-23:00,97.26603999999998
2025-03-21,23:20-23:30,29.781859999999938
2025-03-22,00:50-01:00,4.7476533333332895
2025-03-22,01:30-01:50,55.881526666666616
2025-03-22,02:30-03:10,37.71490999999992
2025-03-22,04:00-04:20,5.55221333333327
2025-03-22,04:30-06:00,178.77912999999978
2025-03-22,06:50-07:10,5.302203333333267
2025-03-22,12:20-12:40,152.42449333333354
2025-03-22,13:00-14:10,529.8068033333336
2025-03-22,14:20-14:50,113.32922000000019
2025-03-22,15:50-16:20,122.89754133333334
2025-03-22,18:10-18:30,2.1640266666666435
2025-03-22,18:50-19:00,12.705963333333273
2025-03-22,19:50-20:00,0.38662666666664336
2025-03-22,20:20-20:40,2.3051733333333004
2025-03-22,22:20-22:40,15.442760000000135
2025-03-22,22:50-23:40,62.20629000000008
2025-03-22,23:50-24:00,22.73930666666672
2025-03-23,00:00-00:10,2.0449466666666467
2025-03-23,00:30-01:00,48.8685099999999
2025-03-23,01:20-01:40,3.96894999999995
2025-03-23,01:50-02:00,0.8224033333332272
2025-03-23,02:10-03:00,83.99382666666645
2025-03-23,03:20-03:40,58.50517333333323
2025-03-23,04:00-04:20,55.784276666666756
2025-03-23,04:40-05:30,57.60157666666646
2025-03-23,05:50-07:00,173.51710999999943
2025-03-23,07:30-08:10,51.873433333333196
2025-03-23,09:10-10:10,326.41965436666686
2025-03-23,10:30-11:30,446.04828333333376
2025-03-23,12:10-12:30,130.91634000000022
2025-03-23,12:40-13:00,91.50386000000017
2025-03-23,17:20-17:30,13.990596666666647
2025-03-23,17:40-18:00,11.494199999999637
2025-03-23,18:50-19:30,36.08541999999977
2025-03-23,19:40-20:00,24.540116666666563
2025-03-23,20:20-20:40,35.84808333333319
2025-03-23,20:50-21:00,34.00271000000009
2025-03-23,21:40-22:10,36.81784333333326
2025-03-23,22:20-22:50,25.699440000000095
2025-03-24,00:00-00:20,27.31379333333348
2025-03-24,01:50-02:00,5.169070000000033
2025-03-24,02:20-02:30,29.76021000000003
2025-03-24,02:50-03:50,66.6639833333328
2025-03-24,04:10-04:30,20.34031666666658
2025-03-24,05:00-06:40,201.39728666666565
2025-03-24,07:00-07:20,35.943038333333334
2025-03-24,07:40-08:00,56.66991999999988
2025-03-24,08:20-08:40,24.905769999999848
2025-03-24,09:10-09:20,0.3161166666666304
2025-03-24,11:40-11:50,19.44538000000017
2025-03-24,12:10-12:30,45.54631000000012
2025-03-24,13:50-15:40,634.847326333333
2025-03-24,15:50-16:00,24.906116666666662
2025-03-24,16:20-16:40,23.54898999999989
2025-03-24,17:20-17:30,8.373693333333222
2025-03-24,17:50-18:30,65.43933000000004
2025-03-24,22:50-23:10,74.20128333333332
2025-03-24,23:30-24:00,125.35546
2025-03-25,00:10-00:30,12.08446000000015
2025-03-25,00:40-01:00,36.44799666666654
2025-03-25,01:20-02:20,83.90375999999958
2025-03-25,02:30-02:50,38.29673666666656
2025-03-25,03:00-03:20,49.679226666666636
2025-03-25,03:40-04:10,113.56893333333312
2025-03-25,04:40-04:50,0.07410333333325525
2025-03-25,05:10-07:10,254.95182666666608
2025-03-25,08:20-08:30,3.789096666666694
2025-03-25,08:50-09:00,33.287049999999965
2025-03-25,09:30-12:30,1616.8395234000013
2025-03-25,14:40-17:00,408.0543300000001
2025-03-25,18:40-18:50,5.021204999999966
2025-03-25,19:10-19:40,45.28817000000004
2025-03-25,19:50-20:30,53.6978366666666
2025-03-25,21:00-21:20,10.957739999999944
2025-03-25,22:30-22:50,68.0647600000002
2025-03-25,23:00-23:30,37.541313333333164
2025-03-25,23:50-24:00,7.33604333333335
2025-03-26,00:20-00:40,29.306389999999965
2025-03-26,01:00-01:20,21.70891333333327
2025-03-26,01:30-02:00,35.75145999999984
2025-03-26,02:20-02:30,17.070619999999963
2025-03-26,03:00-03:10,5.1215499999999565
2025-03-26,03:30-04:00,54.741976666666346
2025-03-26,04:10-04:40,42.30358999999987
2025-03-26,05:10-05:50,90.31312666666668
2025-03-26,07:30-08:20,146.18234333333328
2025-03-26,08:40-08:50,13.099133333333327
2025-03-26,13:10-13:50,201.75113666666678
2025-03-26,15:10-15:20,9.468729999999994
2025-03-26,17:50-18:00,13.60071999999991
2025-03-26,18:50-19:00,18.47365666666667
2025-03-26,19:20-19:40,4.770936666666671
2025-03-26,20:00-20:20,11.12622999999985
2025-03-26,21:30-21:40,5.3939699999999675
2025-03-26,22:00-22:20,70.73481333333325
2025-03-26,23:20-24:00,51.21124333333353
2025-03-27,01:10-01:40,71.16566666666654
2025-03-27,01:50-03:00,231.22577666666632
2025-03-27,03:50-04:10,37.80097333333322
2025-03-27,04:20-05:20,146.01942999999994
2025-03-27,05:30-05:40,3.687263333333476
2025-03-27,06:20-06:40,23.545273333333284
2025-03-27,07:50-08:20,66.34750666666667
2025-03-27,10:00-10:20,28.15498299999983
2025-03-27,10:30-11:00,241.6873433333333
2025-03-27,12:50-14:30,592.2636253333334
2025-03-27,15:30-17:20,448.11012333333315
2025-03-27,18:50-19:10,23.961133333333237
2025-03-27,19:40-20:00,24.24595333333332
2025-03-27,21:20-22:00,86.55257999999981
2025-03-27,22:30-23:30,72.0016999999998
2025-03-27,23:50-24:00,1.8079166666665856
2025-03-28,00:30-01:20,76.29507666666655
2025-03-28,01:30-02:40,135.2644433333333
2025-03-28,02:50-04:10,98.70182333333321
2025-03-28,05:20-05:40,51.55848666666651
2025-03-28,06:20-06:30,8.78502999999995
2025-03-28,07:00-07:50,281.88742766666655
2025-03-28,14:00-14:10,2.8075533333334306
2025-03-28,14:40-14:50,2.1271833333333916
2025-03-28,16:40-16:50,2.193303333333347
2025-03-28,17:30-17:50,3.5103666666665845
2025-03-28,18:00-18:30,24.094533333333345
2025-03-28,19:10-19:30,32.55026666666657
2025-03-28,20:20-20:30,4.691433333333293
2025-03-28,21:00-21:30,62.01724333333317
2025-03-28,22:30-22:50,39.27169000000009
2025-03-28,23:30-24:00,71.75528333333324
2025-03-29,00:00-00:10,11.011533333333261
2025-03-29,00:40-01:30,82.45739999999995
2025-03-29,01:50-02:20,31.966116666666665
2025-03-29,02:40-03:40,93.04516666666643
2025-03-29,04:00-05:40,227.51068999999967
2025-03-29,06:30-07:20,105.89138666666659
2025-03-29,16:00-17:30,240.30820266666646
2025-03-29,18:00-18:20,20.52198999999996
2025-03-29,18:40-18:50,4.774383333333333
2025-03-29,19:20-19:30,6.59384666666665
2025-03-29,19:50-20:10,59.621799999999894
2025-03-29,20:30-20:50,16.771863333333272
2025-03-29,21:50-22:00,0.07773000000020147
2025-03-29,22:20-22:30,12.932496666666793
2025-03-29,22:50-23:00,14.017796666666754
2025-03-29,23:50-24:00,8.383749999999964
2025-03-30,00:00-00:40,63.420873333333134
2025-03-30,01:30-02:20,168.21481333333315
2025-03-30,02:50-03:10,44.329756666666526
2025-03-30,03:30-04:30,188.69198333333316
2025-03-30,04:40-05:40,214.14859666666655
2025-03-30,06:00-06:20,33.70326999999986
2025-03-30,07:00-07:20,12.389236666666648
2025-03-30,08:40-09:10,86.54059333333308
2025-03-30,09:50-10:30,126.9239273333333
2025-03-30,11:40-12:10,56.551526666666916
2025-03-30,14:00-14:50,482.2662300000001
2025-03-30,15:50-16:00,13.528770000000009
2025-03-30,18:10-18:30,35.219403333333275
2025-03-30,19:00-19:20,37.658129999999915
2025-03-30,19:50-20:00,4.00186999999994
2025-03-30,20:30-20:40,9.472253333333356
2025-03-30,21:10-21:20,2.8366166666666004
2025-03-30,22:00-22:20,35.823009999999954
2025-03-30,22:40-23:00,4.12234333333322
2025-03-30,23:20-24:00,31.271209999999996
2025-03-31,00:00-01:00,89.92108333333329
2025-03-31,01:30-02:00,37.1161433333333
2025-03-31,02:10-02:30,13.278479999999831
2025-03-31,02:50-03:10,27.460573333333286
2025-03-31,04:00-04:10,11.451289999999972
2025-03-31,04:30-06:00,244.13032333333342
2025-03-31,06:20-06:30,2.224706666666634
2025-03-31,10:20-10:40,132.0118966666666
2025-03-31,11:10-15:20,2463.318578666667
2025-03-31,15:30-16:00,127.47517333333337
2025-03-31,16:20-17:10,206.73690999999997
2025-03-31,17:20-17:40,11.341093333333333
2025-03-31,19:20-19:30,11.947819999999865
2025-03-31,20:00-20:20,22.21282666666673
2025-03-31,20:50-21:00,18.59749666666653
2025-03-31,21:20-21:30,12.765829999999937
2025-03-31,21:50-22:00,2.242096666666612
2025-03-31,23:20-23:30,15.392229999999927
2025-04-01,00:00-00:20,18.67147666666665
2025-04-01,00:30-01:00,50.64246666666645
2025-04-01,01:10-01:30,41.06676333333314
2025-04-01,01:50-03:50,375.5121466666661
2025-04-01,04:10-05:50,323.43831999999964
2025-04-01,06:00-06:10,2.2978266666665377
2025-04-01,06:30-06:50,13.01413999999977
2025-04-01,09:10-10:10,383.88951926666675
2025-04-01,10:20-14:10,3866.4874733333345
2025-04-01,14:20-14:50,128.69210836666682
2025-04-01,15:00-16:30,244.44107933333282
2025-04-01,16:50-17:20,30.98804666666649
2025-04-01,17:30-18:10,80.27826333333337
2025-04-01,18:50-19:10,13.729359999999929
2025-04-01,19:30-19:40,5.262103333333243
2025-04-01,20:00-20:20,79.36015000000009
2025-04-01,20:30-20:50,22.14301666666654
2025-04-01,21:30-21:50,60.511539999999854
2025-04-01,22:50-23:00,11.69819666666649
2025-04-01,23:50-24:00,10.458536666666646
2025-04-02,00:00-01:00,57.019069999999715
2025-04-02,01:10-01:40,11.490149999999744
2025-04-02,02:00-02:20,38.9009299999999
2025-04-02,02:30-02:50,50.64106666666646
2025-04-02,03:00-06:40,595.399249999999
2025-04-02,07:00-13:30,5227.367592
2025-04-02,13:50-14:00,15.054393333333394
2025-04-02,14:20-14:30,25.04300599999989
2025-04-02,17:50-18:20,21.30222999999978
2025-04-02,19:20-19:50,58.468516666666574
2025-04-02,20:10-20:40,70.9385566666665
2025-04-02,21:30-21:50,2.607330000000047
2025-04-02,23:00-23:20,34.79856666666683
2025-04-02,23:30-23:50,30.506160000000023
2025-04-03,00:10-00:30,21.119033333333505
2025-04-03,00:40-01:00,15.19315666666671
2025-04-03,01:20-01:40,35.26334666666662
2025-04-03,01:50-02:50,116.27041999999994
2025-04-03,03:00-03:20,51.865903333333335
2025-04-03,03:40-04:40,131.0304033333332
2025-04-03,04:50-05:40,133.35098000000005
2025-04-03,05:50-09:30,917.5721169999994
2025-04-03,13:40-14:40,288.70039666666656
2025-04-03,15:00-15:50,100.37375666666654
2025-04-03,16:00-16:40,63.96543666666656
2025-04-03,18:20-18:30,9.224886666666634
2025-04-03,18:50-19:20,47.54649333333316
2025-04-03,20:20-20:40,34.45069999999998
2025-04-03,21:00-21:10,1.8167266666665682
2025-04-03,22:40-23:10,19.84495333333325
2025-04-03,23:20-23:50,88.39746333333323
2025-04-04,00:10-00:30,26.82396666666665
2025-04-04,00:50-01:00,16.418536666666625
2025-04-04,01:20-01:40,38.024623333333295
2025-04-04,02:10-02:40,89.33489666666668
2025-04-04,03:30-05:00,258.97621000000004
2025-04-04,05:10-05:40,47.64686333333333
2025-04-04,06:10-07:30,245.37535066666655
2025-04-04,18:20-18:40,25.857050000000015
2025-04-04,19:50-20:10,59.06051999999994
2025-04-04,20:50-21:00,1.0541699999999992
2025-04-04,22:40-23:00,43.354359999999986
2025-04-05,00:20-00:40,37.92144333333317
2025-04-05,01:00-01:50,115.06685333333331
2025-04-05,02:10-02:30,55.289976666666576
2025-04-05,03:00-04:50,227.7201866666665
2025-04-05,05:20-05:50,50.0370066666668
2025-04-05,06:00-06:20,23.830779999999947
2025-04-05,06:40-07:00,13.09537666666668
2025-04-05,13:10-13:50,340.7642233333337
2025-04-05,14:00-15:10,597.7060566666665
2025-04-05,17:10-17:50,85.19435333333325
2025-04-05,18:40-18:50,1.363903333333326
2025-04-05,19:20-19:50,37.507810000000006
2025-04-05,20:30-21:00,31.64337999999998
2025-04-05,21:50-22:10,17.080559999999878
2025-04-05,23:00-23:40,60.06954333333351
2025-04-06,01:00-01:20,9.939046666666627
2025-04-06,01:30-02:00,41.885739999999714
2025-04-06,02:30-02:50,41.121093333333306
2025-04-06,03:00-03:20,19.317756666666583
2025-04-06,03:40-05:10,217.67348999999967
2025-04-06,05:20-05:50,41.849873333333335
2025-04-06,06:30-07:00,84.65936666666664
2025-04-06,07:20-08:10,262.3995399999999
2025-04-06,08:40-08:50,22.13161333333332
2025-04-06,12:00-12:20,7.922833333333529
2025-04-06,14:40-16:00,155.2984239999998
2025-04-06,17:20-17:30,10.483379999999897
2025-04-06,18:50-19:00,35.421116666666535
2025-04-06,19:20-19:30,4.255076666666582
2025-04-06,19:50-20:30,30.35409333333348
2025-04-06,20:50-21:00,7.212706666666691
2025-04-06,21:20-21:40,24.20117999999991
2025-04-06,23:00-23:40,14.661393333333308
2025-04-07,01:00-01:20,51.626113333333365
2025-04-07,02:20-04:50,312.38970999999935
2025-04-07,05:00-05:40,47.11026666666646
2025-04-07,06:20-06:30,4.0056299999999965
2025-04-07,07:00-07:10,14.728539999999953
2025-04-07,07:40-07:50,3.9100933333332932
2025-04-07,11:50-13:30,550.4203266666668
2025-04-07,13:50-15:10,224.88573499999973
2025-04-07,18:20-18:30,2.0807133333332786
2025-04-07,20:00-20:20,28.1252466666665
2025-04-07,21:00-21:10,17.612963333333255
2025-04-07,21:30-21:50,23.958616666666558
2025-04-07,22:00-22:20,17.478093333333277
2025-04-07,22:40-23:30,70.58204000000023
2025-04-07,23:50-24:00,2.6481266666667125
2025-04-08,00:00-00:10,13.028080000000045
2025-04-08,00:40-01:00,16.56218666666655
2025-04-08,01:20-01:30,1.2393833333333077
2025-04-08,01:40-02:00,19.72230999999988
2025-04-08,02:30-02:50,18.918689999999856
2025-04-08,03:10-04:00,47.60564333333298
2025-04-08,04:10-04:50,74.29276999999979
2025-04-08,05:00-05:20,14.95085999999992
2025-04-08,05:30-07:50,538.535456666666
2025-04-08,08:00-09:00,286.83988666666653
2025-04-08,09:20-09:40,62.479064333333426
2025-04-08,10:20-10:40,69.72219666666672
2025-04-08,14:00-14:20,56.06966333333342
2025-04-08,15:30-16:10,51.82760333333323
2025-04-08,16:30-19:00,335.6128999999992
2025-04-08,19:40-20:00,30.73816999999997
2025-04-08,20:20-20:40,24.825906666666697
2025-04-08,21:00-21:20,18.04993333333323
2025-04-08,22:10-22:30,15.815333333333228
2025-04-08,22:40-24:00,109.4984033333335
2025-04-09,00:10-00:40,30.34403000000009
2025-04-09,01:00-01:30,55.944749999999885
2025-04-09,02:20-03:00,24.61856666666631
2025-04-09,03:40-04:50,175.30197999999996
2025-04-09,05:20-05:30,2.687786666666625
2025-04-09,06:10-08:00,399.31177333333284
2025-04-09,09:00-09:50,122.92577899999998
2025-04-09,10:10-16:30,3874.0848620000015
2025-04-09,18:10-18:30,29.89580000000001
2025-04-09,20:30-21:00,20.793663333333257
2025-04-09,21:50-22:00,31.416563333333443
2025-04-09,22:20-22:40,62.20946000000026
2025-04-09,23:10-23:50,36.222513333333154
2025-04-10,00:30-01:00,60.651443333333305
2025-04-10,01:20-01:50,41.40854999999988
2025-04-10,03:00-03:50,97.9890399999997
2025-04-10,04:10-05:30,137.48427999999956
2025-04-10,06:00-06:50,96.97128666666663
2025-04-10,07:00-07:30,85.49409333333324
2025-04-10,07:50-08:10,12.704290000000071
2025-04-10,09:00-10:40,771.3583286666671
2025-04-10,12:50-13:10,26.50028666666674
2025-04-10,13:30-13:40,7.957126666666682
2025-04-10,14:20-14:40,37.392065333333285
2025-04-10,15:50-17:30,380.9307433333331
2025-04-10,17:50-18:10,31.879660000000058
2025-04-10,19:00-19:20,34.58856333333313
2025-04-10,20:40-20:50,6.792283333333216
2025-04-10,21:30-22:00,55.0485799999999
2025-04-10,23:20-23:30,14.694853333333299
2025-04-11,00:20-00:40,10.961303333333262
2025-04-11,01:00-01:30,100.70248666666663
2025-04-11,03:10-06:50,481.9406466666662
2025-04-11,16:30-16:50,8.512759999999972
2025-04-11,17:20-17:30,1.7884566666666615
2025-04-11,18:30-19:40,145.81289999999996
2025-04-11,21:10-21:30,8.149633333333327
2025-04-11,21:50-22:40,95.29854666666677
2025-04-11,23:00-23:20,53.21354999999994
2025-04-11,23:40-23:50,8.552970000000016
2025-04-12,00:30-00:50,45.165880000000016
2025-04-12,01:40-01:50,9.750813333333326
2025-04-12,03:00-03:50,112.69313333333321
2025-04-12,04:30-04:40,2.427733333333265
2025-04-12,05:10-05:40,22.512179999999944
2025-04-12,05:50-06:00,7.969259999999963
2025-04-12,12:00-12:10,154.29653666666673
2025-04-12,12:20-12:50,230.83920333333356
2025-04-12,13:00-14:10,374.65261666666675
2025-04-12,14:30-15:00,85.00073333333347
2025-04-12,16:30-16:50,78.81434533333335
2025-04-12,17:40-18:00,77.53873333333325
2025-04-12,19:30-19:40,0.8343166666666093
2025-04-12,20:10-20:30,7.186326666666616
2025-04-12,22:40-23:10,26.708030000000235
2025-04-13,00:50-01:00,5.733863333333261
2025-04-13,02:20-02:40,66.18831333333321
2025-04-13,03:10-03:20,3.0571633333332784
2025-04-13,04:20-04:40,14.943419999999946
2025-04-13,05:00-05:20,63.52820333333318
2025-04-13,05:40-07:20,290.14397666666616
2025-04-13,08:00-08:20,47.87105333333329
2025-04-13,08:40-10:50,421.18273066666666
2025-04-13,11:10-12:00,167.90253666666663
2025-04-13,12:20-13:40,267.8137300000002
2025-04-13,16:00-17:30,253.29555999999974
2025-04-13,19:10-19:30,41.127790000000005
2025-04-13,19:50-20:10,10.827709999999911
2025-04-13,20:30-21:20,84.84860999999955
2025-04-13,21:50-22:00,3.8894966666669006
2025-04-13,22:40-23:00,27.748060000000123
2025-04-14,00:20-00:50,91.36004333333312
2025-04-14,01:00-01:40,55.20803666666666
2025-04-14,02:00-03:10,121.23181999999963
2025-04-14,03:30-04:20,80.57645999999988
2025-04-14,04:30-05:20,105.8908666666664
2025-04-14,05:30-06:10,84.73105666666675
2025-04-14,06:40-07:50,263.698163333333
2025-04-14,08:20-08:30,19.095373333333356
2025-04-14,09:00-09:20,15.378287666666651
2025-04-14,10:20-10:50,90.7013433333334
2025-04-14,12:00-12:30,225.03134000000017
2025-04-14,13:40-13:50,2.2624533333332977
2025-04-14,14:00-14:20,46.87519666666665
2025-04-14,18:30-18:50,70.32629066666667
2025-04-14,19:00-19:20,16.823519999999917
2025-04-14,19:30-19:50,38.84392333333324
2025-04-14,20:30-20:40,15.369689999999991
2025-04-14,21:30-21:50,24.436773333333235
2025-04-14,22:10-22:20,8.004103333333319
2025-04-14,23:00-23:20,19.38153333333321
2025-04-15,01:10-01:30,29.702926666666713
2025-04-15,01:50-02:00,2.5636500000000524
2025-04-15,02:20-02:30,25.228336666666678
2025-04-15,03:00-03:20,15.451513333333196
2025-04-15,03:50-04:00,13.151953333333267
2025-04-15,05:20-05:40,10.498699999999758
2025-04-15,06:00-06:10,2.9246133333333546
2025-04-15,06:30-07:00,38.14083666666659
2025-04-15,07:30-07:50,44.9537
2025-04-15,12:50-15:50,816.3717033000003
2025-04-15,16:00-16:10,2.8362266666667324
2025-04-15,16:50-17:00,6.4988266666665595
2025-04-15,19:00-19:20,8.313979999999788
2025-04-15,19:30-20:00,42.54383000000007
2025-04-15,20:30-21:10,23.46756000000005
2025-04-15,21:30-22:00,35.7481233333333
2025-04-15,22:50-23:00,9.776663333333317
2025-04-16,00:30-01:10,73.22766333333323
2025-04-16,01:20-02:00,78.61478333333321
2025-04-16,02:20-02:40,35.03761999999983
2025-04-16,03:40-04:10,85.8334033333332
2025-04-16,04:50-05:20,41.28605333333337
2025-04-16,05:50-06:00,5.369626666666477
2025-04-16,06:50-07:50,228.3703333333334
2025-04-16,08:00-09:00,237.66998900000004
2025-04-16,09:30-10:40,549.7347016666665
2025-04-16,10:50-12:50,958.8684700000001
2025-04-16,13:30-14:00,84.60127000000006
2025-04-16,14:20-15:40,268.860042333333
2025-04-16,16:00-16:20,43.506843333333336
2025-04-16,18:30-19:00,48.233293333333194
2025-04-16,19:20-19:30,1.5317133333333004
2025-04-16,21:00-21:20,31.374979999999823
2025-04-16,21:30-21:40,5.9705366666665896
2025-04-16,22:40-23:10,40.88738000000012
2025-04-16,23:30-24:00,34.32967000000008
2025-04-17,00:40-01:10,35.14541333333318
2025-04-17,01:30-01:50,8.566016666666542
2025-04-17,02:10-02:30,9.868413333333251
2025-04-17,02:50-03:00,25.923246666666614
2025-04-17,03:20-03:30,8.744373333333328
2025-04-17,03:50-04:10,22.186909999999898
2025-04-17,05:30-05:50,16.271706666666432
2025-04-17,06:30-08:40,399.6697899999998
2025-04-17,10:20-11:10,250.6062533333334
2025-04-17,12:50-13:40,151.8770833333332
2025-04-17,14:00-14:50,240.38604799999993
2025-04-17,16:00-17:30,130.6813266666665
2025-04-17,17:50-18:10,23.84516333333329
2025-04-17,19:20-19:30,8.555879999999888
2025-04-17,19:50-20:00,12.473346666666657
2025-04-17,20:20-20:30,7.627086666666742
2025-04-17,21:20-21:30,4.560516666666672
2025-04-17,22:40-23:00,8.520903333333194
2025-04-18,00:00-00:20,15.417793333333293
2025-04-18,01:00-01:10,3.1018499999999563
2025-04-18,01:50-03:00,157.4573966666665
2025-04-18,03:20-03:40,23.307683333333273
2025-04-18,03:50-05:10,79.14906999999982
2025-04-18,06:20-06:30,3.8091366666666033
2025-04-18,14:30-14:40,6.440626666666674
2025-04-18,14:50-15:50,266.2830399999999
2025-04-18,18:10-18:50,51.834873333333235
2025-04-18,20:40-20:50,4.256106666666653
2025-04-18,21:40-22:00,15.53064999999998
2025-04-18,23:00-23:10,26.06370333333325
2025-04-19,00:00-00:20,34.37774999999999
2025-04-19,00:50-01:00,5.332273333333319
2025-04-19,01:50-02:30,117.36647999999997
2025-04-19,03:00-03:10,1.4219966666666437
2025-04-19,03:30-04:20,58.29715666666658
2025-04-19,05:20-05:40,23.790820000000224
2025-04-19,06:20-06:30,13.465746666666632
2025-04-19,06:50-07:30,108.75836133333331
2025-04-19,17:20-17:30,0.9720533333333208
2025-04-19,18:50-19:20,54.07033333333328
2025-04-19,22:00-22:20,67.97407000000021
2025-04-19,23:40-23:50,9.474886666666691
2025-04-20,00:30-00:50,16.039713333333225
2025-04-20,01:10-01:20,17.240956666666648
2025-04-20,02:10-02:30,31.691286666666656
2025-04-20,02:50-03:00,2.090439999999944
2025-04-20,03:30-04:10,40.22004333333314
2025-04-20,04:40-05:00,65.24271666666675
2025-04-20,05:20-05:40,35.16598666666664
2025-04-20,06:10-06:40,48.51794999999987
2025-04-20,07:10-09:40,755.990586833333
2025-04-20,12:00-12:50,90.82281999999992
2025-04-20,13:50-14:30,278.23869600000006
2025-04-20,16:10-17:20,150.90212333333307
2025-04-20,17:40-18:00,6.24750333333327
2025-04-20,23:00-23:20,19.767166666666753
2025-04-20,23:50-24:00,28.796249999999986
2025-04-21,00:20-01:00,62.20361666666645
2025-04-21,01:10-01:40,37.24002999999993
2025-04-21,02:30-02:50,34.30051000000003
2025-04-21,03:00-03:40,95.81015999999977
2025-04-21,04:00-05:40,216.4869533333332
2025-04-21,06:00-06:40,84.75337333333306
2025-04-21,08:00-08:20,38.211279999999874
2025-04-21,10:00-10:20,33.069263333333254
2025-04-21,11:10-11:30,40.3284933333336
2025-04-21,18:00-18:10,14.238736666666682
2025-04-21,18:40-19:10,12.974663666666629
2025-04-21,20:00-20:40,66.05799666666644
2025-04-21,21:00-21:30,35.02803999999992
2025-04-21,22:00-22:10,3.3258299999999963
2025-04-21,22:30-23:00,93.39852333333351
2025-04-22,00:30-00:50,43.268106666666654
2025-04-22,01:00-01:20,4.970066666666412
2025-04-22,01:40-01:50,7.171296666666649
2025-04-22,02:00-02:10,2.45939333333331
2025-04-22,02:40-03:00,10.536686666666583
2025-04-22,03:20-03:50,73.39310333333333
2025-04-22,04:10-04:30,34.628359999999816
2025-04-22,04:50-05:10,75.45713333333322
2025-04-22,05:50-06:20,24.638966666666647
2025-04-22,06:40-08:00,263.3451
2025-04-22,10:10-10:20,0.13890666666674178
2025-04-22,11:40-13:00,656.4655800000004
2025-04-22,13:20-13:50,91.2431366666666
2025-04-22,14:00-15:30,441.71684927366664
2025-04-22,18:20-18:40,38.57145333333335
2025-04-22,19:40-19:50,1.3757233333334398
2025-04-22,21:10-21:50,62.36653666666655
2025-04-22,22:10-22:30,12.521363333333397
2025-04-22,23:10-23:20,4.745829999999842
2025-04-22,23:40-24:00,50.03749999999991
2025-04-23,00:00-01:10,166.594103333333
2025-04-23,01:40-02:20,41.71564999999987
2025-04-23,02:50-03:00,1.8462633333333542
2025-04-23,03:20-03:40,31.977443333333326
2025-04-23,04:00-04:20,16.61076333333324
2025-04-23,04:50-05:20,38.704903333333164
2025-04-23,05:30-05:50,51.03288999999984
2025-04-23,06:00-06:20,12.274466666666626
2025-04-23,07:00-07:30,122.26241999999999
2025-04-23,07:50-08:00,17.31187333333338
2025-04-23,08:30-08:50,31.243859999999813
2025-04-23,11:10-14:30,813.4425610000005
2025-04-23,14:50-15:00,0.013159999999984962
2025-04-23,18:20-18:40,34.77156999999988
2025-04-23,19:50-20:10,22.148133333333135
2025-04-23,21:10-21:50,50.71987666666655
2025-04-23,22:50-23:10,11.158449999999675
2025-04-23,23:50-24:00,5.1506200000000035
2025-04-24,00:00-00:10,14.67691333333346
2025-04-24,00:30-00:50,21.819806666666636
2025-04-24,01:00-01:20,21.82583333333332
2025-04-24,01:40-02:20,20.615806666666685
2025-04-24,02:50-03:00,3.3443300000000136
2025-04-24,03:20-03:40,25.272766666666598
2025-04-24,05:20-06:40,159.8378966666662
2025-04-24,10:00-10:10,11.942573333333428
2025-04-24,11:10-11:20,9.643213333333392
2025-04-24,11:50-12:00,8.622540000000015
2025-04-24,17:00-17:20,23.69122333333314
2025-04-24,17:30-17:50,25.47879999999975
2025-04-24,18:10-18:40,48.13447999999971
2025-04-24,19:20-19:40,11.771736666666584
2025-04-24,20:20-20:30,12.610836666666614
2025-04-24,21:10-21:40,43.14435999999989
2025-04-24,23:50-24:00,14.348330000000033
2025-04-25,00:00-00:10,0.17025000000001
2025-04-25,00:30-00:50,51.59758999999997
2025-04-25,01:20-01:30,7.859219999999993
2025-04-25,04:00-04:20,50.48179666666664
2025-04-25,04:50-05:00,14.665623333333315
2025-04-25,05:20-05:30,1.8836100000000329
2025-04-25,06:30-06:50,38.07392566666664
2025-04-25,12:50-13:20,149.58052333333376
2025-04-25,18:30-18:50,43.66121666666663
2025-04-25,19:20-19:30,6.124053333333279
2025-04-25,20:00-20:30,37.03852333333339
2025-04-25,20:50-21:00,5.775083333333328
2025-04-25,21:30-21:50,16.969476666666594
2025-04-25,22:00-22:10,13.124013333333323
2025-04-25,22:40-23:00,35.611793333333196
2025-04-25,23:30-23:50,31.869996666666566
2025-04-26,00:30-01:20,66.07517333333323
2025-04-26,01:40-02:00,9.24642666666665
2025-04-26,02:30-02:50,36.52782666666667
2025-04-26,03:10-03:30,13.14560333333327
2025-04-26,04:20-04:30,33.69006000000002
2025-04-26,05:00-05:20,39.48161333333326
2025-04-26,05:40-06:10,85.26906999999994
2025-04-26,13:10-13:30,25.690596666666806
2025-04-26,13:50-14:30,196.52798666666683
2025-04-26,14:40-15:20,167.8726833333335
2025-04-26,16:20-17:50,176.7427656666666
2025-04-26,18:20-19:10,102.41236333333319
2025-04-26,19:30-19:40,9.576619999999991
2025-04-26,20:50-21:00,19.42074333333335
2025-04-26,21:40-21:50,1.6501533333333214
2025-04-26,22:20-22:40,46.819376666666585
2025-04-26,22:50-23:00,3.8709966666665423
2025-04-26,23:30-23:50,11.059489999999983
2025-04-27,00:20-00:50,102.64319333333322
2025-04-27,01:00-01:20,16.649183333333326
2025-04-27,03:20-04:00,92.92487333333304
2025-04-27,05:50-06:00,24.640849999999887
2025-04-27,06:20-06:40,57.7471166666665
2025-04-27,06:50-09:20,575.8901264
2025-04-27,10:40-10:50,29.882116666666604
2025-04-27,13:00-13:10,20.88574666666659
2025-04-27,13:40-13:50,18.70690333333323
2025-04-27,14:40-17:30,933.330273333333
2025-04-27,17:50-18:10,54.67945666666674
2025-04-27,18:40-18:50,13.30164366666665
2025-04-27,19:30-19:50,25.756953333333172
2025-04-27,20:00-20:20,1.3034266666664962
2025-04-27,21:10-21:20,7.772260000000074
2025-04-27,22:20-22:30,3.608496666666724
2025-04-27,23:00-23:20,42.83203999999978
2025-04-27,23:50-24:00,30.218746666666675
2025-04-28,00:00-00:10,8.0311866666666
2025-04-28,00:30-01:20,48.7822433333331
2025-04-28,01:40-02:00,73.56912666666665
2025-04-28,02:20-02:30,0.25594999999987067
2025-04-28,02:50-03:00,10.847713333333331
2025-04-28,03:20-03:30,12.923536666666564
2025-04-28,03:50-04:00,4.6406266666666625
2025-04-28,04:20-04:40,29.47041333333334
2025-04-28,05:50-06:10,14.912129999999934
2025-04-28,06:50-07:10,38.30812333333324
2025-04-28,07:20-07:30,8.819666666666649
2025-04-28,07:40-17:10,7611.896739933333
2025-04-28,17:20-18:00,51.250729999999976
2025-04-28,18:20-18:30,2.382516666666561
2025-04-28,19:00-19:10,7.120519999999942
2025-04-28,20:40-21:00,56.07450666666671
2025-04-28,21:50-22:20,21.700673333333384
2025-04-28,23:50-24:00,2.037083333333271
2025-04-29,00:20-00:40,9.413630000000012
2025-04-29,01:10-01:20,1.8299266666665517
2025-04-29,02:40-02:50,1.6529933333333702
2025-04-29,03:40-04:10,29.803333333333285
2025-04-29,04:20-04:30,2.5219133333332593
2025-04-29,06:40-06:50,1.8253333333332762
2025-04-29,11:20-11:30,19.028603333333137
2025-04-29,11:40-12:00,25.598096666666777
2025-04-29,14:40-17:20,926.0003542333327
2025-04-29,18:00-18:10,4.276083333333304
2025-04-29,18:30-18:40,5.277400000000057
2025-04-29,19:10-19:20,5.735816666666665
2025-04-29,20:10-20:30,31.037933333333058
2025-04-29,22:20-22:40,15.118510000000015
2025-04-29,23:30-23:40,10.850329999999985
2025-04-30,01:10-01:20,14.887816666666595
2025-04-30,01:30-01:40,1.4320433333332403
2025-04-30,02:10-02:40,90.08211333333327
2025-04-30,06:00-06:20,49.74247333333335
2025-04-30,06:30-07:50,200.93744333333314
2025-04-30,10:10-13:10,1786.2073
2025-04-30,19:10-19:30,26.481149999999957
2025-04-30,19:50-20:10,11.394633333333218
2025-04-30,20:40-21:20,93.18362333333312
2025-04-30,22:10-22:20,5.907329999999888
2025-04-30,23:40-24:00,71.59849666666673
2025-05-01,00:00-00:10,21.303063333333284
2025-05-01,00:20-00:40,9.482453333333183
2025-05-01,02:10-02:30,28.81431999999984
2025-05-01,03:10-04:10,96.52283666666642
2025-05-01,04:20-04:40,48.55460333333326
2025-05-01,05:10-05:20,11.21812333333321
2025-05-01,06:00-09:30,1064.2696293999995
2025-05-01,13:20-13:30,8.475330000000099
2025-05-01,14:40-15:00,49.69748956666675
2025-05-01,15:20-15:30,23.213466666666648
2025-05-01,15:50-16:10,54.007613333333154
2025-05-01,16:20-24:00,2656.9883433333302
2025-05-02,00:00-00:10,12.50165666666669
2025-05-02,01:20-01:50,30.93485333333325
2025-05-02,02:10-02:20,0.5134466666667095
2025-05-02,02:50-03:00,21.62208000000004
2025-05-02,03:30-03:40,3.8561233333333007
2025-05-02,04:20-05:30,88.20150333333316
2025-05-02,05:50-07:30,424.19362299999995
2025-05-02,12:40-16:00,2849.335756666667
2025-05-02,16:10-23:20,2633.561384333332
2025-05-02,23:30-24:00,132.82148999999987
2025-05-03,00:30-00:40,5.024920000000009
2025-05-03,01:10-02:00,147.94160666666642
2025-05-03,03:50-04:00,17.077499999999986
2025-05-03,04:20-04:30,16.013666666666666
2025-05-03,04:50-05:10,13.851259999999968
2025-05-03,05:30-06:00,29.106216666666683
2025-05-03,06:30-07:20,134.9448833333334
2025-05-03,12:10-12:30,121.99038666666672
2025-05-03,12:50-13:00,33.04104000000018
2025-05-03,13:20-14:10,271.11906666666675
2025-05-03,14:30-14:50,11.49356333333344
2025-05-03,15:00-15:10,51.236376666666615
2025-05-03,16:10-16:30,47.57522433333336
2025-05-03,16:50-17:40,169.83660666666663
2025-05-03,18:10-22:00,1529.7605466666655
2025-05-03,22:10-22:40,104.32242666666644
2025-05-03,22:50-24:00,149.6767433333335
2025-05-04,00:00-01:20,203.90768766666656
2025-05-04,01:50-02:00,3.916629999999941
2025-05-04,02:50-03:30,61.75098666666645
2025-05-04,04:00-04:20,40.24128666666661
2025-05-04,05:00-05:20,31.02152999999987
2025-05-04,05:30-05:50,23.87853666666649
2025-05-04,11:00-11:40,184.67576333333338
2025-05-04,12:00-13:30,485.9228866666668
2025-05-04,16:30-18:20,279.5172133333331
2025-05-04,18:30-23:50,1807.034576666666
2025-05-05,00:00-00:30,132.45396666666625
2025-05-05,00:50-01:00,22.11333666666667
2025-05-05,01:30-01:40,2.6428099999999404
2025-05-05,02:00-02:20,96.72041999999976
2025-05-05,03:50-04:00,10.549789999999916
2025-05-05,04:50-05:10,25.327896666666675
2025-05-05,05:20-05:40,23.505859999999757
2025-05-05,06:00-10:30,2038.4318499999995
2025-05-05,12:50-13:20,125.01814333333351
2025-05-05,13:30-14:00,216.05742333333328
2025-05-05,16:20-17:50,612.4711099999998
2025-05-05,18:00-24:00,1595.7980199999993
2025-05-06,00:20-01:20,155.19857999999965
2025-05-06,02:00-02:40,65.93313666666654
2025-05-06,03:00-03:30,45.06574666666654
2025-05-06,04:00-04:50,162.64565666666635
2025-05-06,05:00-05:20,26.69214666666653
2025-05-06,06:00-06:50,123.70206999999982
2025-05-06,07:00-08:40,811.8108466666667
2025-05-06,08:50-10:20,874.9832731333337
2025-05-06,14:20-14:30,7.837680000000077
2025-05-06,15:40-15:50,0.9145633333333194
2025-05-06,16:30-23:30,2056.496353333332
2025-05-06,23:40-24:00,26.02367333333325
2025-05-07,00:20-01:00,112.32667333333325
2025-05-07,02:20-02:40,15.775429999999915
2025-05-07,02:50-03:10,9.998629999999935
2025-05-07,04:10-04:20,1.7100766666665095
2025-05-07,05:00-05:30,58.77591666666649
2025-05-07,06:20-07:30,181.3772733333329
2025-05-07,07:50-08:00,4.93313999999998
2025-05-07,08:10-08:30,22.81958999999992
2025-05-07,08:40-09:30,280.6117310000001
2025-05-07,09:50-10:00,8.122453333333226
2025-05-07,10:10-10:40,85.03016666666693
2025-05-07,10:50-11:20,100.00261000000017
2025-05-07,14:00-18:20,1575.0606166666666
2025-05-07,18:30-23:20,1555.587096666666
2025-05-07,23:50-24:00,19.101869999999963
2025-05-08,00:00-00:30,96.11835333333306
2025-05-08,02:20-02:50,24.74251333333325
2025-05-08,03:00-03:20,13.525379999999927
2025-05-08,04:50-05:20,101.47541666666643
2025-05-08,06:00-06:10,0.9884333333332052
2025-05-08,08:40-08:50,9.533220000000114
2025-05-08,09:00-09:30,67.22830466666667
2025-05-08,10:00-13:20,1210.1149766666672
2025-05-08,13:30-15:50,766.3359473666669
2025-05-08,17:40-18:00,115.13917666666669
2025-05-08,18:30-23:10,1094.737196666665
2025-05-08,23:30-24:00,103.21118000000001
2025-05-09,00:00-00:10,16.27515333333332
2025-05-09,00:30-01:10,119.3190266666665
2025-05-09,01:40-01:50,16.52380333333332
2025-05-09,02:20-03:10,67.1633733333332
2025-05-09,06:10-06:50,19.55513000000002
2025-05-09,07:00-07:30,81.31407833333333
2025-05-09,15:50-16:00,84.53414000000001
2025-05-09,16:50-17:40,240.6702280000001
2025-05-09,18:00-18:20,70.84984666666645
2025-05-09,18:30-18:50,22.352669999999875
2025-05-09,19:00-19:30,110.02762000000007
2025-05-09,19:40-22:10,659.1953466666664
2025-05-09,23:00-23:20,1.7699833333332435
2025-05-10,01:10-01:20,4.053423333333285
2025-05-10,01:50-02:00,6.228499999999997
2025-05-10,02:20-02:30,11.326666666666654
2025-05-10,02:50-03:20,42.54433333333327
2025-05-10,04:00-04:20,41.40519666666654
2025-05-10,05:20-05:40,34.88506666666677
2025-05-10,07:30-07:50,25.89413333333338
2025-05-10,12:40-14:40,861.7408500000003
2025-05-10,15:00-15:20,13.848473333333459
2025-05-10,16:10-17:00,205.55536533666668
2025-05-10,17:50-19:00,214.8889599999997
2025-05-10,19:20-23:30,1063.05179
2025-05-11,00:50-01:00,21.461169999999925
2025-05-11,01:20-02:20,123.212173333333
2025-05-11,02:30-02:50,36.696523333333175
2025-05-11,03:10-03:30,18.953666666666663
2025-05-11,03:50-04:00,19.087130000000002
2025-05-11,04:20-05:20,60.60264666666626
2025-05-11,09:30-10:20,391.82292700000005
2025-05-11,10:40-12:20,579.75137
2025-05-11,13:40-16:00,573.7181619999997
2025-05-11,17:00-17:20,35.947563333333164
2025-05-11,17:30-17:50,70.07933999999989
2025-05-11,18:00-22:00,1019.4267666666652
2025-05-11,22:10-22:40,70.70749333333333
2025-05-11,22:50-24:00,247.26352666666662
2025-05-12,00:50-01:10,13.39117999999985
2025-05-12,01:30-01:50,67.52778999999987
2025-05-12,02:20-02:30,12.453329999999937
2025-05-12,02:50-03:20,52.128646666666555
2025-05-12,04:20-04:30,10.907073333333187
2025-05-12,05:50-06:00,3.9428466666666964
2025-05-12,11:30-13:10,1186.5099433333335
2025-05-12,16:00-18:40,683.9763166666665
2025-05-12,18:50-19:40,262.7911433333329
2025-05-12,20:00-21:10,187.70562333333294
2025-05-12,21:40-22:30,110.9657033333333
2025-05-12,22:50-23:10,30.622550000000047
2025-05-12,23:20-23:30,4.434130000000096
2025-05-13,00:50-01:10,40.23108333333323
2025-05-13,01:50-02:00,1.3649599999999964
2025-05-13,04:10-04:30,47.15210666666667
2025-05-13,05:40-06:00,49.54853899999995
2025-05-13,07:00-07:20,46.20545666666652
2025-05-13,08:10-08:30,43.164193333333344
2025-05-13,10:10-10:40,87.47059000000013
2025-05-13,11:40-12:10,234.90869666666688
2025-05-13,16:00-16:30,47.94561333333331
2025-05-13,17:20-18:00,90.39816666666638
2025-05-13,18:20-18:30,0.7229533333334075
2025-05-13,18:50-21:30,587.8706466666656
2025-05-13,22:20-23:30,88.29575000000045
2025-05-14,03:20-04:10,72.89846333333321
2025-05-14,04:30-05:00,46.270619999999894
2025-05-14,05:40-06:00,19.773539999999798
2025-05-14,06:10-06:50,161.53568333333305
2025-05-14,10:50-11:30,80.39005666666671
2025-05-14,13:20-13:30,2.2650199999999927
2025-05-14,17:00-19:20,560.8030333333327
2025-05-14,19:40-22:50,472.5374366666666
2025-05-14,23:00-23:20,46.65433333333317
2025-05-14,23:30-23:50,39.502163333333215
2025-05-15,01:50-02:10,39.543393333333256
2025-05-15,02:30-03:00,41.93799999999976
2025-05-15,04:20-04:50,43.41540333333319
2025-05-15,05:50-06:30,54.67683999999963
2025-05-15,06:40-07:50,319.43898666666655
2025-05-15,14:20-14:30,24.38651433333345
2025-05-15,14:50-15:30,141.70662799999997
2025-05-15,15:50-16:50,453.9766233333334
2025-05-15,17:10-17:40,96.27517666666677
2025-05-15,18:40-19:10,60.958772466666346
2025-05-15,20:50-21:30,129.94294333333312
2025-05-15,21:50-22:30,146.69581666666681
2025-05-15,23:10-23:30,9.691453333333243
2025-05-15,23:50-24:00,4.171873333333281
2025-05-16,00:10-00:40,67.55192599999992
2025-05-16,01:20-01:40,24.57458666666662
2025-05-16,02:00-02:10,3.5033899999999676
2025-05-16,04:40-05:20,21.052659999999833
2025-05-16,05:50-06:10,25.71777999999992
2025-05-16,13:10-13:20,3.223610000000008
2025-05-16,17:30-17:40,31.48885333333331
2025-05-16,18:10-18:50,95.35206
2025-05-16,19:30-19:40,3.0063166666666348
2025-05-16,20:00-20:30,79.0647399999998
2025-05-16,21:00-22:00,313.89687666666657
2025-05-16,22:20-24:00,233.9817299999997
2025-05-17,00:00-00:30,35.62826333333334
2025-05-17,01:20-01:40,19.472473333333255
2025-05-17,02:10-02:20,11.72479333333331
2025-05-17,02:40-02:50,2.714240000000018
2025-05-17,03:20-03:50,84.02139999999997
2025-05-17,04:10-04:20,2.80559333333332
2025-05-17,04:50-05:10,17.70154999999994
2025-05-17,05:50-06:00,0.5187833333332605
2025-05-17,13:00-15:10,1159.3152366666673
2025-05-17,16:30-17:40,327.3578553333333
2025-05-17,18:00-18:50,192.95878999999968
2025-05-17,19:10-19:50,180.28804333333323
2025-05-17,20:10-20:50,157.28383633333317
2025-05-17,21:00-21:20,7.089173333333179
2025-05-17,21:50-22:10,42.4228433333335
2025-05-17,22:30-23:00,121.0936066666668
2025-05-17,23:20-24:00,26.737056666666774
2025-05-18,00:10-00:30,16.75487999999973
2025-05-18,01:20-02:30,151.67320333333282
2025-05-18,02:50-03:10,34.19916666666643
2025-05-18,03:30-04:00,40.459526666666534
2025-05-18,04:10-04:40,25.84418333333315
2025-05-18,05:30-06:00,33.809973333333346
2025-05-18,06:20-07:00,82.60619999999989
2025-05-18,07:20-08:50,696.6157606666665
2025-05-18,11:00-11:10,13.308746666666764
2025-05-18,11:40-13:00,860.3094933333335
2025-05-18,17:30-18:30,102.84416666666618
2025-05-18,19:40-20:00,15.260073333333139
2025-05-18,20:20-20:40,92.54287999999985
2025-05-18,21:00-21:20,77.68677333333324
2025-05-18,21:30-21:50,15.780469999999923
2025-05-18,22:00-22:30,82.84383666666668
2025-05-18,23:00-23:20,42.53895000000011
2025-05-19,01:40-02:00,10.445019999999886
2025-05-19,03:00-03:20,9.077126666666572
2025-05-19,05:30-05:50,1.894223333333457
2025-05-19,06:10-06:30,38.13781333333333
2025-05-19,07:50-08:10,58.45495999999997
2025-05-19,09:00-09:30,77.14644809999996
2025-05-19,09:50-10:00,26.390270000000015
2025-05-19,10:30-10:50,72.53823333333332
2025-05-19,15:50-16:30,47.58459000000005
2025-05-19,17:40-18:10,63.464276666666365
2025-05-19,18:40-19:50,90.46193333333304
2025-05-19,20:10-20:40,240.19029
2025-05-19,21:10-21:40,85.5562299999998
2025-05-19,22:00-22:20,13.145979999999895
2025-05-19,23:10-23:30,32.261059999999816
2025-05-19,23:40-24:00,34.3275433333331
2025-05-20,00:00-00:30,38.27556666666692
2025-05-20,02:20-02:30,9.159170000000017
2025-05-20,05:40-05:50,1.0357933333332312
2025-05-20,06:20-06:50,46.472030000000075
2025-05-20,07:10-07:30,30.05394000000004
2025-05-20,08:30-08:50,61.10545666666664
2025-05-20,11:00-11:10,12.540016666666702
2025-05-20,11:30-14:20,1415.9803896666667
2025-05-20,14:30-15:50,361.9799302333331
2025-05-20,17:40-18:20,86.71041999999977
2025-05-20,18:40-19:10,115.54044699999997
2025-05-20,19:20-19:50,92.15252333333319
2025-05-20,20:00-20:20,82.50752
2025-05-20,20:30-21:00,40.36690666666652
2025-05-20,21:20-22:20,95.61536999999976
2025-05-20,22:40-23:00,31.422710000000052
2025-05-20,23:20-23:50,58.07729999999947
2025-05-21,02:40-03:00,89.09384333333344
2025-05-21,04:30-04:50,31.414353333333338
2025-05-21,08:40-09:20,71.95562806333324
2025-05-21,09:30-10:50,558.447426666667
2025-05-21,14:30-16:20,714.470834333333
2025-05-21,16:40-17:20,34.601346666666245
2025-05-21,17:50-18:00,18.51270999999997
2025-05-21,18:10-18:40,71.68897333333302
2025-05-21,19:20-19:50,112.55473666666683
2025-05-21,20:30-21:10,117.17517999999984
2025-05-21,21:30-21:50,24.945803333333288
2025-05-21,22:20-22:40,40.18444333333332
2025-05-21,22:50-23:00,17.786163333333207
2025-05-21,23:20-23:50,140.8286300000001
2025-05-22,01:00-01:20,19.507386666666548
2025-05-22,01:30-01:40,3.719439999999963
2025-05-22,03:00-03:10,3.5760766666666086
2025-05-22,04:00-04:20,17.477499999999964
2025-05-22,04:30-04:50,10.33513000000005
2025-05-22,05:30-05:50,48.20251333333317
2025-05-22,06:10-06:20,1.0861866666666629
2025-05-22,06:30-07:00,66.01158333333319
2025-05-22,08:40-09:00,26.869621333333328
2025-05-22,09:50-10:20,100.40161333333347
2025-05-22,11:10-11:20,7.03145666666677
2025-05-22,15:50-16:30,106.92834333333332
2025-05-22,16:50-17:00,20.649943333333454
2025-05-22,18:00-18:30,100.32831666666652
2025-05-22,19:20-19:30,3.3902499999999236
2025-05-22,20:20-20:30,12.065003333333266
2025-05-22,22:20-22:40,25.957943333333333
2025-05-23,00:20-00:30,21.346876666666617
2025-05-23,00:50-01:20,36.4084166666666
2025-05-23,01:50-02:00,10.979123333333234
2025-05-23,02:20-02:40,19.865013333333195
2025-05-23,03:00-03:40,97.3399566666667
2025-05-23,05:40-05:50,3.9800933333333433
2025-05-23,06:00-06:20,11.973159999999979
2025-05-23,06:50-07:00,14.652508999999938
2025-05-23,12:40-13:20,218.12054333333379
2025-05-23,14:20-14:30,60.69919999999996
2025-05-23,14:50-15:00,73.04262333333332
2025-05-23,15:20-15:50,81.22957666666682
2025-05-23,16:20-16:30,29.164623210000045
2025-05-23,17:40-18:00,7.496459999999956
2025-05-23,18:30-18:50,31.960359999999923
2025-05-23,19:00-19:20,29.144909999999925
2025-05-23,19:40-19:50,5.257629999999949
2025-05-23,20:30-21:00,10.579856666666558
2025-05-23,22:00-22:20,37.57468333333327
2025-05-23,22:40-23:00,18.151089999999954
2025-05-24,00:00-00:30,26.549523333333298
2025-05-24,00:50-01:10,25.148139999999955
2025-05-24,01:40-02:50,94.84678666666645
2025-05-24,03:40-04:10,40.97764333333316
2025-05-24,04:30-04:50,45.16337999999996
2025-05-24,06:00-06:20,19.38070333333323
2025-05-24,14:20-14:50,115.05925000000008
2025-05-24,19:00-19:20,51.90931333333327
2025-05-24,20:30-20:40,7.431409999999914
2025-05-24,21:00-21:40,24.834523333333323
2025-05-24,23:30-23:50,30.037406666666698
2025-05-25,00:10-00:20,10.635246666666717
2025-05-25,01:10-01:30,8.948736666666491
2025-05-25,02:40-02:50,3.718183333333286
2025-05-25,04:00-04:10,9.067116666666607
2025-05-25,04:40-04:50,12.667423333333318
2025-05-25,05:30-06:20,74.17870333333332
2025-05-25,06:30-07:00,100.32691999999992
2025-05-25,08:40-09:00,51.039003333333284
2025-05-25,09:20-09:30,9.15169366666671
2025-05-25,16:00-16:20,31.19727666666671
2025-05-25,16:50-17:00,15.124639999999886
2025-05-25,17:20-17:50,51.554736666666486
2025-05-25,18:20-18:30,10.003586666666706
2025-05-25,19:30-19:50,39.36343333333332
2025-05-25,20:40-21:00,112.69874666666647
2025-05-25,21:30-21:50,30.743206666666765
2025-05-25,22:30-22:50,27.935860000000275
2025-05-26,01:20-01:40,41.11004666666656
2025-05-26,02:00-02:10,9.152956666666682
2025-05-26,02:40-02:50,0.01566000000002532
2025-05-26,04:20-05:20,63.4765166666665
2025-05-26,06:30-08:30,847.3133329999998
2025-05-26,08:50-09:10,58.83703199999997
2025-05-26,09:30-13:00,2361.01987
2025-05-26,13:20-13:50,32.48497666666688
2025-05-26,16:50-17:30,68.35804999999993
2025-05-26,18:30-19:10,52.22247999999968
2025-05-26,20:30-20:40,1.1324799999998731
2025-05-26,21:30-21:50,23.42611666666653
2025-05-26,22:30-23:00,70.16974000000005
2025-05-27,00:00-00:20,33.193576666666786
2025-05-27,01:30-01:40,12.89237999999989
2025-05-27,02:10-02:30,11.6477000000001
2025-05-27,02:40-03:10,42.25491666666653
2025-05-27,03:20-04:00,62.10685333333333
2025-05-27,04:30-04:50,18.539256666666688
2025-05-27,07:20-08:00,23.611233666666763
2025-05-27,08:20-08:30,16.90794999999997
2025-05-27,09:20-09:40,26.272673000000182
2025-05-27,10:20-10:50,120.27620999999999
2025-05-27,13:30-13:50,68.73994333333331
2025-05-27,16:00-16:10,20.415226666666626
2025-05-27,17:50-18:10,16.901436666666655
2025-05-27,19:30-19:50,19.174916666666604
2025-05-27,20:10-20:40,21.812419999999747
2025-05-27,22:10-22:30,44.738673333333395
2025-05-27,22:50-23:00,10.46596333333332
2025-05-27,23:30-23:50,39.953109999999924
2025-05-28,00:10-00:30,52.64243666666641
2025-05-28,00:50-01:30,29.71330666666654
2025-05-28,02:00-02:10,6.524339999999938
2025-05-28,02:50-03:10,33.650719999999865
2025-05-28,03:30-03:50,23.02925333333326
2025-05-28,05:40-06:10,39.52970000000005
2025-05-28,06:20-08:20,520.980362333333
2025-05-28,09:00-10:30,454.52875788000017
2025-05-28,10:40-12:30,1282.8535400000005
2025-05-28,16:40-17:00,77.85923666666656
2025-05-28,17:20-17:40,44.97484333333307
2025-05-28,18:50-19:00,15.69114333333323
2025-05-28,19:30-19:50,29.592333333333272
2025-05-28,20:00-20:10,17.067473333333282
2025-05-28,23:10-23:20,12.861529999999902
2025-05-29,00:00-00:20,25.649526666666816
2025-05-29,00:40-01:00,4.410869999999932
2025-05-29,01:20-01:30,20.284373333333292
2025-05-29,02:40-03:00,56.27391666666654
2025-05-29,04:10-05:00,75.31393333333313
2025-05-29,05:20-05:50,38.41711666666629
2025-05-29,06:00-06:30,88.32273666666646
2025-05-29,06:50-08:40,864.3634199999992
2025-05-29,09:00-12:00,1133.8694911999999
2025-05-29,13:50-14:20,161.10224666666676
2025-05-29,15:50-16:00,16.167376666666655
2025-05-29,16:20-16:50,32.55603999999988
2025-05-29,17:10-17:40,72.68346333333307
2025-05-29,18:10-18:40,31.630693333333284
2025-05-29,19:10-19:30,41.59708999999998
2025-05-29,19:50-20:00,12.484079999999949
2025-05-30,02:00-02:20,15.683969999999988
2025-05-30,03:20-03:50,142.75331333333327
2025-05-30,04:50-05:00,8.413336666666623
2025-05-30,05:40-06:20,84.38251000000005
2025-05-30,06:30-07:00,34.25308266666672
2025-05-30,13:10-14:10,386.8291566666668
2025-05-30,14:40-15:20,260.5690066666666
2025-05-30,15:30-15:50,157.10262666666654
2025-05-30,16:10-17:00,205.34716599999987
2025-05-30,17:20-17:50,140.89672333333334
2025-05-30,18:50-19:00,3.2257266666666737
2025-05-30,21:50-22:10,6.873513333333449
2025-05-30,22:30-22:50,12.669953333333297
2025-05-31,00:00-00:10,1.8107766666666407
2025-05-31,00:40-01:00,61.765136666666706
2025-05-31,01:30-01:40,2.669619999999952
2025-05-31,02:30-03:30,106.755963333333
2025-05-31,03:50-04:20,40.203019999999924
2025-05-31,04:30-04:50,6.941473333333306
2025-05-31,05:00-05:20,33.31461666666661
2025-05-31,06:00-07:20,164.921931
2025-05-31,13:00-15:00,983.7020933333333
2025-05-31,17:50-18:00,16.003600000000034
2025-05-31,18:50-19:00,11.857393333333334
2025-05-31,20:00-20:10,1.3790599999999813
2025-05-31,20:40-20:50,8.751813333333303
2025-05-31,23:40-24:00,122.73823666666652
2025-06-01,00:00-03:30,1212.3277166666662
2025-06-01,03:50-04:00,0.3402066666665178
2025-06-01,04:20-04:40,23.050406666666618
2025-06-01,05:20-06:20,89.76900999999987
2025-06-01,07:00-07:10,8.382543333333388
2025-06-01,07:40-24:00,13503.036158033334
2025-06-02,00:00-03:40,1182.4962699999996
2025-06-02,04:10-04:50,128.54618333333315
2025-06-02,05:10-05:30,26.94346333333317
2025-06-02,05:40-07:20,400.7803899999993
2025-06-02,07:30-09:20,1095.5502546666664
2025-06-02,12:00-24:00,8852.194622999998
2025-06-03,00:00-03:50,1174.129526666666
2025-06-03,04:00-04:10,18.704619999999977
2025-06-03,04:30-04:50,18.945976666666525
2025-06-03,05:10-06:10,247.286063333333
2025-06-03,06:20-11:50,2358.9383884999997
2025-06-03,12:20-12:40,132.09270000000026
2025-06-03,13:20-20:00,3208.920177483332
2025-06-03,20:10-22:30,763.7719600333331
2025-06-03,22:40-24:00,516.11891
2025-06-04,00:00-02:30,1322.3675666666659
2025-06-04,03:00-05:40,457.96237999999914
2025-06-04,05:50-06:10,30.14623000000006
2025-06-04,06:50-07:40,184.45714666666646
2025-06-04,08:00-08:20,13.435536666666565
2025-06-04,08:30-08:50,8.2399300000001
2025-06-04,11:00-11:20,108.61008666666669
2025-06-04,11:30-24:00,6178.388347366665
2025-06-05,00:00-04:20,1430.3348999999992
2025-06-05,04:40-06:00,180.47024333333343
2025-06-05,06:10-09:20,1026.6063633333324
2025-06-05,10:50-13:10,989.5320733333342
2025-06-05,13:30-21:00,3783.116841866663
2025-06-05,21:10-24:00,1167.445996666666
2025-06-06,00:00-02:20,1040.304893333333
2025-06-06,02:40-03:40,116.73040000000003
2025-06-06,04:00-04:20,48.44384333333329
2025-06-06,04:40-05:00,11.875343333333262
2025-06-06,05:10-07:40,400.4961336666666
2025-06-06,11:20-20:40,7758.067765999999
2025-06-06,20:50-24:00,1041.4076066666662
2025-06-07,00:00-02:20,927.9848833333331
2025-06-07,02:30-02:50,8.559673333333308
2025-06-07,03:00-03:20,24.525966666666704
2025-06-07,03:30-03:50,77.32490666666666
2025-06-07,04:00-04:40,20.466039999999794
2025-06-07,05:10-06:40,246.1812333333333
2025-06-07,07:10-07:40,141.49061099999992
2025-06-07,10:40-10:50,116.74256000000008
2025-06-07,11:00-14:50,2480.7392400000003
2025-06-07,15:20-20:50,2097.789757333333
2025-06-07,21:10-23:00,427.6931833333332
2025-06-07,23:10-24:00,296.61936000000026
2025-06-08,00:00-01:10,355.7192666666664
2025-06-08,01:30-02:00,82.44183999999973
2025-06-08,02:20-03:10,100.18576999999982
2025-06-08,03:20-03:30,0.41732999999999265
2025-06-08,04:00-04:20,52.401430000000005
2025-06-08,05:20-05:40,27.58202666666648
2025-06-08,06:10-06:40,88.32417333333325
2025-06-08,07:00-07:10,28.24038333333334
2025-06-08,16:00-16:20,12.304753333333338
2025-06-08,17:10-18:10,189.35710999999935
2025-06-08,18:20-18:30,10.753870000000006
2025-06-08,18:50-20:20,332.384289333333
2025-06-08,20:50-21:20,82.8002366666667
2025-06-08,21:30-24:00,569.6378166666661
2025-06-09,00:00-01:50,516.732146666666
2025-06-09,02:00-02:20,24.723996666666608
2025-06-09,02:40-03:00,54.856559999999945
2025-06-09,03:20-04:10,266.5032199999998
2025-06-09,04:20-04:50,58.6973999999999
2025-06-09,05:30-05:50,32.11222000000009
2025-06-09,06:10-06:50,124.65503333333328
2025-06-09,07:40-08:20,31.053846666666743
2025-06-09,10:50-11:50,209.8896466666671
2025-06-09,13:10-13:50,162.88032433333333
2025-06-09,14:40-15:00,29.78489666666661
2025-06-09,15:30-21:00,1586.688941066665
2025-06-09,21:20-21:40,14.797013333333098
2025-06-09,22:10-22:30,18.414226666666764
2025-06-09,22:40-24:00,416.4760633333333
2025-06-10,00:00-02:40,722.4505733333331
2025-06-10,03:00-03:20,32.77879000000007
2025-06-10,03:40-04:00,42.723793333333106
2025-06-10,04:30-05:10,115.1446199999998
2025-06-10,05:20-05:40,19.082696666666834
2025-06-10,07:40-08:00,51.591319999999996
2025-06-10,08:30-09:40,175.50317333333334
2025-06-10,11:10-11:50,200.1165500000002
2025-06-10,14:00-14:20,68.94563666666667
2025-06-10,14:50-17:50,971.6708599999996
2025-06-10,18:10-18:50,111.40637999999967
2025-06-10,19:00-19:20,45.991424666666575
2025-06-10,19:50-20:00,12.836045333333349
2025-06-10,20:20-21:20,148.89805466666644
2025-06-10,21:40-22:10,165.26194999999984
2025-06-10,22:30-24:00,376.5738666666663
2025-06-11,00:00-02:20,746.2621366666665
2025-06-11,02:30-02:50,17.390046666666535
2025-06-11,04:30-04:50,3.960706666666624
2025-06-11,05:00-05:10,1.3237033333333557
2025-06-11,05:50-08:20,310.46191666666607
2025-06-11,08:50-10:50,1466.5950013999998
2025-06-11,12:40-14:20,876.9078453333334
2025-06-11,14:40-15:50,422.3520150333329
2025-06-11,16:20-19:40,882.0851116666659
2025-06-11,20:30-20:50,18.610518333333403
2025-06-11,21:10-22:50,291.87957666666614
2025-06-11,23:00-23:40,87.83602666666661
2025-06-11,23:50-24:00,12.545000000000073
2025-06-12,00:00-00:50,294.3675999999998
2025-06-12,01:00-01:20,84.91564666666659
2025-06-12,01:30-02:00,32.945833333333326
2025-06-12,02:10-02:30,69.43686666666667
2025-06-12,02:50-04:00,209.3836033333331
2025-06-12,05:50-06:00,31.422383333333187
2025-06-12,12:50-13:00,23.210965666666624
2025-06-12,13:20-14:00,137.64092500000024
2025-06-12,14:20-15:50,562.7423066666664
2025-06-12,16:00-16:20,55.54348666666658
2025-06-12,16:40-16:50,25.71234000000004
2025-06-12,17:00-19:10,356.26249033333295
2025-06-12,19:20-19:30,6.306523333333139
2025-06-12,19:50-20:10,32.54776899999983
2025-06-12,20:40-21:00,40.11836666666636
2025-06-12,21:10-22:00,91.98098666666635
2025-06-12,22:20-22:40,58.923243333333176
2025-06-12,22:50-23:50,204.9269266666663
2025-06-13,00:00-00:20,51.01804666666658
2025-06-13,01:10-02:10,172.66473666666656
2025-06-13,02:30-03:20,89.19037666666657
2025-06-13,03:40-03:50,2.275126666666665
2025-06-13,04:20-04:40,19.725763333333248
2025-06-13,05:30-05:50,25.059346666666556
2025-06-13,06:20-06:30,5.941846666666663
2025-06-13,06:50-07:00,7.679533333333296
2025-06-13,08:00-08:10,13.859816666666726
2025-06-13,09:40-11:00,464.98336000000006
2025-06-13,11:10-11:30,28.627249999999947
2025-06-13,15:20-15:40,15.672585133333472
2025-06-13,15:50-17:50,448.47430533333306
2025-06-13,18:50-20:10,196.63701333333302
2025-06-13,20:30-21:00,117.16976333333332
2025-06-13,22:10-22:40,69.61745333333329
2025-06-13,23:10-23:40,112.10282999999981
2025-06-13,23:50-24:00,41.86583333333323
2025-06-14,00:00-01:50,442.8451609999999
2025-06-14,02:00-02:50,75.2661933333332
2025-06-14,03:00-03:20,4.370606666666674
2025-06-14,03:30-04:00,33.71162999999996
2025-06-14,04:20-04:30,13.021753333333322
2025-06-14,05:20-05:30,6.233649999999955
2025-06-14,10:50-12:20,350.6001533333333
2025-06-14,15:30-16:20,152.08298099999996
2025-06-14,16:30-16:50,53.53291666666672
2025-06-14,17:00-18:10,131.47228333333325
2025-06-14,18:50-19:20,90.60987
2025-06-14,20:00-21:00,122.19677999999976
2025-06-14,21:40-23:10,358.5388066666661
2025-06-14,23:30-23:50,51.221963333333406
2025-06-15,00:00-00:20,12.816276666666681
2025-06-15,01:30-01:50,23.46674666666661
2025-06-15,02:10-02:30,5.195743333333212
2025-06-15,03:20-03:40,17.995273333333216
2025-06-15,08:40-09:20,41.60179666666656
2025-06-15,10:20-11:00,192.12132233333364
2025-06-15,12:30-12:50,21.974653333333436
2025-06-15,13:00-13:30,52.30597500000002
2025-06-15,14:10-14:30,54.47923666666665
2025-06-15,18:30-18:40,8.480973333333395
2025-06-15,19:30-19:40,0.016069999999992035
2025-06-15,21:20-21:40,37.09803666666653
2025-06-15,22:30-23:00,76.0283900000004
2025-06-15,23:30-23:50,11.475226666666686
2025-06-16,00:00-00:40,129.69970666666643
2025-06-16,00:50-01:30,120.53215999999986
2025-06-16,02:00-02:40,86.2119133333332
2025-06-16,03:30-03:50,13.078756666666436
2025-06-16,04:10-04:20,20.03254666666669
2025-06-16,05:20-06:40,255.68558999999965
2025-06-16,09:30-10:00,72.64330999999989
2025-06-16,12:30-12:50,172.2322600000001
2025-06-16,14:00-14:50,158.73070666666658
2025-06-16,15:20-15:50,70.93413333333314
2025-06-16,17:50-18:00,3.7915433333333795
2025-06-16,19:10-19:30,5.672380666666363
2025-06-16,19:50-20:10,45.7814129999999
2025-06-16,20:40-20:50,0.9690933333332623
2025-06-16,21:10-21:20,7.665093333333289
2025-06-16,22:40-23:10,43.91874666666672
2025-06-17,00:20-01:00,129.50638666666646
2025-06-17,01:20-01:30,1.127496666666616
2025-06-17,01:50-02:00,23.910003333333293
2025-06-17,02:20-02:30,4.901666666666642
2025-06-17,02:50-03:10,40.49956666666651
2025-06-17,03:30-03:40,3.7617233333332933
2025-06-17,04:50-05:20,64.45295999999985
2025-06-17,06:00-06:20,51.08589333333305
2025-06-17,07:50-08:00,7.604236666666679
2025-06-17,11:30-11:40,13.785046666666744
2025-06-17,12:20-14:00,1169.1638999999996
2025-06-17,14:10-14:40,121.87243333333313
2025-06-17,15:50-16:30,171.05338999999992
2025-06-17,16:50-17:00,15.208400000000097
2025-06-17,18:10-18:30,70.84482666666656
2025-06-17,19:20-19:30,29.366878333333332
2025-06-17,20:20-20:40,17.00711466666651
2025-06-17,21:10-21:30,50.077919999999835
2025-06-17,21:50-22:00,5.547496666666575
2025-06-17,22:30-22:40,15.757513333333236
2025-06-17,23:00-23:30,104.88119666666648
2025-06-18,01:40-02:00,34.02140666666662
2025-06-18,02:20-02:50,52.812699999999836
2025-06-18,06:10-06:50,97.62500666666645
2025-06-18,11:50-12:20,56.84759666666662
2025-06-18,16:00-16:50,82.66432333333341
2025-06-18,17:40-18:20,35.626243333333264
2025-06-18,19:50-20:00,4.850628666666481
2025-06-18,20:20-20:30,13.522713666666611
2025-06-18,21:20-21:40,18.302179999999908
2025-06-18,22:50-23:00,10.646229999999832
2025-06-19,00:00-00:20,29.740560000000187
2025-06-19,00:40-01:00,30.270009999999957
2025-06-19,01:50-02:20,53.323553333333166
2025-06-19,02:30-02:50,10.400139999999851
2025-06-19,04:40-05:10,65.6699033333332
2025-06-19,05:30-06:30,123.90673333333302
2025-06-19,08:20-08:50,75.96611333333334
2025-06-19,15:50-16:20,92.76447333333306
2025-06-19,17:40-17:50,2.694349999999872
2025-06-19,18:20-18:30,9.376050000000077
2025-06-19,19:10-19:30,72.78025699999975
2025-06-19,20:50-21:00,23.892753333333303
2025-06-19,21:30-21:40,6.626623333333214
2025-06-19,22:50-23:20,68.7602733333332
2025-06-19,23:50-24:00,67.09667000000002
2025-06-20,00:00-00:10,40.04437333333334
2025-06-20,01:00-01:40,152.18795
2025-06-20,02:10-02:20,1.9595099999999661
2025-06-20,03:50-04:20,18.845456666666678
2025-06-20,16:40-17:00,28.429643333333217
2025-06-20,18:00-18:10,14.680016666666631
2025-06-20,19:50-20:00,1.7945799999999963
2025-06-20,21:30-21:50,9.403066666666632
2025-06-20,22:50-23:00,8.57280666666668
2025-06-20,23:20-24:00,111.61065333333318
2025-06-21,00:10-00:30,57.63331999999991
2025-06-21,01:10-01:40,77.5499366666665
2025-06-21,01:50-02:20,54.66921666666667
2025-06-21,02:50-03:30,83.0689533333333
2025-06-21,05:30-06:20,93.74036333333322
2025-06-21,18:50-19:10,38.25167999999985
2025-06-21,20:20-20:30,17.8193766666667
2025-06-21,21:50-22:30,24.163736666666864
2025-06-22,00:10-00:20,20.311146666666673
2025-06-22,00:50-01:20,80.96328000000005
2025-06-22,02:30-02:50,45.436656666666636
2025-06-22,03:30-03:40,0.6515199999998913
2025-06-22,14:00-14:20,89.17821999999978
2025-06-22,22:40-22:50,1.5096466666666402
2025-06-23,02:20-02:30,37.21794333333321
2025-06-23,03:10-03:30,25.179049999999847
2025-06-23,03:50-04:00,15.286249999999882
2025-06-23,04:20-04:30,3.7925866666665797
2025-06-23,04:50-05:00,13.44259333333332
2025-06-23,05:20-05:30,3.2375333333332037
2025-06-23,06:00-06:10,1.6769866666666076
2025-06-23,13:50-14:10,92.5614700000001
2025-06-24,01:10-02:10,157.07619
2025-06-24,03:20-03:30,9.230829999999969
2025-06-24,05:10-05:20,2.6975766666666914
2025-06-24,05:30-06:00,37.84171999999978
2025-06-24,06:20-07:00,84.67730999999992
2025-06-24,07:20-12:40,3622.2649625333343
2025-06-24,13:10-13:50,144.52751200000012
2025-06-24,14:30-14:40,12.495299999999872
2025-06-24,14:50-15:40,142.24464999999987
2025-06-24,16:10-16:30,29.944213333333323
2025-06-24,17:20-17:30,21.94671666666659
2025-06-24,20:40-20:50,2.02503333333334
2025-06-24,23:20-23:30,10.443629999999985
2025-06-25,02:40-03:00,25.10594333333313
2025-06-25,04:10-04:30,5.195109999999886
2025-06-25,06:20-06:50,105.56375999999989
2025-06-25,09:50-11:30,983.2052066666666
2025-06-25,12:50-13:00,16.42553599999999
2025-06-25,14:30-14:50,152.78108999999995
2025-06-25,21:40-22:00,40.75864666666655
2025-06-26,01:30-01:50,33.75276333333329
2025-06-26,04:10-04:20,2.274003333333326
2025-06-26,05:20-05:30,3.3196733333332986
2025-06-26,06:00-07:20,98.45212099999986
2025-06-26,08:20-08:30,5.949200000000076
2025-06-26,08:50-09:10,67.79125333333343
2025-06-26,09:30-09:50,19.49991333333324
2025-06-26,10:10-10:20,8.356313999999934
2025-06-26,10:50-11:00,10.672653333333301
2025-06-27,00:00-00:20,45.22961000000009
2025-06-27,02:20-02:30,3.304899999999975
2025-06-27,03:50-04:00,4.538329999999917
2025-06-27,04:30-04:40,4.814130000000034
2025-06-27,05:40-05:50,2.7532066666666424
2025-06-27,06:00-06:20,23.600576666666626
2025-06-27,21:20-21:30,9.44844999999998
2025-06-28,00:50-01:00,3.769373333333192
2025-06-28,01:50-02:00,0.7133366666666916
2025-06-28,04:30-05:00,78.40207666666657
2025-06-28,05:50-06:00,10.740603333333354
2025-06-28,07:30-08:00,47.341308700000084
2025-06-28,08:10-08:30,21.424643333333307
2025-06-28,08:40-09:10,61.14632999999989
2025-06-28,09:30-09:40,6.640379999999993
2025-06-28,15:40-15:50,6.54919499999999
2025-06-28,16:20-16:40,66.44138666666657
2025-06-28,23:20-23:30,2.270330000000058
2025-06-29,01:50-02:00,38.5320866666666
2025-06-29,02:30-02:40,1.7673133333332771
2025-06-29,04:10-04:50,38.89130333333321
2025-06-29,06:50-07:40,102.94037666666668
2025-06-29,08:20-08:30,36.419319999999914
2025-06-29,09:20-09:40,25.50476333333347
2025-06-29,11:20-13:00,542.5426720000005
2025-06-29,16:20-16:30,22.140743333333376
2025-06-30,04:30-04:50,15.069559999999797
2025-06-30,06:00-06:20,57.04466999999988
2025-06-30,06:40-07:40,418.44152333333295
2025-06-30,10:00-10:40,169.4062343333333
2025-06-30,11:50-12:00,13.255466666666734
2025-06-30,12:20-12:40,31.692956666666873
2025-06-30,15:30-15:50,38.56497333333323
2025-06-30,23:50-24:00,97.13833
2025-07-01,00:00-00:40,258.2255033333331
2025-07-01,00:50-05:50,2230.6091933333323
2025-07-01,06:00-06:20,29.369969999999853
2025-07-01,06:40-07:00,61.72200333333325
2025-07-01,07:20-07:30,40.40053999999992
2025-07-01,11:40-12:00,19.874070000000074
2025-07-01,14:50-15:30,187.3915999999998
2025-07-01,16:40-16:50,12.753206666666642
2025-07-01,17:10-17:20,4.911703333333435
2025-07-01,17:30-18:00,57.044309999999655
2025-07-01,18:20-24:00,1388.020157999999
2025-07-02,00:00-06:10,2589.367273333332
2025-07-02,15:50-16:20,116.53290999999996
2025-07-02,16:30-17:00,81.35213666666641
2025-07-02,17:10-17:30,12.851053333333198
2025-07-02,18:00-18:30,106.49217333333308
2025-07-02,18:50-19:30,256.9394366666662
2025-07-02,19:40-21:20,476.3629866666657
2025-07-02,21:30-24:00,707.9666966666663
2025-07-03,00:00-06:00,2679.3183166666668
2025-07-03,07:10-08:10,409.9575533333331
2025-07-03,09:20-09:40,17.02241333333339
2025-07-03,10:10-12:00,638.0361781666668
2025-07-03,13:40-14:40,200.6421516666668
2025-07-03,14:50-15:30,127.48973666666666
2025-07-03,16:00-19:10,833.5085233333324
2025-07-03,19:30-20:50,307.42049399999956
2025-07-03,21:00-23:40,990.119993333333
2025-07-03,23:50-24:00,18.367083333333312
2025-07-04,00:00-07:10,2868.7912866666647
2025-07-04,13:40-13:50,20.64421666666675
2025-07-04,14:20-15:00,213.29619666666684
2025-07-04,15:30-16:00,33.80077066666672
2025-07-04,16:40-16:50,2.4244266666667613
2025-07-04,17:10-17:30,42.4372966666665
2025-07-04,17:50-19:10,360.7125506666667
2025-07-04,19:30-24:00,1515.944133333332
2025-07-05,00:00-01:40,517.9579699999999
2025-07-05,01:50-06:40,2054.5392899999993
2025-07-05,07:10-07:30,49.67091166666664
2025-07-05,12:00-12:20,77.79145999999992
2025-07-05,14:50-15:10,51.59265066666673
2025-07-05,15:50-16:00,26.403644
2025-07-05,16:20-18:50,920.950698
2025-07-05,19:20-21:50,685.2319933333325
2025-07-05,22:00-22:30,115.12983333333318
2025-07-05,22:50-24:00,421.1564099999997
2025-07-06,00:00-07:10,2707.4698500000004
2025-07-06,08:00-08:20,73.85733333333332
2025-07-06,09:10-09:30,49.023493333333064
2025-07-06,09:50-10:10,166.06840866666664
2025-07-06,10:40-11:20,107.81576666666703
2025-07-06,12:20-19:50,4023.4048823333314
2025-07-06,20:00-21:30,470.78272866666623
2025-07-06,21:40-23:00,459.96051333333264
2025-07-06,23:10-24:00,164.44524666666655
2025-07-07,00:00-00:10,1.0883300000000418
2025-07-07,00:20-05:50,2556.150946666666
2025-07-07,06:00-06:30,59.41319999999996
2025-07-07,10:30-11:10,210.66743333333335
2025-07-07,12:40-13:10,155.40133900000006
2025-07-07,16:20-17:20,140.3713799999996
2025-07-07,17:50-19:20,286.9849756666665
2025-07-07,19:30-22:50,1053.901496666666
2025-07-07,23:00-24:00,144.8629966666664
2025-07-08,00:20-02:20,389.142833333333
2025-07-08,02:30-03:10,259.8150899999997
2025-07-08,03:20-08:50,1661.9296966666664
2025-07-08,09:40-10:30,235.85334686666664
2025-07-08,11:10-11:30,52.64502333333337
2025-07-08,14:10-14:40,180.90417999999997
2025-07-08,14:50-15:10,18.064496666666514
2025-07-08,15:30-18:30,933.353749999999
2025-07-08,18:40-19:00,75.24667999999991
2025-07-08,19:30-20:10,78.50959999999955
2025-07-08,20:20-20:50,48.88085333333311
2025-07-08,21:10-22:00,131.40000666666674
2025-07-08,22:20-23:10,128.82432333333304
2025-07-08,23:40-23:50,18.824620000000095
2025-07-09,00:20-08:30,1826.4666899999982
2025-07-09,10:40-11:20,267.77322999999967
2025-07-09,11:30-12:10,201.37865000000022
2025-07-09,12:20-12:50,174.1868633333334
2025-07-09,13:10-13:40,54.00340283333343
2025-07-09,14:00-14:20,113.08317199999995
2025-07-09,16:20-16:30,8.067010000000096
2025-07-09,17:20-18:40,317.8210799999997
2025-07-09,19:20-20:00,102.40523666666624
2025-07-09,20:20-21:30,133.08542333333264
2025-07-09,22:00-22:30,70.31723666666687
2025-07-09,23:00-23:40,94.78702666666663
2025-07-10,00:20-00:30,52.80283666666662
2025-07-10,00:50-01:00,17.520356666666657
2025-07-10,01:40-02:20,173.7932333333332
2025-07-10,02:30-03:50,326.087943333333
2025-07-10,04:00-05:50,629.0557899999997
2025-07-10,06:20-06:50,76.99248666666665
2025-07-10,07:00-07:20,32.92904000000004
2025-07-10,07:30-07:40,11.257696666666618
2025-07-10,08:50-09:00,53.08141666666674
2025-07-10,09:30-09:50,47.77518703333321
2025-07-10,10:00-10:10,7.869337999999956
2025-07-10,12:20-12:50,101.55174999999986
2025-07-10,15:30-16:00,170.33303333333316
2025-07-10,17:00-17:30,121.51589999999999
2025-07-10,18:40-19:10,82.92606333333305
2025-07-10,19:20-19:30,15.99437666666654
2025-07-10,19:50-20:00,6.995833333333138
2025-07-10,20:10-20:30,76.5714499999996
2025-07-10,20:50-21:00,50.33645999999999
2025-07-10,21:40-22:20,221.8531233333332
2025-07-10,22:30-23:20,152.19297999999992
2025-07-11,00:20-00:30,1.8007599999999684
2025-07-11,00:40-01:20,91.53872333333322
2025-07-11,01:30-07:40,1917.6432566666665
2025-07-11,11:20-13:30,1885.6041300000006
2025-07-11,16:30-16:40,10.15668999999997
2025-07-11,17:40-18:20,84.44051666666627
2025-07-11,18:30-19:20,86.09797666666645
2025-07-11,19:30-19:50,55.58520666666652
2025-07-11,20:40-21:30,148.44248000000005
2025-07-11,21:50-22:20,60.94125666666673
2025-07-11,22:40-23:10,43.55554333333316
2025-07-11,23:40-24:00,60.325669999999946
2025-07-12,00:00-00:10,1.7007366666666712
2025-07-12,00:30-00:50,41.30682666666655
2025-07-12,01:20-03:40,500.3989933333328
2025-07-12,04:00-04:50,176.61176999999986
2025-07-12,05:00-06:00,188.09138333333334
2025-07-12,06:10-07:10,174.96366966666662
2025-07-12,07:20-07:40,58.45011633333331
2025-07-12,10:40-11:20,477.95365
2025-07-12,15:30-15:50,80.3671046666665
2025-07-12,16:00-16:30,83.50592999999995
2025-07-12,17:00-17:20,49.59052333333324
2025-07-12,17:30-18:50,178.34085999999985
2025-07-12,19:10-20:20,101.4100866666663
2025-07-12,20:50-22:10,219.14888333333306
2025-07-12,22:20-22:30,8.050596666666479
2025-07-12,23:00-23:50,62.51678666666646
2025-07-13,00:20-00:50,5.047289999999748
2025-07-13,01:10-01:30,25.996253333333357
2025-07-13,01:50-02:00,23.098713333333308
2025-07-13,02:20-04:20,337.02670333333276
2025-07-13,04:30-05:10,159.47916666666652
2025-07-13,05:50-06:10,27.551676666666594
2025-07-13,06:40-07:00,64.3991466666667
2025-07-13,07:30-07:50,77.97715300000003
2025-07-13,15:00-15:20,20.640403333333268
2025-07-13,17:50-18:40,149.4375933333331
2025-07-13,19:00-19:30,150.11420999999973
2025-07-13,19:50-20:10,52.781406666666584
2025-07-13,20:30-21:10,79.71140333333304
2025-07-13,22:00-22:10,23.551196666666783
2025-07-13,22:40-22:50,18.907863333333353
2025-07-13,23:20-23:50,86.48026000000016
2025-07-14,00:00-00:10,1.0541299999999865
2025-07-14,00:30-00:50,36.57547333333321
2025-07-14,01:00-01:20,39.74520333333328
2025-07-14,01:30-01:50,42.183749999999804
2025-07-14,02:20-04:50,523.1193499999995
2025-07-14,05:00-06:00,199.44917999999996
2025-07-14,06:30-06:40,4.820763333333218
2025-07-14,09:10-09:20,14.584546666666554
2025-07-14,10:00-10:20,40.160261000000105
2025-07-14,10:50-11:00,20.913649999999905
2025-07-14,13:10-14:00,238.54650200000003
2025-07-14,15:50-16:00,17.026489999999967
2025-07-14,17:40-18:20,222.93873999999994
2025-07-14,18:30-19:10,91.01665666666659
2025-07-14,19:30-20:30,119.13868333333272
2025-07-14,20:50-21:10,46.38876666666647
2025-07-14,21:50-22:30,33.26781000000028
2025-07-14,22:50-23:20,18.47178000000008
2025-07-15,00:40-00:50,10.389349999999922
2025-07-15,02:10-02:40,110.77386333333345
2025-07-15,03:00-04:00,147.04287666666642
2025-07-15,04:20-04:40,56.0477533333335
2025-07-15,05:10-05:30,43.617740000000026
2025-07-15,05:50-06:20,107.95130666666671
2025-07-15,07:00-07:10,29.596773333333374
2025-07-15,11:30-14:00,1806.8408035333332
2025-07-15,17:20-17:30,0.6479033333332609
2025-07-15,18:00-18:20,26.983649999999784
2025-07-15,22:50-23:00,12.919196666666721
2025-07-16,02:00-02:40,117.66969333333293
2025-07-16,03:20-03:50,39.071153333333314
2025-07-16,04:00-04:20,113.82785999999987
2025-07-16,04:30-04:50,33.2345733333334
2025-07-16,05:00-05:30,85.37203666666653
2025-07-16,05:40-06:20,243.861033333333
2025-07-16,07:20-07:40,21.57693033333324
2025-07-16,12:00-12:20,136.43008333333364
2025-07-16,12:40-13:20,67.77201899999979
2025-07-16,14:50-15:40,343.18598166666635
2025-07-16,15:50-16:30,50.91648333333296
2025-07-16,17:30-17:50,8.126863333333176
2025-07-16,18:20-18:30,32.28426666666678
2025-07-16,18:50-19:00,3.237706666666554
2025-07-16,20:00-20:20,17.598406666666307
2025-07-16,21:50-22:00,22.09686333333343
2025-07-16,22:20-22:30,52.281863333333376
2025-07-17,00:50-01:00,31.450079999999957
2025-07-17,01:20-01:30,8.617500000000064
2025-07-17,01:50-02:00,9.662503333333348
2025-07-17,03:30-04:20,174.6622933333332
2025-07-17,04:30-05:10,112.44117666666648
2025-07-17,05:50-06:10,40.61183666666659
2025-07-17,06:40-07:00,50.17490000000004
2025-07-17,08:20-09:40,451.06650433333317
2025-07-17,14:10-14:30,62.62020999999997
2025-07-17,16:10-17:00,324.1747766666665
2025-07-17,20:00-20:20,6.487706666666696
2025-07-17,22:30-22:50,13.939133333333189
2025-07-17,23:30-23:50,77.9559866666666
2025-07-18,02:20-02:30,27.093536666666637
2025-07-18,02:50-03:00,27.053319999999985
2025-07-18,04:10-04:30,47.710699999999974
2025-07-18,05:30-06:10,41.70277333333331
2025-07-18,07:10-07:40,39.12755959999994
2025-07-18,11:20-12:20,716.4774600000001
2025-07-18,13:10-13:20,9.849900000000048
2025-07-18,14:00-15:00,258.2812399999999
2025-07-18,15:40-16:00,101.85171333333317
2025-07-18,17:40-17:50,12.910420000000045
2025-07-18,19:10-19:30,14.955009999999788
2025-07-18,22:00-22:20,18.225389999999948
2025-07-19,01:10-01:20,18.62126333333333
2025-07-19,02:20-03:00,141.6914866666665
2025-07-19,03:20-03:50,57.782396666666614
2025-07-19,04:10-04:30,56.99070999999992
2025-07-19,05:00-05:30,117.24428000000006
2025-07-19,16:10-16:20,6.051429999999982
2025-07-19,16:50-17:00,15.50901666666664
2025-07-19,17:50-18:10,23.640519999999924
2025-07-19,19:20-19:40,47.347073333333356
2025-07-19,21:00-21:10,5.9789433333334046
2025-07-19,23:40-24:00,52.26089666666667
2025-07-20,02:30-03:10,41.96676333333335
2025-07-20,03:40-03:50,28.68733999999995
2025-07-20,04:20-04:40,78.37541666666652
2025-07-20,05:10-05:20,3.633713333333276
2025-07-20,06:20-06:50,146.30111999999986
2025-07-20,07:10-07:30,55.73367666666658
2025-07-20,09:50-10:00,24.653482333333315
2025-07-20,10:10-10:30,21.34648866666668
2025-07-20,11:10-11:50,310.02062000000024
2025-07-20,13:30-13:40,57.03917900000002
2025-07-20,17:40-18:00,16.926833333333434
2025-07-20,21:20-21:30,10.134333333333302
2025-07-20,22:20-22:30,0.5751633333334212
2025-07-21,01:10-01:30,35.73797999999999
2025-07-21,01:50-02:20,72.12339666666651
2025-07-21,02:30-02:50,23.731926666666595
2025-07-21,03:30-03:40,7.900423333333151
2025-07-21,04:10-04:20,3.2966766666667127
2025-07-21,04:30-04:40,9.440203333333216
2025-07-21,05:10-06:00,126.61936000000003
2025-07-21,06:20-06:40,117.01135666666659
2025-07-21,06:50-07:10,20.255769999999927
2025-07-21,07:30-08:00,152.44459333333322
2025-07-21,08:20-08:30,22.4847299999999
2025-07-21,09:20-09:40,99.85126233333325
2025-07-21,11:50-13:30,454.7588800000004
2025-07-21,15:40-16:10,139.45095999999984
2025-07-21,17:10-18:00,98.25528333333341
2025-07-22,03:10-03:20,5.805216666666638
2025-07-22,04:00-04:20,50.98266999999987
2025-07-22,05:50-06:10,30.516219999999976
2025-07-22,06:40-06:50,0.08816333333334114
2025-07-22,10:40-11:00,80.03012999999999
2025-07-22,13:10-14:00,515.19562014
2025-07-23,03:10-03:20,7.654969999999935
2025-07-23,05:20-05:30,37.721903333333216
2025-07-23,06:10-06:30,31.90700000000004
2025-07-23,06:50-07:20,202.6714566666667
2025-07-23,07:40-08:30,167.18419999999998
2025-07-23,11:00-11:20,85.0413900000002
2025-07-23,14:20-14:40,43.359553333333224
2025-07-23,15:40-16:00,36.07305666666673
2025-07-24,03:40-03:50,2.242399999999975
2025-07-24,04:40-04:50,0.590733333333219
2025-07-24,05:00-05:20,31.7417333333334
2025-07-24,05:50-06:10,32.83926999999983
2025-07-24,12:20-14:00,808.2958527000001
2025-07-24,15:50-16:00,58.429349999999886
2025-07-24,17:50-18:00,2.6451933333332818
2025-07-25,03:30-03:40,17.522513333333336
2025-07-25,04:00-04:10,0.8151033333333544
2025-07-25,04:40-04:50,4.471213333333253
2025-07-25,07:30-07:50,92.85376666666662
2025-07-26,02:30-02:50,48.79508999999996
2025-07-26,03:50-04:00,28.81869999999992
2025-07-26,05:40-05:50,12.795096666666666
2025-07-26,06:10-06:30,54.205443333333335
2025-07-26,10:50-12:00,375.0316066666665
2025-07-26,12:10-12:30,35.24997000000019
2025-07-27,01:20-01:40,44.37707999999998
2025-07-27,04:40-05:00,29.673336666666614
2025-07-27,05:20-05:40,27.05560333333335
2025-07-27,06:00-06:40,147.06509999999957
2025-07-27,07:00-09:20,794.4722299999997
2025-07-27,22:50-23:00,7.0773300000000745
2025-07-28,06:10-06:40,78.10408999999993
2025-07-28,06:50-07:00,5.737233333333222
2025-07-28,08:10-10:40,831.5249166666666
2025-07-28,11:10-11:40,44.44757333333337
2025-07-28,11:50-13:20,818.0692988
2025-07-28,16:10-16:30,30.217983333333336
2025-07-28,17:00-17:10,17.45173333333321
2025-07-28,17:40-17:50,4.109966666666537
2025-07-28,21:20-21:30,0.052033333333156406
2025-07-28,23:10-23:30,26.217059999999947
2025-07-29,09:30-12:20,885.9764571
2025-07-30,06:10-06:20,1.946266666666702
2025-07-30,07:20-07:30,22.024020000000007
2025-07-30,08:10-09:10,162.3896866666665
2025-07-30,09:50-10:00,6.123081999999915
2025-07-31,08:00-08:30,77.2344866666665
2025-07-31,09:30-10:00,125.8440473333333
2025-08-01,05:00-05:20,16.591556666666634
2025-08-03,05:40-05:50,5.158563333333291
2025-08-04,04:20-04:30,14.281736666666575
2025-08-05,06:20-06:30,1.9885099999999056
2025-08-05,10:20-10:30,10.8538686666666
2025-08-06,13:00-13:20,155.59298333333328
2025-08-06,13:30-15:30,609.3962439999996
2025-08-06,15:40-16:10,99.55050999999986
2025-08-06,23:50-24:00,10.18666666666661
2025-08-07,06:50-07:00,14.250950000000046
2025-08-07,07:20-07:30,43.0863733333334
2025-08-07,07:50-08:00,17.050126666666586
2025-08-08,06:30-06:50,58.76511333333343
2025-08-09,06:00-06:10,13.563256666666689
2025-08-09,07:00-07:20,110.79672533333327
2025-08-09,12:00-12:10,51.60763666666662
2025-08-09,12:30-13:30,375.22857666666744
2025-08-10,09:30-09:50,139.3889566666665
2025-08-10,11:50-14:00,1100.4738633333334
2025-08-11,07:20-07:40,75.17706000000007
2025-08-11,08:30-10:00,537.7994883333334
2025-08-11,12:50-13:00,11.798183333333498
2025-08-11,22:00-22:10,7.192263333333358
2025-08-12,04:50-05:00,3.6709366666666483
2025-08-12,08:50-09:00,6.869406666666762
2025-08-12,09:20-11:10,891.0723080000001
2025-08-12,13:20-13:40,4.7568133333333265
2025-08-12,14:00-14:40,207.93026733333338
2025-08-12,15:10-15:40,104.58813000000015
2025-08-12,16:10-16:30,34.7015899999999
2025-08-13,00:50-01:00,24.424583333333317
2025-08-13,09:50-12:00,678.3518410000004
2025-08-13,13:30-14:20,355.38113899999996
2025-08-14,06:20-06:40,46.1272633333333
2025-08-14,06:50-07:00,16.25267999999994
2025-08-14,07:30-08:20,295.85504333333324
2025-08-14,08:30-09:00,213.88102666666668
2025-08-14,09:50-10:00,40.38780000000007
2025-08-14,11:50-12:20,105.7066200000005
2025-08-15,04:00-04:10,3.171799999999962
2025-08-15,05:30-05:40,1.9086300000001302
2025-08-15,06:30-06:50,71.37955
2025-08-15,07:00-07:20,34.36958433333337
2025-08-16,05:50-06:00,8.409966666666605
2025-08-16,07:00-07:10,21.24784666666666
2025-08-16,13:50-14:00,37.90739999999994
2025-08-16,14:20-14:30,15.567360000000008
2025-08-17,06:50-07:30,185.52919666666642
2025-08-17,08:20-08:30,16.054403333333227
2025-08-17,16:10-16:20,3.4928666666666004
2025-08-17,18:20-18:40,5.374630000000138
2025-08-18,01:30-01:40,16.89571333333322
2025-08-18,05:50-06:10,40.96807333333322
2025-08-18,07:20-07:30,10.882886666666678
2025-08-18,08:20-08:50,151.3522866666666
2025-08-18,09:00-09:10,42.22823366666676
2025-08-18,13:30-14:30,155.93363503333342
2025-08-18,17:20-17:30,36.46041666666656
2025-08-18,20:20-20:30,4.845150000000018
2025-08-19,01:50-02:00,10.471679999999878
2025-08-19,08:20-08:40,37.372746666666615
2025-08-19,11:20-11:40,49.03605999999979
2025-08-19,13:50-14:10,82.39131833333354
2025-08-19,14:50-15:00,17.051976666666775
2025-08-19,15:50-16:00,19.091309999999964
2025-08-19,19:20-19:30,11.504989999999822
2025-08-19,21:30-21:40,14.19916666666677
2025-08-20,05:30-05:40,2.599996666666584
2025-08-20,06:30-09:40,1683.6036471333332
2025-08-20,10:10-12:30,1289.9535166666672
2025-08-20,13:10-15:00,486.6485410000003
2025-08-20,17:50-18:00,16.08531999999991
2025-08-21,09:30-09:40,16.180698666666544
2025-08-21,11:30-12:40,261.88018500000027
2025-08-21,13:00-14:40,576.8970179333331
2025-08-21,15:10-15:30,37.947143333333315
2025-08-21,18:00-18:20,31.788713333333135
2025-08-22,01:30-01:40,10.396313333333296
2025-08-22,03:50-04:00,34.37151999999992
2025-08-22,05:20-05:40,12.02897999999982
2025-08-22,13:30-14:00,71.73975666666695
2025-08-22,14:20-14:40,101.63734000000022
2025-08-22,14:50-15:00,60.12342333333328
2025-08-22,15:50-16:40,93.49632833333322
2025-08-22,18:50-19:00,21.974170000000072
2025-08-22,20:20-20:40,15.761729999999943
2025-08-22,22:10-22:30,6.131893333333323
2025-08-23,03:00-03:10,5.79840333333334
2025-08-23,12:00-12:20,81.6920233333334
2025-08-23,13:20-13:40,93.68389666666678
2025-08-23,14:00-14:10,11.982126666666659
2025-08-23,21:30-21:50,39.55761999999993
2025-08-24,08:50-09:00,24.44802333333331
2025-08-24,15:10-15:30,30.681840000000022
2025-08-24,16:10-16:30,17.659403333333216
2025-08-24,23:10-23:20,2.0299466666665467
2025-08-25,03:50-04:00,5.05609666666669
2025-08-25,06:10-06:40,49.61468999999988
2025-08-25,07:00-07:30,81.59161999999998
2025-08-25,10:10-10:50,107.6144333333333
2025-08-25,11:30-13:40,1008.9815000000001
2025-08-25,14:10-16:50,656.4804169999994
2025-08-26,07:10-07:20,1.5315566666666314
2025-08-26,08:20-08:40,58.54759666666652
2025-08-26,13:00-13:10,14.227319999999992
2025-08-26,16:00-16:20,84.86372333333327
2025-08-26,16:40-17:10,74.47624999999994
2025-08-27,06:50-07:00,10.780326666666554
2025-08-27,07:50-09:30,403.3329174333332
2025-08-27,14:20-14:30,50.299363333333304
2025-08-27,15:30-15:40,3.4062766666665993
2025-08-27,16:20-16:30,12.57938999999999
2025-08-28,07:30-07:50,9.524403333333282
2025-08-28,08:50-11:30,2635.5670572666663
2025-08-28,11:40-12:40,357.00485000000015
2025-08-28,17:00-17:20,70.49192666666681
2025-08-28,18:50-19:00,1.7954399999998145
2025-08-28,19:50-20:00,5.257126666666494
2025-08-28,21:30-21:40,1.9637366666664775
2025-08-28,22:50-23:00,40.75813000000005
2025-08-29,06:00-06:30,52.89986666666658
2025-08-29,06:50-07:40,249.91483966666678
2025-08-29,11:40-11:50,50.127489999999966
2025-08-29,12:50-13:00,6.940293333333329
2025-08-29,20:00-20:10,14.643063333333203
2025-08-30,00:40-00:50,5.545499999999947
2025-08-30,04:10-04:20,7.15319333333332
2025-08-30,05:20-05:40,4.560069999999882
2025-08-30,14:40-15:10,73.63761333333363
2025-08-30,20:40-20:50,13.232773333333284
2025-08-30,21:40-21:50,15.856656666666595
2025-08-30,22:30-22:40,8.733030000000099
2025-08-30,23:20-23:30,26.04329666666672
2025-08-31,05:50-06:00,3.934953333333283
2025-08-31,07:00-07:50,121.74091000000001
2025-08-31,09:30-10:00,102.74982899999985
2025-08-31,11:50-12:10,69.23137000000008
2025-08-31,12:40-12:50,4.926386666666531
2025-09-01,09:50-10:20,74.43679666666664
2025-09-01,11:40-11:50,31.528773333333334
2025-09-04,07:50-08:00,19.912526666666622
2025-09-05,06:10-06:20,9.781466666666574
2025-09-05,12:30-12:50,78.52314999999999
2025-09-06,07:20-07:40,32.2279297333333
2025-09-07,07:50-08:30,153.11832666666652
2025-09-07,09:00-09:10,24.16167099999989
2025-09-07,12:20-12:50,65.0079533333332
2025-09-07,13:00-13:20,98.07013333333336
2025-09-08,09:40-10:50,365.56165366666653
2025-09-08,11:50-12:00,13.483036666666749
2025-09-08,13:00-15:30,872.1944840000004
2025-09-09,07:10-07:30,11.696086666666531
2025-09-10,05:50-06:00,4.834303333333196
2025-09-10,06:10-11:00,1779.9571306666662
2025-09-10,12:00-12:10,10.427996666666559
2025-09-10,12:30-14:30,1058.877103
2025-09-11,08:10-08:40,199.05479333333327
2025-09-12,06:50-07:00,5.813049999999976
2025-09-12,07:10-07:40,130.15978599999994
2025-09-12,12:10-12:30,23.30401000000029
2025-09-13,06:20-06:50,35.20272666666665
2025-09-13,17:00-17:10,16.008303333333345
2025-09-14,04:00-04:10,2.0032633333333933
2025-09-14,04:40-04:50,7.904593333333196
2025-09-14,05:20-05:30,6.6839566666666315
2025-09-14,06:20-06:30,5.346756666666579
2025-09-14,07:40-08:10,41.6059933333334
2025-09-14,08:30-09:20,227.50128033333326
2025-09-14,09:30-10:30,428.03831199999985
2025-09-14,10:50-11:00,16.107646666666653
2025-09-14,11:10-11:40,69.53097666666679
2025-09-14,11:50-13:10,627.6576100000002
2025-09-15,05:40-06:00,17.23184333333336
2025-09-15,06:20-06:50,45.881939999999986
2025-09-15,07:00-08:10,211.93217366666684
2025-09-15,08:40-08:50,7.385403333333301
2025-09-15,17:50-18:00,11.823649999999816
2025-09-16,04:00-04:20,17.296873333333224
2025-09-16,06:50-07:00,3.7799100000000863
2025-09-16,07:30-07:40,4.886515333333335
2025-09-16,10:30-12:50,1267.6913000000002
2025-09-16,15:10-15:30,18.710463333333195
2025-09-16,23:50-24:00,4.848539999999957
2025-09-17,04:50-05:00,2.9247233333333043
2025-09-17,05:50-06:00,25.563490000000115
2025-09-17,07:30-07:50,14.158126666666703
2025-09-17,08:00-08:30,97.37779666666671
2025-09-17,08:50-11:50,1512.3031680000001
2025-09-17,13:30-13:40,24.71261000000004
2025-09-17,22:40-22:50,6.929879999999912
2025-09-18,05:20-05:30,31.47267999999997
2025-09-18,05:50-06:10,25.82297000000017
2025-09-18,08:50-10:10,518.7640009333331
2025-09-18,10:30-11:00,63.11864000000031
2025-09-18,12:00-12:10,15.921943333333502
2025-09-18,12:40-13:10,219.7310233333332
2025-09-18,21:30-21:40,11.746796666666569
2025-09-19,01:00-01:10,5.165616666666665
2025-09-19,01:40-02:00,21.005583333333277
2025-09-19,04:40-05:00,15.241463333333286
2025-09-19,07:30-07:50,25.980820333333433
2025-09-19,12:00-12:40,229.4751133333333
2025-09-19,13:40-13:50,10.671199999999999
2025-09-19,15:50-16:20,102.1484642666667
2025-09-19,16:50-17:00,19.33803999999995
2025-09-20,03:10-03:30,36.47264666666666
2025-09-20,06:20-07:50,198.15878366666664
2025-09-20,13:20-14:00,93.48421333333351
2025-09-20,15:40-15:50,10.915880099999974
2025-09-21,03:00-03:20,3.592023333333259
2025-09-21,04:30-04:40,5.673666666666691
2025-09-21,05:30-05:40,1.9412800000000061
2025-09-21,06:10-06:20,5.703976666666563
2025-09-21,10:40-12:00,451.68857666666696
2025-09-21,12:20-12:40,15.96948999999995
2025-09-21,13:00-13:20,7.2967699999999525
2025-09-21,17:00-17:20,16.041453333333493
2025-09-22,00:00-00:20,6.108426666666446
2025-09-22,00:30-00:50,58.549319999999966
2025-09-22,01:30-02:00,43.9633166666664
2025-09-22,02:30-03:00,49.047016666666536
2025-09-22,03:20-03:50,43.799833333333254
2025-09-22,04:00-04:20,7.74509333333333
2025-09-22,05:10-05:30,16.98885666666672
2025-09-22,06:00-06:20,3.5959799999999404
2025-09-22,06:50-07:00,9.93098000000009
2025-09-22,07:50-08:00,18.128783333333274
2025-09-22,10:40-11:00,30.98551333333333
2025-09-22,11:20-11:40,19.68900000000005
2025-09-22,12:10-12:50,173.09095666666707
2025-09-22,13:00-13:20,50.76145999999997
2025-09-22,15:20-16:40,208.1730399999998
2025-09-22,16:50-17:30,96.7723866666663
2025-09-22,19:40-20:10,60.668539999999894
2025-09-22,21:00-21:20,68.00659999999993
2025-09-22,21:30-21:50,29.736296666666476
2025-09-22,22:50-23:00,31.32186333333334
2025-09-22,23:20-23:30,36.99073000000021
2025-09-23,00:40-00:50,3.951539999999909
2025-09-23,01:00-01:10,1.880580000000009
2025-09-23,02:00-02:20,27.69169999999997
2025-09-23,03:40-04:00,9.586926666666614
2025-09-23,04:50-05:20,53.17229333333319
2025-09-23,05:40-05:50,4.54304333333323
2025-09-23,06:00-06:30,48.85608999999977
2025-09-23,06:50-07:10,55.58827333333329
2025-09-23,07:30-08:00,49.76032666666663
2025-09-23,09:20-11:10,580.7099523333333
2025-09-23,14:10-15:20,474.69177699999983
2025-09-23,15:50-16:50,242.64306333333315
2025-09-23,17:10-17:20,6.197476666666603
2025-09-23,17:30-17:40,3.5698666666667123
2025-09-23,18:10-18:40,17.321423333333428
2025-09-23,20:00-20:30,77.0798899999998
2025-09-23,20:50-21:10,81.18389000000002
2025-09-23,21:20-21:30,13.436456666666686
2025-09-23,21:40-22:00,6.648733333333212
2025-09-23,22:20-22:30,36.556196666666665
2025-09-24,01:20-01:40,7.287049999999908
2025-09-24,02:10-02:30,13.574519999999893
2025-09-24,02:50-03:50,113.73714333333305
2025-09-24,04:10-05:30,126.29017999999962
2025-09-24,06:10-08:00,358.9589199999995
2025-09-24,08:10-08:30,47.273709999999994
2025-09-24,08:50-09:20,89.55412333333317
2025-09-24,10:10-10:20,0.4325333333333674
2025-09-24,11:20-13:00,437.04179666666715
2025-09-24,16:50-17:10,12.098413333333156
2025-09-24,18:10-18:30,29.886656666666568
2025-09-24,19:00-19:10,6.945010000000025
2025-09-24,19:40-19:50,35.395123333333345
2025-09-24,20:20-20:30,2.6629833333332726
2025-09-24,21:10-21:30,4.502889999999979
2025-09-24,23:40-23:50,15.836733333333314
2025-09-25,00:20-00:50,115.4532733333333
2025-09-25,01:10-01:30,19.338403333333304
2025-09-25,02:00-02:20,26.202676666666548
2025-09-25,02:50-03:20,38.884013333333314
2025-09-25,04:30-05:10,65.93275666666659
2025-09-25,06:20-06:50,45.69641333333334
2025-09-25,07:00-07:50,58.06454833333329
2025-09-25,12:10-12:50,76.54820666666672
2025-09-25,14:20-14:30,2.350000333333462
2025-09-25,15:30-16:00,54.72205666666656
2025-09-25,16:10-16:40,90.96160666666651
2025-09-25,17:40-17:50,19.823796666666567
2025-09-25,18:30-19:00,108.17674
2025-09-25,20:50-21:30,151.98154999999963
2025-09-25,22:30-23:10,100.44032333333303
2025-09-25,23:50-24:00,1.0712466666666387
2025-09-26,01:50-02:10,24.140643333333287
2025-09-26,03:20-03:30,11.420833333333235
2025-09-26,04:00-04:20,11.017949999999985
2025-09-26,04:40-05:40,71.60283333333331
2025-09-26,07:10-07:30,16.195783333333367
2025-09-26,12:10-13:00,172.9979466666665
2025-09-26,13:20-13:30,6.634526666666716
2025-09-26,13:50-15:10,247.20729000000003
2025-09-26,16:40-16:50,2.066603333333262
2025-09-26,19:50-20:00,8.829946666666615
2025-09-26,21:40-21:50,34.32913333333329
2025-09-26,23:30-23:50,2.6415433333332885
2025-09-27,00:30-00:40,12.298299999999983
2025-09-27,01:00-01:20,70.03500666666662
2025-09-27,02:50-03:20,63.629653333333295
2025-09-27,03:40-04:00,40.10602
2025-09-27,04:20-04:40,39.04252333333329
2025-09-27,05:00-05:20,9.446206666666626
2025-09-27,05:30-05:50,31.211196666666638
2025-09-27,06:00-07:00,198.17245333333324
2025-09-27,12:00-14:30,1029.6294800000005
2025-09-27,15:40-16:50,271.31978933333323
2025-09-27,17:30-17:50,24.948813333333305
2025-09-27,18:20-19:00,18.047459999999887
2025-09-27,19:10-19:30,31.187446666666574
2025-09-27,21:00-21:20,30.09867333333318
2025-09-27,23:10-23:50,49.23811666666694
2025-09-28,02:00-02:50,78.55072999999982
2025-09-28,03:20-03:40,28.805316666666613
2025-09-28,03:50-04:00,13.63481333333334
2025-09-28,04:50-05:10,33.93624333333332
2025-09-28,06:20-07:20,72.77528333333328
2025-09-28,08:10-10:00,421.39213066666673
2025-09-28,10:10-11:10,254.4700300000002
2025-09-28,12:40-14:30,498.799880666667
2025-09-28,15:10-15:30,15.460579999999851
2025-09-28,17:20-17:50,105.30442333333303
2025-09-28,19:20-19:40,40.12022333333323
2025-09-28,21:50-22:00,0.9965966666666191
2025-09-28,22:20-22:30,5.268496666666579
2025-09-28,23:00-23:20,12.127999999999929
2025-09-28,23:40-24:00,85.08843333333311
2025-09-29,00:20-00:50,101.29683333333332
2025-09-29,01:10-01:40,45.267780000000016
2025-09-29,02:00-03:20,263.811813333333
2025-09-29,03:40-04:20,124.40810999999985
2025-09-29,04:30-05:30,53.76281666666637
2025-09-29,05:50-06:20,100.58632666666665
2025-09-29,06:50-07:00,16.16393999999991
2025-09-29,07:40-07:50,4.454313333333346
2025-09-29,08:10-08:20,11.926476666666645
2025-09-29,09:30-09:50,97.08274966666676
2025-09-29,10:30-11:20,114.24046000000013
2025-09-29,12:50-13:50,261.56637000000023
2025-09-29,14:20-14:30,19.712918733333332
2025-09-29,15:10-15:30,31.05838666666665
2025-09-29,15:50-16:20,80.86383666666649
2025-09-29,16:50-17:20,103.99744999999962
2025-09-29,18:20-19:40,287.2175526666666
2025-09-29,20:00-20:50,176.29301666666652
2025-09-29,21:20-21:50,74.27442333333317
2025-09-29,22:20-23:00,115.35067000000026
2025-09-29,23:20-24:00,146.23788666666655
2025-09-30,00:00-00:10,22.826863333333222
2025-09-30,00:20-01:30,201.58665333333317
2025-09-30,02:10-05:20,430.4513833333325
2025-09-30,06:30-07:20,148.34445333333315
2025-09-30,07:30-08:40,143.98318999999992
2025-09-30,08:50-09:30,258.0069123333334
2025-09-30,09:50-10:50,356.4582653333333
2025-09-30,11:00-11:40,42.34666666666652
2025-09-30,13:10-16:20,1211.1647986666662
2025-09-30,16:30-17:20,50.66795666666667
2025-09-30,17:30-18:00,40.05696666666654
2025-09-30,18:20-18:30,27.73637333333329
2025-09-30,18:50-19:10,36.29751333333331
2025-09-30,19:50-20:20,125.73938633333347
2025-09-30,20:30-21:20,177.43429999999978
2025-09-30,21:50-22:10,6.720793333333404
2025-09-30,22:50-23:50,158.84863333333294
2025-10-01,00:30-00:40,13.212979999999902
2025-10-01,01:10-01:20,6.853836666666666
2025-10-01,01:40-03:00,132.20389666666642
2025-10-01,03:20-04:40,221.45887666666624
2025-10-01,05:00-05:20,39.25171666666665
2025-10-01,23:30-24:00,23.33537333333345
2025-10-02,00:00-00:20,26.628960000000006
2025-10-02,00:50-04:00,406.18737999999894
2025-10-02,04:20-04:50,57.4946566666664
2025-10-02,05:40-06:00,65.88932333333332
2025-10-03,00:30-01:00,30.00222999999994
2025-10-03,01:10-01:40,87.76218000000006
2025-10-03,02:30-02:50,40.99941333333328
2025-10-03,03:10-04:30,149.20089333333317
2025-10-03,05:30-06:10,52.21807333333322
2025-10-03,06:40-06:50,2.1222066666666706
2025-10-03,23:20-23:40,21.202883333333318
2025-10-04,00:20-00:40,20.14090333333337
2025-10-04,01:30-01:50,35.88073999999989
2025-10-04,02:10-03:00,56.63823666666667
2025-10-04,03:30-05:30,218.54765666666646
2025-10-04,05:50-06:40,148.5543266666665
2025-10-04,07:00-07:40,110.41594700000002
2025-10-04,12:40-13:00,19.653633333333573
2025-10-04,13:10-13:50,75.87387000000058
2025-10-04,23:30-24:00,14.572176666666735
2025-10-05,00:00-01:30,269.1532833333331
2025-10-05,01:50-02:10,18.231683333333308
2025-10-05,02:20-03:00,140.64156333333335
2025-10-05,03:20-05:10,171.92434333333279
2025-10-05,06:00-06:20,14.03367999999989
2025-10-05,07:50-08:00,4.17989666666665
2025-10-05,10:00-10:10,21.743880000000033
2025-10-05,15:10-15:20,17.034310000000005
2025-10-05,22:20-22:50,40.6714400000003
2025-10-06,00:10-00:30,32.404333333333284
2025-10-06,00:50-01:10,6.007676666666725
2025-10-06,01:40-03:30,206.3167366666661
2025-10-06,03:40-04:00,28.466389999999933
2025-10-06,04:20-04:30,8.715206666666631
2025-10-06,04:50-05:30,60.76649666666685
2025-10-06,06:20-06:40,38.11324999999988
2025-10-06,11:20-13:40,857.9712500000003
2025-10-06,14:00-14:20,50.64155599999992
2025-10-06,14:50-15:00,8.152763333333311
2025-10-06,15:30-15:40,5.977669999999989
2025-10-06,16:00-16:20,38.093763333333186
2025-10-06,16:50-17:10,21.8600266666665
2025-10-06,22:00-22:20,10.297249999999849
2025-10-06,23:30-23:40,9.967463333333171
2025-10-07,00:10-00:20,0.49082999999973254
2025-10-07,00:30-02:00,170.28888666666637
2025-10-07,02:30-03:00,77.43876333333321
2025-10-07,03:50-04:00,6.1210733333333565
2025-10-07,05:00-06:00,84.34489999999971
2025-10-07,06:20-06:30,5.543206666666492
2025-10-07,07:10-07:30,12.052991666666571
2025-10-07,07:50-13:20,1207.5915786666671
2025-10-07,15:20-16:00,57.61862333333329
2025-10-07,23:00-23:10,8.478736666666691
2025-10-07,23:50-24:00,11.224996666666584
2025-10-08,00:00-00:10,10.799746666666579
2025-10-08,00:50-01:00,18.31436999999994
2025-10-08,01:30-04:10,220.04247333333296
2025-10-08,04:20-05:10,56.04979666666634
2025-10-08,06:10-08:20,463.1540603333327
2025-10-08,10:30-13:10,1089.0912100000005
2025-10-08,15:20-15:40,21.411320000000046
2025-10-08,17:00-17:10,7.26272333333327
2025-10-08,17:40-18:00,30.080123333333177
2025-10-08,22:10-22:30,60.28238666666664
2025-10-08,23:20-23:30,4.67832999999996
2025-10-09,00:20-00:40,32.72545333333335
2025-10-09,00:50-02:20,125.71289666666655
2025-10-09,02:40-03:20,38.16935000000001
2025-10-09,03:30-03:50,38.548
2025-10-09,04:10-05:00,70.89143666666632
2025-10-09,05:20-05:50,49.98046333333343
2025-10-09,06:10-06:20,19.169103333333283
2025-10-09,06:40-06:50,2.3641533333332063
2025-10-09,07:00-08:10,199.86459666666636
2025-10-09,10:20-11:20,220.24148266666657
2025-10-09,14:30-15:50,131.3144884999997
2025-10-09,16:20-16:40,23.67705333333322
2025-10-09,17:10-17:20,11.99635666666677
2025-10-09,17:40-18:00,38.89240999999993
2025-10-09,19:20-19:30,5.951449999999909
2025-10-09,20:30-20:50,2.617496666666625
2025-10-09,22:10-22:30,6.119876666666528
2025-10-09,22:50-23:00,4.296666666666624
2025-10-09,23:50-24:00,5.76791333333324
2025-10-10,00:00-00:20,104.79807666666665
2025-10-10,00:40-01:50,154.10916666666634
2025-10-10,02:00-02:40,40.46848
2025-10-10,03:00-03:50,96.31474000000003
2025-10-10,04:30-04:50,15.699076666666656
2025-10-10,05:00-05:20,42.51824333333326
2025-10-10,05:40-06:00,20.223286666666695
2025-10-10,06:20-06:40,14.65903000000003
2025-10-10,07:00-07:20,122.02785999999995
2025-10-10,15:50-16:10,58.48134947333329
2025-10-10,16:30-16:50,53.662386666666634
2025-10-10,17:00-17:50,109.26853966666664
2025-10-10,20:40-21:00,19.8126299999999
2025-10-10,22:10-22:30,60.48238333333319
2025-10-10,22:50-23:00,11.334171000000026
2025-10-10,23:20-23:30,12.969263333333402
2025-10-10,23:40-24:00,60.840186666666625
2025-10-11,00:00-00:10,23.019740000000013
2025-10-11,01:10-01:50,56.183186666666586
2025-10-11,02:00-03:00,83.07266333333331
2025-10-11,03:20-03:50,51.436919999999816
2025-10-11,04:00-04:20,28.070249999999987
2025-10-11,04:30-04:40,9.941180000000031
2025-10-11,05:10-05:30,21.565236666666692
2025-10-11,05:50-06:00,0.8147500000000036
2025-10-11,06:20-07:20,89.11065333333323
2025-10-11,07:30-07:40,9.19673566666664
2025-10-11,12:20-12:40,123.18722000000014
2025-10-11,13:20-13:50,138.94736333333356
2025-10-11,14:00-14:20,24.808453333333432
2025-10-11,14:50-15:00,67.67767333333336
2025-10-11,16:10-16:20,0.43985000000000696
2025-10-11,17:20-17:30,28.694733333333318
2025-10-11,18:50-19:00,7.265576666666675
2025-10-11,19:20-19:30,11.32436666666672
2025-10-11,21:20-21:30,6.978329999999971
2025-10-11,22:20-22:30,41.53439666666668
2025-10-11,22:50-23:00,5.784563333333381
2025-10-11,23:30-24:00,67.86430333333311
2025-10-12,00:30-00:40,2.577193333333298
2025-10-12,01:00-01:10,14.317729999999983
2025-10-12,01:40-02:00,83.45343666666645
2025-10-12,02:20-03:00,79.05368333333331
2025-10-12,03:30-03:50,33.59564
2025-10-12,05:00-05:20,51.83823333333328
2025-10-12,06:00-06:20,67.35305666666659
2025-10-12,06:40-06:50,7.778049999999894
2025-10-12,07:40-08:00,28.104109999999935
2025-10-12,11:00-11:20,132.5807333333334
2025-10-12,11:30-12:00,108.53024333333371
2025-10-12,12:20-14:50,1109.9661363333332
2025-10-12,18:00-18:10,8.973410000000058
2025-10-12,18:50-19:00,8.57353999999998
2025-10-12,20:00-20:10,0.12751666666656547
2025-10-12,22:00-22:10,12.055713333333415
2025-10-12,22:30-22:50,69.4734599999997
2025-10-12,23:10-24:00,45.23201333333327
2025-10-13,00:10-00:30,18.87644000000023
2025-10-13,00:50-01:00,14.766046666666625
2025-10-13,01:10-01:30,28.462980000000016
2025-10-13,01:50-02:10,58.27460999999994
2025-10-13,02:40-02:50,8.43492666666657
2025-10-13,04:20-05:10,166.84315666666635
2025-10-13,05:40-05:50,11.45771666666667
2025-10-13,12:20-13:00,187.52323000000007
2025-10-13,13:20-15:00,288.5666216666668
2025-10-13,15:50-16:10,42.91572333333323
2025-10-13,16:30-16:50,43.872426666666684
2025-10-13,17:10-17:20,6.625839999999812
2025-10-13,19:20-19:40,37.85369999999989
2025-10-13,21:50-22:30,55.014630000000125
2025-10-14,00:20-00:30,13.505246666666608
2025-10-14,00:50-01:50,112.24132666666651
2025-10-14,02:00-02:20,81.97798666666654
2025-10-14,03:00-04:00,79.44392333333303
2025-10-14,04:30-05:50,112.00451999999984
2025-10-14,06:10-06:30,35.864973333333296
2025-10-14,07:00-09:50,509.0440660999996
2025-10-14,10:10-10:50,146.7531033333332
2025-10-14,11:00-11:10,6.28804666666673
2025-10-14,11:50-12:00,24.62503333333325
2025-10-14,12:50-14:20,748.3821600000001
2025-10-14,14:30-17:00,370.7952876666659
2025-10-14,18:50-19:10,15.777863333333244
2025-10-14,21:20-21:40,9.304436666666561
2025-10-14,22:00-22:30,77.80658000000017
2025-10-14,22:50-23:00,2.205996666666806
2025-10-14,23:20-23:40,24.59549333333348
2025-10-14,23:50-24:00,9.923336666666614
2025-10-15,00:00-00:10,32.394546666666656
2025-10-15,00:30-01:30,127.2052299999998
2025-10-15,01:40-02:00,64.18132666666656
2025-10-15,02:20-03:10,100.65581666666651
2025-10-15,03:40-04:20,82.41353333333336
2025-10-15,04:30-04:50,48.42456000000004
2025-10-15,05:30-05:50,11.950789999999984
2025-10-15,06:30-06:50,18.856003333333092
2025-10-15,07:40-08:00,9.971543333333273
2025-10-15,08:40-09:00,20.898323333333423
2025-10-15,09:20-09:30,4.52890399999994
2025-10-15,10:00-15:10,2760.9312636666673
2025-10-15,16:30-16:50,12.09023333333323
2025-10-15,17:00-17:20,17.825796666666633
2025-10-15,17:30-18:20,75.2455749999998
2025-10-15,18:40-19:00,40.254933333333156
2025-10-15,19:20-19:40,48.674539999999865
2025-10-15,20:40-21:20,72.85234666666656
2025-10-15,21:40-22:30,75.83454333333316
2025-10-15,23:00-23:30,33.64556333333326
2025-10-16,00:00-02:00,246.5475833333329
2025-10-16,02:20-02:50,87.72861333333321
2025-10-16,03:00-03:20,5.973286666666581
2025-10-16,03:30-04:40,70.53808333333313
2025-10-16,04:50-05:50,106.545253333333
2025-10-16,06:50-09:00,314.79984999999976
2025-10-16,09:30-09:40,1.8461368666666313
2025-10-16,11:50-17:00,3131.0476358999995
2025-10-16,17:20-17:30,23.473239999999805
2025-10-16,18:00-18:20,31.984453333333363
2025-10-16,18:30-18:50,31.28209799999986
2025-10-16,19:20-20:10,109.42388999999991
2025-10-16,20:40-20:50,6.064286666666476
2025-10-16,21:30-22:00,28.43645333333336
2025-10-16,22:20-22:50,51.90528000000006
2025-10-16,23:50-24:00,45.833959999999934
2025-10-17,00:00-00:20,47.52636666666672
2025-10-17,00:30-01:50,128.76243666666647
2025-10-17,02:10-02:40,68.82533999999981
2025-10-17,03:10-03:40,57.814649999999915
2025-10-17,05:00-05:40,13.450383333333377
2025-10-17,06:30-06:50,28.12366000000003
2025-10-17,12:40-15:00,783.8930500000002
2025-10-17,15:20-15:30,33.521656666666715
2025-10-17,15:50-16:10,39.4349136666667
2025-10-17,16:40-16:50,21.97203666666661
2025-10-17,17:10-17:20,10.806809999999984
2025-10-17,17:30-17:50,20.07868666666667
2025-10-17,18:00-18:10,9.294616666666627
2025-10-17,18:30-18:50,56.65579666666656
2025-10-17,19:00-19:30,46.020793333333245
2025-10-17,19:40-20:10,41.39026333333322
2025-10-17,20:20-21:00,77.14427
2025-10-17,21:20-22:00,60.10697666666664
2025-10-17,22:30-23:50,218.01000333333315
2025-10-18,00:10-01:00,148.48034366666644
2025-10-18,01:20-01:30,8.341346666666652
2025-10-18,01:50-02:10,22.628903333333255
2025-10-18,02:40-03:00,74.80729333333335
2025-10-18,03:20-03:40,37.548730000000035
2025-10-18,03:50-04:10,13.928359999999998
2025-10-18,04:40-05:00,47.22329333333323
2025-10-18,05:20-05:40,35.51261666666659
2025-10-18,12:10-12:50,82.47784000000024
2025-10-18,13:30-14:50,389.8007133333337
2025-10-18,15:40-16:00,22.89373933333329
2025-10-18,16:10-17:00,128.40187999999978
2025-10-18,17:20-17:40,23.300209999999993
2025-10-18,19:30-19:40,5.01014333333336
2025-10-18,20:40-21:00,9.717199999999991
2025-10-18,21:20-23:00,210.94536000000005
2025-10-18,23:10-23:40,44.65367333333302
2025-10-18,23:50-24:00,5.695626666666726
2025-10-19,00:00-00:40,65.82370666666691
2025-10-19,00:50-01:30,122.2393333333332
2025-10-19,02:20-02:50,37.58280999999988
2025-10-19,03:00-03:20,29.210676666666586
2025-10-19,03:30-04:00,47.84018999999978
2025-10-19,04:20-04:40,33.278826666666646
2025-10-19,04:50-05:10,32.82940333333329
2025-10-19,05:40-06:00,40.6280766666664
2025-10-19,06:20-06:40,38.22564333333321
2025-10-19,07:20-07:50,59.427313333333245
2025-10-19,08:00-08:20,39.49752999999998
2025-10-19,09:20-09:40,30.57881133333314
2025-10-19,09:50-10:30,120.31849333333314
2025-10-19,12:20-12:30,1.964136666666775
2025-10-19,13:00-13:20,126.34177999999989
2025-10-19,13:30-17:20,1686.5334563333329
2025-10-19,18:00-19:20,220.7498206666662
2025-10-19,19:40-21:00,103.7404633333332
2025-10-19,21:10-21:40,54.961769999999774
2025-10-19,22:20-22:40,33.47061000000008
2025-10-19,22:50-23:30,76.1057933333334
2025-10-19,23:50-24:00,24.31707999999992
2025-10-20,00:00-00:10,17.20754666666653
2025-10-20,00:50-01:20,82.7181066666667
2025-10-20,02:00-02:50,73.10285999999962
2025-10-20,03:10-04:00,51.56197999999995
2025-10-20,04:20-04:40,15.362483333333216
2025-10-20,05:30-05:50,49.340666666666266
2025-10-20,06:10-06:20,0.6341566666667404
2025-10-20,07:10-07:30,35.4381433333333
2025-10-20,07:50-08:00,33.45247333333339
2025-10-20,08:20-11:10,1444.3203576666665
2025-10-20,11:40-12:10,84.68052666666676
2025-10-20,13:10-14:00,197.65973266666674
2025-10-20,15:00-15:10,6.287919999999872
2025-10-20,16:40-16:50,11.131256666666673
2025-10-20,17:20-17:40,20.482069999999908
2025-10-20,18:00-18:10,2.9869033333333164
2025-10-20,18:30-19:20,91.33504733333318
2025-10-20,19:30-19:50,2.5743699999999308
2025-10-20,20:00-20:30,34.15759999999989
2025-10-20,20:40-21:30,65.1446966666665
2025-10-20,21:50-23:20,168.64415000000008
2025-10-20,23:30-24:00,70.62467666666657
2025-10-21,00:00-00:10,4.181913333333341
2025-10-21,00:20-00:50,21.019549999999867
2025-10-21,01:30-02:00,53.602559999999926
2025-10-21,02:20-03:10,45.887916666666456
2025-10-21,03:30-03:50,39.23096666666663
2025-10-21,04:10-04:20,7.360843333333264
2025-10-21,04:30-04:50,21.226956666666638
2025-10-21,05:10-06:00,201.6434999999999
2025-10-21,06:20-06:40,39.519919999999956
2025-10-21,06:50-07:30,98.01177999999982
2025-10-21,08:20-08:40,61.188750000000084
2025-10-21,09:00-12:50,1540.072818666667
2025-10-21,13:00-14:40,555.2669904666669
2025-10-21,14:50-15:00,1.9758833333332007
2025-10-21,16:50-17:00,8.459199999999896
2025-10-21,17:20-18:10,82.82531999999992
2025-10-21,18:50-19:00,3.087079999999901
2025-10-21,19:20-19:40,15.383933333333289
2025-10-21,20:40-20:50,6.228263333333189
2025-10-21,21:20-21:40,20.01848666666649
2025-10-21,22:00-22:20,28.330680000000143
2025-10-21,22:30-24:00,240.94301333333328
2025-10-22,00:00-00:20,36.277026666666416
2025-10-22,00:30-01:50,203.23939666666615
2025-10-22,02:00-02:20,18.993736666666678
2025-10-22,03:30-03:50,20.916813333333266
2025-10-22,04:00-04:20,14.050136666666617
2025-10-22,04:50-05:00,6.543130000000019
2025-10-22,05:30-06:10,51.92637999999988
2025-10-22,07:10-07:40,92.72337333333331
2025-10-22,08:00-10:40,1417.4566765
2025-10-22,11:40-12:00,106.55582000000015
2025-10-22,12:20-12:40,40.851696666666726
2025-10-22,15:30-16:10,58.5596566666668
2025-10-22,16:20-17:00,86.82586666666646
2025-10-22,17:10-20:10,580.2211133333328
2025-10-22,20:20-21:10,153.15890666666655
2025-10-22,21:20-24:00,366.3607066666667
2025-10-23,00:00-00:30,59.72937333333334
2025-10-23,01:30-02:50,137.5531599999997
2025-10-23,03:20-03:50,59.85531333333313
2025-10-23,04:00-04:30,45.99441333333334
2025-10-23,05:20-05:40,38.640480000000025
2025-10-23,06:00-06:20,4.919579999999883
2025-10-23,06:30-07:00,27.71854666666661
2025-10-23,08:30-09:30,125.78873333333325
2025-10-23,12:00-12:20,118.42590000000001
2025-10-23,13:00-13:20,60.63488333333348
2025-10-23,13:50-14:00,8.943363333333316
2025-10-23,14:20-14:40,18.30563000000015
2025-10-23,15:30-15:50,40.74922666666663
2025-10-23,16:50-18:20,237.3708666666662
2025-10-23,19:00-19:20,80.93679333333341
2025-10-23,19:30-20:30,245.26691333333292
2025-10-23,20:50-21:10,26.564036666666652
2025-10-23,21:30-23:20,244.7758266666666
2025-10-23,23:40-24:00,54.79421999999994
2025-10-24,00:00-00:10,16.793999999999926
2025-10-24,00:20-01:20,69.21283666666653
2025-10-24,01:50-03:20,121.94032333333303
2025-10-24,03:30-03:50,31.396703333333278
2025-10-24,04:40-05:00,22.689393333333214
2025-10-24,05:20-06:00,134.6713499999999
2025-10-24,07:10-08:10,118.35869600000002
2025-10-24,11:50-12:00,5.967856666666762
2025-10-24,14:10-14:40,19.58373333333344
2025-10-24,15:00-15:10,18.767576666666713
2025-10-24,15:30-20:30,1073.1911456666658
2025-10-24,20:40-22:30,344.1227533333333
2025-10-24,22:40-23:20,131.9501966666666
2025-10-24,23:40-24:00,20.404119999999978
2025-10-25,00:20-01:00,47.02201999999994
2025-10-25,01:10-02:00,173.6654699999999
2025-10-25,02:20-02:40,31.70653333333331
2025-10-25,03:30-03:50,25.525969999999916
2025-10-25,04:10-04:20,8.447006666666596
2025-10-25,04:40-05:00,12.84124666666662
2025-10-25,05:30-05:50,71.67291999999998
2025-10-25,12:10-12:30,37.978896666666856
2025-10-25,13:00-13:20,22.21037000000024
2025-10-25,14:00-14:40,133.1435933333334
2025-10-25,15:40-15:50,22.10288433333335
2025-10-25,16:00-16:40,70.46500666666662
2025-10-25,17:00-19:30,413.71882333333303
2025-10-25,19:50-21:20,354.07281666666637
2025-10-25,21:30-23:30,357.4640749666668
2025-10-25,23:50-24:00,1.4987499999999727
2025-10-26,00:00-00:20,66.22857666666687
2025-10-26,00:30-01:00,30.54823999999985
2025-10-26,01:10-01:50,99.77182666666647
2025-10-26,02:10-02:40,39.835429999999974
2025-10-26,03:00-03:30,26.80637999999999
2025-10-26,03:50-04:00,5.616249999999923
2025-10-26,04:10-04:40,13.967893333333222
2025-10-26,05:20-05:40,51.18061666666688
2025-10-26,10:50-11:00,10.931499999999915
2025-10-26,12:00-12:30,137.46685333333346
2025-10-26,13:20-14:00,85.56799666666686
2025-10-26,15:20-15:30,2.8063433333332455
2025-10-26,16:20-16:40,30.55322000000001
2025-10-26,16:50-19:00,383.7725799999995
2025-10-26,19:20-19:30,5.92192666666665
2025-10-26,19:50-22:10,226.1821233333328
2025-10-26,22:30-23:20,113.7049066666666
2025-10-26,23:30-23:50,36.3580166666668
2025-10-27,00:00-00:30,59.94005000000027
2025-10-27,00:50-01:00,5.232293333333359
2025-10-27,01:20-02:10,80.49231999999995
2025-10-27,02:20-02:40,13.350786666666636
2025-10-27,03:00-03:20,20.692016666666632
2025-10-27,03:30-04:30,62.416383333333215
2025-10-27,05:30-06:20,57.85405666666645
2025-10-27,07:40-07:50,1.4379900000000205
2025-10-27,13:50-14:30,57.31456589999998
2025-10-27,14:40-17:50,1034.6948133333326
2025-10-27,18:00-19:20,179.1351099999997
2025-10-27,19:30-21:30,289.47648999999967
2025-10-27,21:50-23:20,297.23441333333346
2025-10-27,23:40-23:50,0.12945999999999458
2025-10-28,00:00-00:30,83.26919333333342
2025-10-28,00:50-02:00,106.91330333333292
2025-10-28,02:20-03:10,50.19627333333301
2025-10-28,03:20-04:00,40.66118666666637
2025-10-28,04:20-04:30,15.70317666666665
2025-10-28,05:50-06:10,21.2665966666666
2025-10-28,06:50-07:00,5.429436666666561
2025-10-28,07:20-07:30,12.845203333333302
2025-10-28,07:50-08:20,96.63009666666653
2025-10-28,08:30-08:50,26.463413333333392
2025-10-28,11:30-11:40,10.124189999999999
2025-10-28,12:30-14:00,390.4565136666668
2025-10-28,14:40-15:00,79.81742999999992
2025-10-28,15:20-17:20,312.79205333333283
2025-10-28,18:00-18:20,49.40982999999983
2025-10-28,18:30-21:50,388.2892099999998
2025-10-28,22:00-23:00,198.66052666666724
2025-10-28,23:50-24:00,31.22729000000004
2025-10-29,00:00-00:10,8.233746666666548
2025-10-29,00:20-00:40,13.030123333333222
2025-10-29,01:20-01:40,16.37461666666661
2025-10-29,01:50-02:00,7.521039999999971
2025-10-29,02:30-02:50,30.948179999999866
2025-10-29,03:40-03:50,0.6055866666665679
2025-10-29,04:10-04:40,102.07428333333326
2025-10-29,05:10-05:40,61.7988366666666
2025-10-29,06:10-06:20,14.05052999999998
2025-10-29,08:00-08:20,13.601976666666587
2025-10-29,08:30-08:50,74.98793999999992
2025-10-29,09:00-12:20,2057.277144666666
2025-10-29,12:50-15:20,690.513553366667
2025-10-29,15:40-16:10,43.565303333333304
2025-10-29,16:20-16:50,96.66087666666658
2025-10-29,17:00-24:00,1565.103513333332
2025-10-30,00:00-00:20,37.25245999999993
2025-10-30,00:30-01:20,60.733516666666446
2025-10-30,02:50-03:30,82.90477666666652
2025-10-30,03:50-04:10,55.00505333333331
2025-10-30,04:40-04:50,10.427323333333334
2025-10-30,06:00-06:20,19.380276666666532
2025-10-30,06:30-06:50,15.820926666666423
2025-10-30,07:30-07:40,2.0089399999999387
2025-10-30,08:00-08:20,37.656629999999836
2025-10-30,10:30-10:40,11.03562333333339
2025-10-30,11:50-12:00,27.061500000000024
2025-10-30,14:10-14:20,1.9616666666667157
2025-10-30,14:50-15:10,27.107056666666608
2025-10-30,15:30-18:00,462.2434999999993
2025-10-30,18:10-24:00,1177.2570733333318
2025-10-31,00:00-01:00,101.7518593333333
2025-10-31,01:20-01:50,25.48323999999991
2025-10-31,02:50-03:20,22.718476666666618
2025-10-31,03:40-04:10,18.046966666666663
2025-10-31,04:30-04:50,21.49954333333335
2025-10-31,05:10-05:40,78.57076666666677
2025-10-31,06:20-06:40,6.028543333333232
2025-10-31,08:10-08:20,14.74806666666662
2025-10-31,11:30-13:50,799.018966666667
2025-10-31,14:20-14:50,234.64949666666655
2025-10-31,15:00-15:10,38.972539999999995
2025-10-31,15:20-17:00,381.3385586666666
2025-10-31,17:20-17:40,33.2576333333333
2025-10-31,17:50-22:50,1151.2306566666662
2025-10-31,23:40-24:00,31.95838333333336
2025-11-01,00:00-00:20,7.779585999999938
2025-11-01,01:40-02:20,75.05995333333323
2025-11-01,02:30-03:40,212.82516999999984
2025-11-01,04:20-04:40,10.518876666666642
2025-11-01,05:10-05:20,14.280443333333324
2025-11-01,05:30-05:50,12.457706666666581
2025-11-01,07:30-07:40,14.75461333333331
2025-11-01,11:50-12:00,6.183603333333394
2025-11-01,12:30-13:20,91.96708000000024
2025-11-01,13:40-14:00,40.274986666666734
2025-11-01,15:20-15:50,35.13048700000005
2025-11-01,16:00-16:30,89.58984333333325
2025-11-01,16:40-17:40,169.04400333333342
2025-11-01,17:50-19:00,175.82008999999982
2025-11-01,19:20-19:50,66.01514999999989
2025-11-01,20:00-20:20,60.0800099999999
2025-11-01,20:30-22:20,427.00849333333326
2025-11-01,22:40-23:30,142.3257733333337
2025-11-01,23:50-24:00,16.558959999999843
2025-11-02,00:00-00:20,26.504193333333205
2025-11-02,00:30-01:00,40.59685333333323
2025-11-02,01:20-02:30,99.38970666666648
2025-11-02,02:40-03:20,52.9073199999998
2025-11-02,04:40-05:20,68.52381999999989
2025-11-02,05:40-05:50,0.45546999999999116
2025-11-02,07:10-07:40,55.77454333333344
2025-11-02,09:00-09:10,1.3942799999999806
2025-11-02,09:30-10:00,134.98918699999996
2025-11-02,10:30-10:50,51.12740133333341
2025-11-02,12:20-12:40,32.89677666666694
2025-11-02,13:10-14:00,249.83730366666654
2025-11-02,16:20-16:40,27.80655000000013
2025-11-02,16:50-17:30,64.69136999999989
2025-11-02,17:50-21:10,815.2506533333329
2025-11-02,21:30-22:20,186.82419000000016
2025-11-02,22:40-23:10,66.79973000000018
2025-11-02,23:30-23:50,26.806409999999914
2025-11-03,00:10-01:50,144.5243966666667
2025-11-03,02:10-02:30,36.82353999999998
2025-11-03,02:50-03:30,51.47370333333299
2025-11-03,03:50-04:10,39.768646666666655
2025-11-03,04:30-04:40,2.17870999999991
2025-11-03,05:00-05:20,74.15425666666658
2025-11-03,05:50-06:00,9.681460000000015
2025-11-03,06:40-06:50,13.758753333333289
2025-11-03,09:40-13:00,998.4443333566666
2025-11-03,15:10-15:40,70.06914333333322
2025-11-03,15:50-16:00,7.856436666666696
2025-11-03,16:10-19:20,434.1830499999989
2025-11-03,19:30-20:10,51.75112999999976
2025-11-03,20:20-21:30,167.55816666666647
2025-11-03,21:50-23:00,201.6543233333333
2025-11-03,23:30-24:00,122.7751199999999
2025-11-04,00:00-00:20,59.39414333333343
2025-11-04,00:30-00:50,68.1774099999999
2025-11-04,02:10-02:30,18.492526666666436
2025-11-04,03:20-04:30,101.3424566666663
2025-11-04,05:10-05:30,4.690913333333242
2025-11-04,05:50-06:20,77.89461333333315
2025-11-04,06:30-06:50,7.052823666666811
2025-11-04,09:50-10:10,7.034854000000074
2025-11-04,10:50-11:10,34.25237000000004
2025-11-04,15:50-16:00,13.434073333333231
2025-11-04,16:20-16:40,19.52977333333331
2025-11-04,17:00-21:20,1078.7304833333324
2025-11-04,21:50-24:00,227.4498933333332
2025-11-05,00:00-00:50,111.81028333333325
2025-11-05,01:10-01:30,64.34473000000003
2025-11-05,02:00-02:20,17.61505333333332
2025-11-05,02:30-02:40,2.3970966666665845
2025-11-05,03:00-03:20,20.655406666666522
2025-11-05,03:50-04:00,7.813753333333352
2025-11-05,04:50-05:30,59.83987666666644
2025-11-05,06:30-07:00,69.01515000000009
2025-11-05,07:40-07:50,15.012426666666556
2025-11-05,08:20-08:30,12.738069999999993
2025-11-05,10:00-10:10,16.87043333333331
2025-11-05,11:30-11:50,64.18265666666673
2025-11-05,14:20-15:10,99.4974299999997
2025-11-05,15:30-17:30,303.05115333333293
2025-11-05,17:50-18:20,105.62729333333328
2025-11-05,18:30-18:50,86.27747666666676
2025-11-05,19:00-20:00,99.22247333333326
2025-11-05,20:10-21:10,148.4548666666666
2025-11-05,21:40-23:10,339.28469333333294
2025-11-05,23:20-23:40,33.32710999999995
2025-11-06,00:10-00:50,56.83610333333331
2025-11-06,01:00-01:10,6.097486666666555
2025-11-06,01:30-02:00,55.62684999999988
2025-11-06,02:30-03:10,41.06572333333338
2025-11-06,03:40-04:00,18.418819999999982
2025-11-06,05:10-05:50,91.85762999999986
2025-11-06,06:30-06:50,16.783439999999928
2025-11-06,07:20-11:20,1371.5107199999989
2025-11-06,11:40-12:20,133.78422000000023
2025-11-06,12:50-13:20,84.54861533333337
2025-11-06,16:40-17:10,31.593679999999495
2025-11-06,17:30-19:40,283.6206133333329
2025-11-06,20:00-23:50,760.3611433333335
2025-11-07,00:10-00:50,37.81945333333317
2025-11-07,01:00-02:50,167.82429666666633
2025-11-07,03:30-03:50,23.857543333333297
2025-11-07,05:20-05:30,11.190206666666654
2025-11-07,06:00-06:30,39.31894666666659
2025-11-07,06:50-07:10,37.5841466666667
2025-11-07,07:30-08:30,290.31172466666646
2025-11-07,08:50-09:00,20.13499999999999
2025-11-07,17:00-18:30,275.5052533333332
2025-11-07,18:40-21:10,371.27585999999974
2025-11-07,22:00-23:20,173.99366666666708
2025-11-07,23:50-24:00,25.461250000000007
2025-11-08,00:00-00:20,100.31519000000003
2025-11-08,01:00-01:20,60.08455333333325
2025-11-08,01:30-01:40,4.55352333333326
2025-11-08,02:10-02:30,33.77104000000003
2025-11-08,03:00-03:20,25.742173333333312
2025-11-08,04:20-04:40,22.845806666666647
2025-11-08,06:00-06:20,27.100003333333348
2025-11-08,11:20-11:30,0.6579600000000028
2025-11-08,12:50-13:20,71.06031333333351
2025-11-08,13:30-13:40,6.399090000000001
2025-11-08,16:20-16:30,34.262086666666676
2025-11-08,16:50-17:50,68.82229666666677
2025-11-08,18:30-19:50,243.538433333333
2025-11-08,20:20-21:00,107.22105999999985
2025-11-08,21:10-23:00,208.25488300000023
2025-11-08,23:10-23:30,14.763893333333272
2025-11-08,23:50-24:00,3.0481266666666897
2025-11-09,00:20-00:40,46.59843999999987
2025-11-09,00:50-01:00,2.067289999999957
2025-11-09,01:10-01:30,56.63574666666659
2025-11-09,02:00-02:20,32.64397666666662
2025-11-09,03:10-03:40,39.73060666666663
2025-11-09,03:50-04:30,19.530583333333198
2025-11-09,05:00-05:20,25.315643333333355
2025-11-09,06:50-07:10,34.256806666666535
2025-11-09,08:00-08:20,14.434053333333168
2025-11-09,11:20-11:50,45.63469000000009
2025-11-09,12:00-12:20,14.310596666666697
2025-11-09,13:50-16:00,877.5390716666669
2025-11-09,16:10-16:30,16.463049999999953
2025-11-09,16:50-18:10,123.8774033333329
2025-11-09,18:30-18:50,79.23492666666652
2025-11-09,19:00-21:20,354.6584466666661
2025-11-09,21:30-23:00,128.2011933333331
2025-11-09,23:40-24:00,21.184916666666595
2025-11-10,00:10-00:40,72.04846666666651
2025-11-10,01:10-01:30,69.46164333333331
2025-11-10,01:50-02:00,2.3735466666665843
2025-11-10,02:40-02:50,0.13137666666659698
2025-11-10,03:20-03:30,0.8233366666667052
2025-11-10,03:50-04:30,91.37487999999996
2025-11-10,05:50-06:00,3.5156299999999874
2025-11-10,06:40-07:00,22.43671666666671
2025-11-10,07:30-09:10,298.5509266666665
2025-11-10,10:50-11:10,14.693669999999997
2025-11-10,11:40-12:50,431.90543000000025
2025-11-10,13:00-13:20,22.581566999999843
2025-11-10,13:30-16:40,799.9098835666659
2025-11-10,16:50-17:20,52.805593333333036
2025-11-10,17:30-19:40,355.3887333333329
2025-11-10,19:50-20:30,98.16911999999991
2025-11-10,20:40-21:00,85.32282666666663
2025-11-10,21:20-22:00,161.6186366666666
2025-11-10,22:40-23:40,64.7752033333336
2025-11-11,00:00-00:30,43.58431666666684
2025-11-11,00:50-01:10,22.583283333333384
2025-11-11,01:30-02:00,34.33430333333308
2025-11-11,03:30-03:40,8.096250000000055
2025-11-11,05:00-05:20,5.56781999999987
2025-11-11,06:50-07:10,28.02331333333325
2025-11-11,07:20-07:30,6.963536666666641
2025-11-11,09:20-09:30,19.34044999999992
2025-11-11,13:20-13:30,3.556525666666751
2025-11-11,14:30-15:00,55.879750000000115
2025-11-11,15:10-16:50,215.07492999999943
2025-11-11,17:00-17:30,65.95655666666653
2025-11-11,17:50-18:50,135.655123333333
2025-11-11,19:00-20:30,175.49716999999976
2025-11-11,20:50-21:00,13.038119999999935
2025-11-11,21:10-22:40,191.0295033333333
2025-11-11,23:00-23:30,90.34107999999992
2025-11-11,23:50-24:00,26.22375333333332
2025-11-12,00:20-00:30,16.418919999999957
2025-11-12,01:00-01:10,4.723559999999907
2025-11-12,03:00-03:20,11.139433333333159
2025-11-12,03:40-04:00,3.5097733333332144
2025-11-12,04:20-04:50,11.748213333333183
2025-11-12,05:20-05:30,11.98979666666662
2025-11-12,06:10-06:30,49.65944333333323
2025-11-12,06:50-07:00,25.97465999999997
2025-11-12,07:30-07:40,0.05697999999983949
2025-11-12,08:10-08:20,17.28985333333344
2025-11-12,08:30-08:50,16.880686666666577
2025-11-12,13:20-14:30,227.06077666666667
2025-11-12,16:00-16:20,35.7185566666667
2025-11-12,16:40-17:10,59.976076666666586
2025-11-12,17:20-17:40,20.397483333333298
2025-11-12,17:50-18:00,1.3364299999998366
2025-11-12,18:20-18:40,57.24410666666654
2025-11-12,19:00-20:40,270.28327999999954
2025-11-12,21:00-21:20,23.032713333333163
2025-11-12,21:30-22:50,124.76074333333361
2025-11-12,23:00-23:20,7.895816666666633
2025-11-12,23:40-24:00,11.468669999999975
2025-11-13,00:00-00:30,31.622760000000085
2025-11-13,00:50-01:20,38.16848666666658
2025-11-13,01:50-02:20,35.13696666666647
2025-11-13,02:50-03:00,14.548486666666577
2025-11-13,03:50-04:10,37.73636666666653
2025-11-13,04:40-05:10,28.919830000000047
2025-11-13,05:50-06:10,4.607037499999807
2025-11-13,06:50-07:00,38.290079999999875
2025-11-13,12:00-13:00,390.3736833333336
2025-11-13,13:20-15:40,617.1848123999997
2025-11-13,16:10-17:50,172.94195999999943
2025-11-13,18:30-20:40,340.86197999999945
2025-11-13,21:00-21:20,38.51826666666659
2025-11-13,21:30-22:20,78.67607999999984
2025-11-13,22:30-22:50,33.383017666666774
2025-11-13,23:00-23:20,52.04417333333333
2025-11-14,00:10-00:40,68.50336999999996
2025-11-14,01:20-01:30,0.9495800000000258
2025-11-14,01:40-02:10,56.285999999999945
2025-11-14,02:50-03:10,18.09387333333325
2025-11-14,04:20-04:30,25.807500000000005
2025-11-14,05:00-05:20,14.855989999999906
2025-11-14,10:50-11:20,94.32200666666671
2025-11-14,11:40-12:50,223.59559000000036
2025-11-14,13:40-15:00,208.61248333333322
2025-11-14,15:20-16:00,114.48859300000001
2025-11-14,16:10-16:40,84.89392666666657
2025-11-14,16:50-17:10,7.139339999999947
2025-11-14,17:50-19:00,113.8961433333331
2025-11-14,19:20-20:40,90.90087999999997
2025-11-14,21:10-22:10,71.79615000000013
2025-11-14,23:30-24:00,25.424023333333253
2025-11-15,00:00-00:30,12.37090999999998
2025-11-15,00:50-01:10,10.131206666666628
2025-11-15,03:10-04:20,115.82292666666638
2025-11-15,04:30-04:40,0.5496499999999855
2025-11-15,05:10-05:20,6.266146666666657
2025-11-15,07:00-07:20,53.75532999999996
2025-11-15,08:00-08:20,13.92247833333326
2025-11-15,08:50-09:10,18.509647333333344
2025-11-15,11:50-12:00,10.143479999999954
2025-11-15,13:00-13:50,189.2859200000001
2025-11-15,15:40-16:00,33.25520000000003
2025-11-15,17:10-17:40,20.268369999999948
2025-11-15,18:00-20:50,342.5941633333329
2025-11-15,21:00-21:20,12.571526666666614
2025-11-15,21:30-21:50,17.035606666666638
2025-11-15,22:40-23:20,90.33949333333362
2025-11-16,00:00-00:20,31.60660999999982
2025-11-16,00:40-01:00,44.034139999999866
2025-11-16,01:50-02:00,32.73166666666668
2025-11-16,03:10-03:30,19.28712333333317
2025-11-16,04:00-04:10,15.767983333333177
2025-11-16,04:30-04:40,2.2309099999999944
2025-11-16,05:10-05:30,43.76936999999987
2025-11-16,05:50-06:10,20.708229999999844
2025-11-16,06:30-06:50,29.686196666666547
2025-11-16,08:20-08:30,47.4435033333333
2025-11-16,08:50-09:00,7.641059999999982
2025-11-16,09:40-11:40,718.5260496666665
2025-11-16,13:40-13:50,5.271412333333231
2025-11-16,15:00-15:20,36.407359999999926
2025-11-16,15:30-16:20,45.41706666666653
2025-11-16,16:30-17:00,101.85335666666651
2025-11-16,17:20-17:30,6.445199999999886
2025-11-16,17:40-18:10,102.10721599999977
2025-11-16,18:30-19:00,36.66228666666643
2025-11-16,19:20-19:50,60.2634566666668
2025-11-16,20:20-20:50,111.09224333333327
2025-11-16,21:10-21:30,34.80892999999992
2025-11-16,21:50-23:30,130.09920666666687
2025-11-16,23:40-24:00,43.94045333333315
2025-11-17,00:40-01:20,114.38186333333306
2025-11-17,01:40-02:10,56.49910666666642
2025-11-17,02:50-03:10,23.27661666666654
2025-11-17,03:30-03:40,3.8650833333332457
2025-11-17,04:30-04:40,6.541863333333367
2025-11-17,05:00-05:20,63.15879333333328
2025-11-17,07:30-08:20,65.94041333333314
2025-11-17,09:20-09:40,61.62192999999996
2025-11-17,16:30-17:00,61.03996333333316
2025-11-17,17:20-17:40,11.478049999999826
2025-11-17,18:20-18:30,5.722083333333217
2025-11-17,18:50-19:40,59.58707999999956
2025-11-17,20:20-20:50,66.19271333333336
2025-11-17,21:20-22:30,110.50486666666643
2025-11-17,23:00-23:20,45.05391666666674
2025-11-18,00:00-00:20,31.489526666666734
2025-11-18,00:40-01:30,81.26543999999978
2025-11-18,02:00-02:10,11.580733333333342
2025-11-18,03:10-03:30,30.711509999999976
2025-11-18,04:00-04:20,50.342133333333095
2025-11-18,04:30-04:50,11.80824999999993
2025-11-18,05:00-05:10,3.623019999999883
2025-11-18,11:30-13:00,524.6159583000008
2025-11-18,13:20-13:30,14.572321333333399
2025-11-18,13:50-14:20,129.25903999999989
2025-11-18,14:30-15:30,204.3091133333333
2025-11-18,16:00-17:20,98.88169999999991
2025-11-18,18:50-19:40,51.730849999999805
2025-11-18,20:00-20:20,15.262200000000007
2025-11-18,20:30-21:30,109.1634199999994
2025-11-18,21:40-22:00,27.797030000000063
2025-11-18,22:20-23:00,115.39242000000058
2025-11-18,23:30-23:50,29.11193666666668
2025-11-19,00:10-00:20,10.71656333333317
2025-11-19,00:30-01:00,58.61313333333328
2025-11-19,01:40-02:30,48.76039333333313
2025-11-19,03:00-03:30,84.33289333333323
2025-11-19,03:50-04:00,23.281669999999963
2025-11-19,04:50-05:10,13.45734666666658
2025-11-19,05:40-06:00,57.414609999999925
2025-11-19,06:50-07:10,20.045553333333146
2025-11-19,08:20-10:30,307.8906233333332
2025-11-19,10:50-11:30,61.61835666666684
2025-11-19,14:10-14:20,8.62131999999994
2025-11-19,16:10-16:30,36.075676666666595
2025-11-19,17:30-18:00,21.588600000000042
2025-11-19,18:10-18:30,1.1002733333334618
2025-11-19,18:50-19:20,30.810983333333297
2025-11-19,19:40-21:20,263.62383333333275
2025-11-19,21:30-21:40,3.5696599999998853
2025-11-19,22:10-23:20,128.666243333333
2025-11-19,23:30-24:00,46.64324666666653
2025-11-20,00:00-00:30,14.598866666666368
2025-11-20,00:50-01:10,44.7833733333332
2025-11-20,01:30-01:40,2.6222433333332447
2025-11-20,02:30-02:50,16.761576666666542
2025-11-20,03:20-03:50,27.082149999999842
2025-11-20,04:00-04:10,0.5308299999999235
2025-11-20,04:30-04:50,34.86433333333332
2025-11-20,05:20-05:30,2.9118766666666716
2025-11-20,08:00-08:10,11.672516666666638
2025-11-20,11:50-12:10,8.419050000000084
2025-11-20,13:00-13:20,72.12725766666676
2025-11-20,13:40-14:20,136.84877000000012
2025-11-20,14:30-14:50,19.653163333333453
2025-11-20,15:10-15:40,40.20979666666642
2025-11-20,16:50-17:00,46.27442999999971
2025-11-20,17:20-17:30,17.95836666666662
2025-11-20,17:50-18:20,99.8714256666666
2025-11-20,18:40-19:30,95.9168833333332
2025-11-20,20:30-21:30,168.18883333333315
2025-11-20,21:50-22:00,9.604996666666466
2025-11-20,22:20-22:40,25.897376666666787
2025-11-20,23:10-23:50,98.95783
2025-11-21,00:10-00:20,11.380705999999975
2025-11-21,00:50-01:00,7.107503333333341
2025-11-21,01:30-01:50,38.79248999999999
2025-11-21,02:00-02:20,23.393126666666603
2025-11-21,02:30-03:00,51.567849999999964
2025-11-21,03:20-04:00,139.18173666666655
2025-11-21,04:30-04:50,15.404079999999908
2025-11-21,06:00-06:10,1.8373366666666584
2025-11-21,07:10-07:40,27.170583333333184
2025-11-21,11:30-11:40,5.466423333333353
2025-11-21,12:00-12:20,20.53726999999992
2025-11-21,15:50-16:00,32.46539000000001
2025-11-21,17:00-17:20,2.570533333333344
2025-11-21,17:30-18:00,55.419116666666525
2025-11-21,18:50-19:10,22.29999666666663
2025-11-21,19:40-20:10,8.67156999999986
2025-11-21,20:50-21:50,119.71465099999995
2025-11-21,22:30-22:50,46.57194666666646
2025-11-21,23:10-23:40,34.409206666666705
2025-11-22,00:00-00:20,43.245120666666594
2025-11-22,00:30-00:50,20.905119999999954
2025-11-22,02:10-02:30,19.477696666666645
2025-11-22,02:50-03:10,54.988909999999976
2025-11-22,03:30-04:50,99.77981333333315
2025-11-22,05:00-05:20,24.88744666666662
2025-11-22,05:50-06:30,42.21674333333334
2025-11-22,06:40-07:00,18.56317666666672
2025-11-22,07:30-07:40,8.306663333333347
2025-11-22,09:20-09:30,17.07701266666659
2025-11-22,09:40-10:00,27.47438666666673
2025-11-22,11:00-11:10,2.2628266666666264
2025-11-22,16:10-17:00,79.80776333333324
2025-11-22,17:20-18:10,41.02487999999988
2025-11-22,18:30-18:50,68.23880666666662
2025-11-22,19:20-20:20,116.99226999999985
2025-11-22,20:40-21:00,30.71413666666666
2025-11-22,21:20-22:00,22.672856666666576
2025-11-22,22:20-22:40,34.34961000000021
2025-11-22,22:50-23:20,54.36358000000041
2025-11-23,00:00-00:50,74.9130266666665
2025-11-23,02:50-03:00,13.583813333333296
2025-11-23,03:20-03:40,21.715736666666658
2025-11-23,04:10-04:30,28.25705999999991
2025-11-23,04:40-05:00,27.834436666666647
2025-11-23,05:20-05:50,45.05349333333322
2025-11-23,06:50-07:00,5.993549999999914
2025-11-23,07:20-08:30,135.26176666666618
2025-11-23,08:50-09:00,6.158263333333252
2025-11-23,09:30-11:40,471.92226400000055
2025-11-23,17:00-17:20,3.009783333333189
2025-11-23,17:40-18:30,100.44714866666664
2025-11-23,18:50-19:10,49.35567333333324
2025-11-23,20:30-21:20,149.09131999999966
2025-11-23,22:00-22:40,37.83896666666658
2025-11-23,23:10-23:20,6.980829999999969
2025-11-23,23:50-24:00,1.0785466666666252
2025-11-24,00:00-00:20,54.13602666666657
2025-11-24,00:50-01:30,36.519439999999804
2025-11-24,03:10-03:40,10.326996666666446
2025-11-24,04:40-04:50,1.1064499999999953
2025-11-24,05:20-05:30,27.982290000000035
2025-11-24,05:50-06:10,33.836999999999875
2025-11-24,13:10-13:30,37.196760333333486
2025-11-24,14:10-14:30,22.747869999999864
2025-11-24,15:30-16:10,87.22352666666643
2025-11-24,17:20-17:40,25.26936666666643
2025-11-24,18:20-19:10,75.48251999999991
2025-11-24,19:30-21:10,198.7134699999997
2025-11-24,21:20-21:30,8.456873333333306
2025-11-24,21:50-22:00,19.624396666666826
2025-11-24,22:30-24:00,169.34293666666724
2025-11-25,00:20-00:30,2.1690300000000207
2025-11-25,02:10-02:30,38.570789999999874
2025-11-25,03:00-03:20,8.772663333333185
2025-11-25,03:40-04:20,88.16176333333328
2025-11-25,04:30-05:00,37.9846033333331
2025-11-25,07:30-07:50,31.218523333333337
2025-11-25,08:20-09:10,106.0827500000002
2025-11-25,10:10-10:20,14.690723333333239
2025-11-25,11:00-11:30,96.31125666666662
2025-11-25,13:10-13:30,62.020737333333436
2025-11-25,16:30-16:50,17.84210666666661
2025-11-25,17:20-17:50,28.361893333333114
2025-11-25,18:10-18:30,12.781139999999823
2025-11-25,18:50-19:30,49.96709333333331
2025-11-25,20:20-20:50,34.47867333333306
2025-11-25,21:20-22:00,134.74775333333332
2025-11-25,22:50-23:00,2.7334299999999985
2025-11-25,23:20-23:50,79.12050333333332
2025-11-26,00:50-01:00,23.139093333333335
2025-11-26,02:10-02:40,49.3587766666667
2025-11-26,04:10-04:20,4.874769999999899
2025-11-26,05:50-06:20,79.11511999999993
2025-11-26,07:00-07:20,20.793649999999957
2025-11-26,08:20-08:30,33.33864333333315
2025-11-26,10:10-10:20,1.6108099999999297
2025-11-26,10:30-10:40,17.643663333333322
2025-11-26,11:10-11:20,12.100946666666687
2025-11-26,11:40-12:30,91.39248333333364
2025-11-26,12:50-13:30,84.8833406
2025-11-26,13:50-14:20,87.02499666666665
2025-11-26,14:50-15:10,28.235743333333403
2025-11-26,15:40-16:20,65.30800666666653
2025-11-26,18:10-18:20,15.784216666666566
2025-11-26,18:40-19:10,37.736133333333214
2025-11-26,20:00-20:30,32.012553333333244
2025-11-26,21:00-21:20,25.341063333333295
2025-11-26,23:00-24:00,113.95236999999929
2025-11-27,00:20-00:40,12.960843333333287
2025-11-27,01:30-01:50,14.541313333333164
2025-11-27,02:20-02:30,0.8706266666666806
2025-11-27,04:00-04:10,5.939576666666653
2025-11-27,04:40-05:10,28.949426666666568
2025-11-27,05:40-06:00,16.776876666666453
2025-11-27,06:20-06:30,10.025800000000004
2025-11-27,13:40-14:10,48.65073666666669
2025-11-27,14:40-14:50,22.521353333333252
2025-11-27,15:00-16:40,336.71704
2025-11-27,17:30-18:00,16.202359999999885
2025-11-27,18:10-18:30,26.43780333333325
2025-11-27,19:00-19:10,2.5378600000000233
2025-11-27,19:40-20:00,13.460786666666536
2025-11-27,20:10-20:40,68.1244099999999
2025-11-27,21:30-21:40,3.341853333333347
2025-11-27,22:00-22:10,10.110913333333428
2025-11-27,22:30-22:50,6.240976666666484
2025-11-28,00:10-00:50,47.244068333333246
2025-11-28,01:10-01:30,4.485826666666583
2025-11-28,03:40-04:30,104.45498333333325
2025-11-28,04:40-05:00,37.24881333333326
2025-11-28,05:50-06:10,38.006110000000035
2025-11-28,07:40-08:10,61.07652666666658
2025-11-28,10:00-10:50,74.27794999999998
2025-11-28,11:50-12:20,54.42186666666663
2025-11-28,13:20-13:30,6.139433333333329
2025-11-28,14:50-15:20,74.61051889999999
2025-11-28,16:10-16:20,8.484813333333307
2025-11-28,17:00-17:20,6.00273333333331
2025-11-28,18:20-18:30,30.967343333333304
2025-11-28,18:50-20:20,197.29626333333317
2025-11-28,20:30-20:50,15.304460000000063
2025-11-28,22:40-22:50,1.4808300000001964
2025-11-28,23:40-24:00,16.850373333333323
2025-11-29,01:50-02:00,30.872233333333327
2025-11-29,02:20-02:30,12.644786666666619
2025-11-29,03:30-04:00,41.29096666666652
2025-11-29,04:20-04:40,57.119113333333246
2025-11-29,06:00-06:40,52.282996666666634
2025-11-29,07:10-07:30,21.975806666666642
2025-11-29,07:50-08:00,13.824826666666638
2025-11-29,09:50-10:00,8.226990000000086
2025-11-29,10:30-15:50,2321.1823133333337
2025-11-29,17:30-17:50,21.503553333333286
2025-11-29,18:10-18:30,5.561839999999847
2025-11-29,18:50-19:20,26.70966666666652
2025-11-29,19:50-20:20,75.96606333333335
2025-11-29,20:50-21:00,4.307713333333311
2025-11-29,21:20-21:30,20.015726666666637
2025-11-29,22:00-22:10,3.5685466666666343
2025-11-29,22:40-23:00,57.04456000000005
2025-11-29,23:20-24:00,123.81151000000006
2025-11-30,00:00-00:20,9.071326666666664
2025-11-30,01:10-01:50,19.25268666666659
2025-11-30,03:30-04:00,73.3182599999999
2025-11-30,04:20-04:30,15.666663333333304
2025-11-30,05:30-05:40,20.287813333333133
2025-11-30,06:00-06:20,38.89077999999995
2025-11-30,06:40-07:00,44.638189999999895
2025-11-30,08:00-08:20,72.98657999999989
2025-11-30,09:00-09:20,35.61438333333325
2025-11-30,09:50-10:20,24.02746999999971
2025-11-30,11:00-13:30,503.2379726666675
2025-11-30,13:40-14:10,55.72664666666657
2025-11-30,14:20-15:30,242.00201666666663
2025-11-30,15:50-16:10,39.5846733333334
2025-11-30,17:40-17:50,1.6289033333332554
2025-11-30,18:40-19:30,88.81013466666627
2025-11-30,19:50-20:00,2.5983766666665815
2025-11-30,20:20-20:40,15.711273333333224
2025-11-30,21:10-21:40,70.8290066666666
2025-11-30,22:00-22:20,13.340923333333308
2025-11-30,22:30-23:40,94.24624999999969
2025-11-30,23:50-24:00,1.5643699999999399
2025-12-01,00:00-01:00,197.60087999999962
2025-12-01,01:10-10:50,4339.554949999998
2025-12-01,12:10-12:30,29.710086666666825
2025-12-01,12:50-15:50,1033.9988896666669
2025-12-01,16:20-16:30,1.428836666666598
2025-12-01,17:40-18:30,43.3945966666663
2025-12-01,18:50-19:00,22.85381666666649
2025-12-01,19:20-19:30,8.671716666666725
2025-12-01,19:50-20:30,80.80811666666648
2025-12-01,21:00-21:50,63.24808999999982
2025-12-01,22:00-22:20,24.93324333333328
2025-12-01,22:30-23:20,65.69300666666663
2025-12-01,23:40-24:00,100.64724333333334
2025-12-02,00:00-11:50,5583.283082399999
2025-12-02,12:00-13:20,358.4746000000003
2025-12-02,13:30-13:50,70.88169666666681
2025-12-02,14:00-16:20,566.8768199999992
2025-12-02,16:40-17:30,70.40391666666619
2025-12-02,18:00-19:00,198.8791036666663
2025-12-02,19:20-20:10,80.2586666666665
2025-12-02,20:30-22:00,153.33908333333295
2025-12-02,22:20-22:40,26.282576666666728
2025-12-02,23:00-23:50,99.01594666666676
2025-12-03,00:00-10:00,3230.4810893333292
2025-12-03,11:10-14:00,1286.849510666667
2025-12-03,14:10-15:30,314.97872
2025-12-03,15:50-16:40,102.93552666666653
2025-12-03,17:30-18:30,68.6298766666664
2025-12-03,19:00-19:20,23.986416666666628
2025-12-03,20:10-20:30,20.623296666666647
2025-12-03,20:50-21:10,43.74514999999997
2025-12-03,21:20-22:10,80.96042666666676
2025-12-03,22:30-22:50,11.954626666666627
2025-12-03,23:00-24:00,158.59455666666634
2025-12-04,00:00-00:20,71.80094333333363
2025-12-04,00:40-10:50,4188.606536166663
2025-12-04,11:00-11:40,95.07997333333344
2025-12-04,12:20-12:30,27.716303333333258
2025-12-04,14:10-14:20,2.324889999999982
2025-12-04,15:30-16:20,89.5591433333334
2025-12-04,16:30-16:50,46.52582333333339
2025-12-04,17:00-17:20,44.21871666666652
2025-12-04,17:40-18:10,81.0742766666666
2025-12-04,18:20-18:30,6.11483666666652
2025-12-04,18:50-19:30,13.880786666666722
2025-12-04,19:40-20:10,57.97985333333315
2025-12-04,20:20-20:50,77.86795333333339
2025-12-04,21:50-22:20,34.6175333333332
2025-12-04,22:40-24:00,143.54337999999996
2025-12-05,00:00-00:30,67.27643
2025-12-05,00:50-01:20,89.57788333333338
2025-12-05,01:30-09:30,2803.3159779999983
2025-12-05,09:50-11:00,189.83496000000036
2025-12-05,11:30-11:40,5.567586666666671
2025-12-05,13:00-14:50,568.9961203333331
2025-12-05,15:40-15:50,7.55628999999999
2025-12-05,17:00-18:10,102.42031999999973
2025-12-05,18:30-18:50,31.95348999999993
2025-12-05,19:30-20:00,60.22450666666657
2025-12-05,21:20-22:00,101.03732666666684
2025-12-05,22:20-22:40,60.99489333333349
2025-12-05,23:10-24:00,165.5689833333335
2025-12-06,00:00-02:20,547.0417499999996
2025-12-06,02:30-12:10,4279.016412999999
2025-12-06,12:20-12:30,0.1909533333333684
2025-12-06,13:20-13:30,3.4489566666666747
2025-12-06,14:10-14:30,38.087947666666594
2025-12-06,15:00-15:20,54.81969699999996
2025-12-06,16:00-16:50,151.0370899999998
2025-12-06,17:10-17:20,8.099449999999933
2025-12-06,17:40-18:30,106.75193766666658
2025-12-06,18:50-19:40,105.1114266666666
2025-12-06,20:00-20:30,27.470536666666646
2025-12-06,21:00-21:30,85.22129333333334
2025-12-06,21:50-22:10,65.95026000000007
2025-12-06,22:30-22:50,19.850143333333563
2025-12-06,23:20-24:00,109.00366666666662
2025-12-07,00:00-08:30,2523.9227119999996
2025-12-07,09:50-10:00,3.2271133333331363
2025-12-07,10:30-11:10,160.99858999999987
2025-12-07,11:30-11:40,10.78595666666672
2025-12-07,12:20-12:30,4.23312333333331
2025-12-07,12:40-13:10,93.8202266666668
2025-12-07,13:40-13:50,17.81816666666674
2025-12-07,14:00-14:20,45.682736666666585
2025-12-07,14:40-15:50,205.61502999999982
2025-12-07,16:30-16:50,32.147796666666636
2025-12-07,17:20-17:50,37.99717999999973
2025-12-07,18:00-18:50,132.1015383333331
2025-12-07,19:10-19:40,63.242386666666675
2025-12-07,20:10-20:30,66.03701666666666
2025-12-07,20:50-21:00,5.836466666666638
2025-12-07,21:20-21:40,12.428716666666674
2025-12-07,21:50-22:30,51.67161333333365
2025-12-07,22:50-23:50,172.85085666666657
2025-12-08,00:40-01:50,132.0321666666665
2025-12-08,02:00-02:50,226.55456666666635
2025-12-08,03:00-07:20,1144.6337699999997
2025-12-08,07:30-08:30,54.84044600000005
2025-12-08,09:20-09:40,13.360126666666815
2025-12-08,10:50-11:30,151.6515966666667
2025-12-08,11:50-14:30,535.7297466666669
2025-12-08,16:00-16:20,9.66213666666647
2025-12-08,17:00-17:20,0.7958999999998468
2025-12-08,18:40-19:00,10.062559999999792
2025-12-08,19:40-19:50,5.939493333333189
2025-12-08,20:20-20:50,72.74082333333308
2025-12-08,21:00-21:20,12.55916666666667
2025-12-08,22:10-22:30,47.7601699999999
2025-12-08,23:30-23:50,27.316079999999943
2025-12-09,00:10-01:10,179.21412999999984
2025-12-09,01:30-01:50,12.511573333333217
2025-12-09,02:00-02:20,39.38047999999992
2025-12-09,02:30-09:20,1647.8819266666649
2025-12-09,09:40-10:00,4.531659999999931
2025-12-09,13:10-13:20,28.259343333333305
2025-12-09,13:40-14:10,26.862823333333267
2025-12-09,14:30-15:00,97.9253700000001
2025-12-09,16:10-16:30,0.4566266666665797
2025-12-09,17:00-17:50,87.49791333333326
2025-12-09,18:00-19:00,80.90381833333323
2025-12-09,19:20-19:50,86.38484333333304
2025-12-09,20:10-20:40,54.417556666666655
2025-12-09,20:50-21:20,40.32875333333334
2025-12-09,21:50-22:00,10.237329999999929
2025-12-09,22:30-22:50,43.56607666666673
2025-12-10,00:00-00:40,101.94120666666663
2025-12-10,01:00-01:30,73.18121333333318
2025-12-10,01:50-02:20,78.40048333333323
2025-12-10,02:30-06:50,1069.138693333332
2025-12-10,07:00-07:20,68.61594999999977
2025-12-10,07:30-08:00,51.019801666666346
2025-12-10,09:20-09:40,37.21968666666663
2025-12-10,10:20-11:20,227.88332666666676
2025-12-10,12:00-13:50,504.1533366666669
2025-12-10,14:20-14:30,4.926900000000046
2025-12-10,15:20-16:50,157.39505666666628
2025-12-10,17:20-17:40,6.375833333333048
2025-12-10,18:00-18:20,25.45197333333317
2025-12-10,18:40-19:20,64.36242800000002
2025-12-10,19:40-20:00,3.5057266666665328
2025-12-10,20:50-21:30,11.012726666666708
2025-12-10,21:50-23:10,128.5627833333334
2025-12-10,23:20-23:30,1.0885966666667173
2025-12-10,23:50-24:00,15.996663333333345
2025-12-11,00:00-00:20,90.8601766666668
2025-12-11,00:30-01:10,58.78251
2025-12-11,01:20-02:30,166.3871999999999
2025-12-11,02:50-03:00,35.87923999999998
2025-12-11,03:20-03:50,71.43636333333325
2025-12-11,04:20-04:40,47.161539999999945
2025-12-11,04:50-07:20,481.15705333333267
2025-12-11,07:30-09:10,109.62017099999956
2025-12-11,09:40-09:50,2.1079833333333795
2025-12-11,10:20-10:30,6.210233333333335
2025-12-11,11:20-12:10,208.39703333333352
2025-12-11,15:50-16:00,6.519049999999993
2025-12-11,17:20-17:30,8.432099999999991
2025-12-11,18:00-18:20,15.831706666666491
2025-12-11,18:30-18:40,6.408276666666666
2025-12-11,19:10-19:30,70.72369666666668
2025-12-11,20:00-20:10,12.040290000000027
2025-12-11,20:40-20:50,2.6836066666666056
2025-12-11,21:40-22:30,122.46737333333272
2025-12-11,22:50-23:00,34.327696666666725
2025-12-11,23:30-23:40,2.785963333333484
2025-12-12,00:30-00:50,17.91695333333331
2025-12-12,01:10-02:50,248.9811633333331
2025-12-12,03:00-03:40,68.51501999999988
2025-12-12,04:00-07:30,857.9477666666663
2025-12-12,07:40-08:00,68.89655666666658
2025-12-12,08:20-09:20,165.47126266666652
2025-12-12,09:30-13:40,1608.2645240666673
2025-12-12,16:40-17:10,15.517133333333163
2025-12-12,18:00-18:20,35.003510000000006
2025-12-12,19:00-19:20,8.14356666666663
2025-12-12,20:00-21:10,124.6873799999999
2025-12-12,21:50-22:30,113.98218666666696
2025-12-12,22:50-23:10,50.503799999999956
2025-12-12,23:50-24:00,14.398753333333389
2025-12-13,00:00-03:10,467.5347766666661
2025-12-13,03:20-03:30,5.9978700000000345
2025-12-13,04:00-06:30,562.6614899999996
2025-12-13,06:40-10:40,729.5461784333328
2025-12-13,11:00-11:10,22.430900000000065
2025-12-13,11:30-11:50,26.287569999999903
2025-12-13,12:40-14:30,475.43309226666656
2025-12-13,16:40-17:00,15.060829999999896
2025-12-13,18:00-18:20,80.52211999999997
2025-12-13,19:10-19:20,2.258363333333307
2025-12-13,19:50-20:00,4.18796999999995
2025-12-13,20:20-21:00,24.418886666666594
2025-12-13,21:20-21:50,49.463239999999985
2025-12-13,22:10-22:20,1.315589999999986
2025-12-13,23:20-23:40,28.13756000000035
2025-12-13,23:50-24:00,11.127293333333341
2025-12-14,00:00-00:10,4.321763333333365
2025-12-14,00:30-00:50,13.69149333333337
2025-12-14,01:00-01:20,19.39201999999989
2025-12-14,02:00-03:40,240.54895666666653
2025-12-14,03:50-05:20,293.62167999999986
2025-12-14,05:30-07:40,336.8564266666659
2025-12-14,08:10-08:20,5.797063333333199
2025-12-14,08:30-09:00,62.104766666666364
2025-12-14,09:10-09:40,33.42076999999995
2025-12-14,10:00-11:10,462.21864533333314
2025-12-14,11:40-11:50,0.4260266666666439
2025-12-14,14:20-14:30,11.653986666666583
2025-12-14,15:30-15:50,58.90770333333296
2025-12-14,16:30-16:40,15.719299999999976
2025-12-14,17:10-17:30,36.50686666666638
2025-12-14,18:00-18:20,18.244606666666527
2025-12-14,19:00-19:30,27.246983333333105
2025-12-14,19:50-20:20,80.50120000000015
2025-12-14,20:50-21:00,3.0435400000000072
2025-12-14,21:30-22:00,35.774673333333226
2025-12-14,22:20-22:30,0.1997966666665434
2025-12-14,23:10-23:20,1.9954633333334186
2025-12-14,23:50-24:00,2.9710400000000163
2025-12-15,00:20-01:10,60.18808333333311
2025-12-15,01:50-02:50,109.91328999999973
2025-12-15,03:30-03:50,71.71679333333316
2025-12-15,04:00-04:20,31.944863333333274
2025-12-15,04:40-04:50,4.711969999999951
2025-12-15,05:30-06:40,114.97524666666655
2025-12-15,07:00-08:00,68.0216466666665
2025-12-15,08:40-08:50,7.849496666666596
2025-12-15,09:10-10:20,237.2577819999998
2025-12-15,11:00-12:00,318.21416666666653
2025-12-15,14:50-15:00,1.8892133333331458
2025-12-15,17:10-17:50,75.62910999999963
2025-12-15,18:50-19:00,9.154723333333322
2025-12-15,19:20-19:30,2.1754499999999553
2025-12-15,20:20-20:30,3.7810400000000755
2025-12-15,22:20-23:00,46.59318666666627
2025-12-15,23:20-23:40,37.223043333333635
2025-12-16,00:20-00:50,35.678753333333134
2025-12-16,01:20-01:30,6.623939999999948
2025-12-16,01:50-02:20,48.12912666666648
2025-12-16,03:00-03:30,44.03224666666665
2025-12-16,04:00-04:50,136.78661666666642
2025-12-16,05:10-06:30,145.6840899999997
2025-12-16,06:50-07:20,42.93628999999976
2025-12-16,08:00-08:10,1.31043099999998
2025-12-16,08:30-10:10,172.719448333333
2025-12-16,10:40-11:00,55.39980333333352
2025-12-16,11:20-11:50,160.85802333333322
2025-12-16,17:00-17:50,50.30887666666649
2025-12-16,18:00-18:20,34.920316666666736
2025-12-16,19:10-19:40,13.319179999999847
2025-12-16,20:10-20:20,2.120526666666592
2025-12-16,21:30-21:50,13.444593333333273
2025-12-16,22:00-22:20,17.66327000000001
2025-12-16,23:00-23:20,52.56586666666635
2025-12-16,23:40-24:00,35.30539333333331
2025-12-17,00:00-00:10,24.882963333333464
2025-12-17,01:00-01:20,20.036716666666507
2025-12-17,01:40-02:10,46.38365999999985
2025-12-17,02:50-03:20,28.25175666666655
2025-12-17,03:30-04:00,35.208839999999896
2025-12-17,04:30-04:50,22.277316666666707
2025-12-17,05:00-05:50,238.0147966666667
2025-12-17,06:00-06:10,11.182319999999919
2025-12-17,06:30-07:10,155.3193166666664
2025-12-17,08:00-08:20,13.647119333333308
2025-12-17,09:10-09:20,2.9117633333332833
2025-12-17,16:40-16:50,2.350883333333286
2025-12-17,17:30-17:50,17.40923999999984
2025-12-17,18:10-18:40,42.69649333333314
2025-12-17,20:30-20:50,30.721793333333267
2025-12-17,21:10-21:40,66.34298333333322
2025-12-17,21:50-22:00,5.818030000000135
2025-12-17,22:30-22:40,2.52628000000027
2025-12-17,23:30-23:50,45.359320000000025
2025-12-18,00:20-00:50,75.90726000000006
2025-12-18,01:20-01:30,5.925656666666669
2025-12-18,01:40-02:10,138.96587666666653
2025-12-18,02:40-03:20,135.05077666666648
2025-12-18,03:40-04:00,31.728150000000028
2025-12-18,04:10-04:40,84.35779666666656
2025-12-18,05:00-05:20,26.898363333333236
2025-12-18,05:30-05:50,83.50698666666665
2025-12-18,07:10-07:40,60.62463666666656
2025-12-18,08:30-08:50,11.053293333333272
2025-12-18,09:20-09:30,16.05006000000003
2025-12-18,09:50-10:30,139.87883766666647
2025-12-18,17:10-17:20,7.261749999999893
2025-12-18,19:20-19:40,22.815423333333342
2025-12-18,20:40-21:10,17.596369999999865
2025-12-18,22:00-22:20,42.963550000000055
2025-12-18,22:40-23:10,38.36129666666625
2025-12-19,00:00-00:10,4.536063333333459
2025-12-19,00:40-01:00,36.38378
2025-12-19,01:20-01:30,1.1981566666665913
2025-12-19,01:50-02:10,68.94888333333324
2025-12-19,02:20-02:30,3.1670800000000554
2025-12-19,03:00-03:20,15.507006666666655
2025-12-19,03:50-04:10,2.3905599999999367
2025-12-19,04:30-04:50,16.78029666666646
2025-12-19,05:00-05:20,43.56356333333326
2025-12-19,05:50-06:00,9.708056666666607
2025-12-19,06:30-06:50,15.093976666666663
2025-12-19,07:00-07:20,21.229873333333103
2025-12-19,07:40-08:00,51.46849999999995
2025-12-19,12:30-12:40,2.7117833333334147
2025-12-19,13:40-14:30,138.77101333333337
2025-12-19,14:50-15:10,73.60966833333332
2025-12-19,15:30-15:40,1.9456499999999437
2025-12-19,16:30-16:50,24.68745333333311
2025-12-19,17:20-17:30,3.143956666666668
2025-12-19,18:30-18:50,57.56481000000002
2025-12-19,19:20-19:30,9.96770666666663
2025-12-19,20:10-20:40,63.53501666666659
2025-12-19,21:10-21:30,29.982999999999947
2025-12-19,22:20-22:40,22.14482666666663
2025-12-19,22:50-23:20,41.57011333333344
2025-12-19,23:30-23:50,40.71158333333341
2025-12-20,00:40-01:10,31.083696666666697
2025-12-20,01:30-01:50,84.30501999999996
2025-12-20,02:00-02:20,11.723913333333257
2025-12-20,03:50-04:50,67.64753333333306
2025-12-20,05:00-05:40,60.51062999999999
2025-12-20,06:10-06:20,1.6308999999998832
2025-12-20,06:30-06:50,62.2104599999999
2025-12-20,07:20-07:30,8.02931333333322
2025-12-20,07:50-09:00,111.65395000000015
2025-12-20,09:20-09:30,9.967616666666572
2025-12-20,13:20-13:30,22.050239999999974
2025-12-20,17:10-17:40,37.61982999999992
2025-12-20,18:20-18:40,11.418453333333332
2025-12-20,19:00-19:20,14.74878000000001
2025-12-20,19:40-19:50,5.7770766666666304
2025-12-20,21:30-23:00,84.23483666666647
2025-12-21,00:10-00:20,1.108596666666699
2025-12-21,01:00-01:20,27.068816666666635
2025-12-21,01:30-01:50,24.670056666666483
2025-12-21,02:00-02:20,26.82617999999991
2025-12-21,03:00-03:20,79.41071666666653
2025-12-21,03:30-04:10,132.80169
2025-12-21,05:00-05:20,6.693416666666735
2025-12-21,05:40-06:30,120.98677333333319
2025-12-21,07:00-07:20,3.4146433333331743
2025-12-21,10:20-11:40,519.4996699999999
2025-12-21,12:50-13:10,20.33127999999985
2025-12-21,15:20-15:30,14.419246666666595
2025-12-21,17:20-17:30,12.838166666666666
2025-12-21,18:40-19:00,17.540996666666615
2025-12-21,19:20-19:30,1.6468166666666093
2025-12-21,19:40-20:10,79.88191333333316
2025-12-21,21:40-22:00,7.991953333333186
2025-12-21,22:50-23:10,21.728299999999763
2025-12-21,23:30-23:50,12.211840000000052
2025-12-22,00:00-00:20,21.566976666666505
2025-12-22,00:40-00:50,8.233730000000037
2025-12-22,01:00-01:20,36.43412333333333
2025-12-22,01:30-01:50,27.58197333333328
2025-12-22,02:20-02:40,55.532783333333214
2025-12-22,03:10-03:30,26.075803333333283
2025-12-22,05:10-05:20,8.28357666666659
2025-12-22,07:30-07:40,11.577179999999998
2025-12-22,14:20-14:30,0.7546766666666826
2025-12-22,17:00-17:20,35.38019999999983
2025-12-22,17:50-18:20,39.592193333333284
2025-12-22,19:10-20:10,60.96076333333292
2025-12-22,20:50-21:30,45.94772999999998
2025-12-22,23:40-23:50,1.4975800000000845
2025-12-23,01:00-01:10,1.032389999999964
2025-12-23,03:10-03:30,13.95344666666631
2025-12-23,04:20-04:50,44.127786666666566
2025-12-23,17:30-17:50,32.680133333333515
2025-12-23,18:20-18:30,2.130909999999858
2025-12-23,19:30-19:50,22.924499999999966
2025-12-23,20:10-20:30,18.066143333333343
2025-12-23,21:30-21:50,22.399946666666438
2025-12-23,22:20-23:00,23.10738666666657
2025-12-23,23:50-24:00,9.563333333333276
2025-12-24,00:00-00:20,68.22372666666661
2025-12-24,03:10-03:30,4.643446666666591
2025-12-24,03:50-04:10,21.749183333333235
2025-12-24,06:40-06:50,13.435243333333347
2025-12-24,09:50-10:00,18.875166666666587
2025-12-24,13:00-13:20,26.29192666666674
2025-12-24,13:30-13:50,25.277443333333167
2025-12-24,16:50-17:20,43.00824999999986
2025-12-24,17:50-18:00,5.836123333333262
2025-12-24,18:30-19:00,28.711754666666536
2025-12-24,19:30-20:30,49.26324999999963
2025-12-24,22:30-23:00,54.61524000000031
2025-12-25,01:00-01:30,80.70421999999996
2025-12-25,02:00-02:10,9.547786666666639
2025-12-25,02:30-02:50,15.258653333333314
2025-12-25,03:10-03:20,0.5130699999999706
2025-12-25,03:50-04:10,26.46635666666657
2025-12-25,04:40-05:00,45.36337999999978
2025-12-25,06:00-06:20,44.9448166666665
2025-12-25,06:50-07:00,0.6327366666666876
2025-12-25,11:20-11:30,2.9856966666666267
2025-12-25,11:50-12:20,142.85082000000045
2025-12-25,17:00-17:10,1.1070666666666966
2025-12-25,17:50-18:00,4.414453333333199
2025-12-25,19:00-19:20,8.911283333333131
2025-12-25,19:30-20:00,78.89769333333311
2025-12-25,20:40-20:50,3.0627833333333
2025-12-25,23:20-23:50,68.72851666666656
2025-12-26,00:10-00:30,18.47728000000012
2025-12-26,01:30-01:50,7.952699999999936
2025-12-26,02:10-02:30,17.0735233333333
2025-12-26,03:20-03:30,36.13396
2025-12-26,06:10-06:20,0.2441599999999653
2025-12-26,06:50-07:00,0.3759833333332381
2025-12-26,12:30-12:50,56.43929333333341
2025-12-26,13:20-13:30,3.258810000000011
2025-12-26,13:50-14:00,5.3416966666666355
2025-12-26,14:20-14:50,33.38070200000001
2025-12-26,18:00-18:20,24.51786999999996
2025-12-26,21:00-21:20,5.912553333333221
2025-12-26,22:00-22:10,4.938763333333327
2025-12-26,22:30-22:40,12.3591633333333
2025-12-26,23:10-23:20,0.5276466666666693
2025-12-27,00:30-00:40,3.21254666666664
2025-12-27,01:00-01:20,16.315909999999917
2025-12-27,03:20-03:40,42.3515666666666
2025-12-27,09:30-09:40,3.2474049999999792
2025-12-27,10:30-10:50,10.597723333333235
2025-12-27,13:40-14:00,57.60204400000005
2025-12-27,16:50-17:30,52.37961666666661
2025-12-27,17:50-18:10,32.128446666666605
2025-12-27,18:30-18:50,55.93285999999989
2025-12-27,19:50-20:00,3.4711733333332404
2025-12-27,20:20-20:40,22.806353333333334
2025-12-27,22:20-22:40,62.902843333333294
2025-12-28,00:00-00:40,71.98663999999985
2025-12-28,02:30-03:00,17.547549999999774
2025-12-28,03:20-03:40,18.053509999999847
2025-12-28,04:00-04:10,15.125436666666587
2025-12-28,04:40-04:50,9.809736666666595
2025-12-28,07:20-07:30,7.549723333333191
2025-12-28,07:50-08:00,3.9238033333333817
2025-12-28,11:30-11:40,7.046163333333425
2025-12-28,17:30-18:00,64.61013666666668
2025-12-28,18:20-18:40,30.624689999999873
2025-12-28,20:20-20:30,14.739013333333332
2025-12-28,20:50-21:30,17.569619999999986
2025-12-28,22:30-22:50,6.619626666666363
2025-12-29,01:40-01:50,10.688043333333326
2025-12-29,02:50-03:00,2.1289866666666057
2025-12-29,14:20-14:30,1.687496666666675
2025-12-29,16:20-16:30,21.23172333333332
2025-12-29,16:50-17:00,5.309566666666569
2025-12-29,19:20-19:30,5.685626666666508
2025-12-29,19:40-20:10,34.938383333333036
2025-12-29,20:50-21:00,6.81398333333334
2025-12-29,21:20-21:30,29.419793333333246
2025-12-29,21:50-22:00,1.5772633333333488
2025-12-29,22:20-22:50,36.16154000000006
2025-12-29,23:50-24:00,10.096876666666617
2025-12-30,15:50-16:00,4.334016666666571
2025-12-30,19:50-20:00,10.71225666666669
2025-12-30,21:30-21:40,6.468529999999987
2025-12-30,22:10-22:20,8.067733333333194
2025-12-31,01:30-01:50,42.219333333333225
2025-12-31,02:50-03:00,6.914819999999963
2025-12-31,05:00-05:10,5.741539999999986
2025-12-31,09:40-10:10,16.828229999999678
2025-12-31,10:50-11:00,3.1495466666667653
2025-12-31,17:10-17:30,9.246466666666493
2025-12-31,18:20-18:40,20.082930000000033
2025-12-31,19:20-19:40,47.206449999999904
2025-12-31,19:50-20:10,26.7353466666666
2025-12-31,21:00-21:30,47.212343333333365
2025-12-31,21:50-22:10,29.29344333333347
2025-12-31,23:40-24:00,57.87695333333318
