date,interval,energy_kWh
2025-02-01,14:20-14:30,2.404226666666716
2025-02-01,15:20-15:30,17.57102999999998
2025-02-01,21:10-21:20,9.906363333333331
2025-02-01,22:50-23:00,6.773696666666865
2025-02-02,18:20-18:40,3.6653866666666772
2025-02-03,10:30-10:40,25.141506666666686
2025-02-03,11:20-11:30,2.6211033333332807
2025-02-04,00:20-00:30,0.3131233333332375
2025-02-04,09:20-09:30,32.48920666666652
2025-02-04,11:00-11:20,15.312736666666638
2025-02-04,13:00-13:40,142.9860366666665
2025-02-04,14:10-14:30,23.336963333333074
2025-02-04,14:50-15:20,115.53848999999991
2025-02-04,17:50-18:00,1.207906666666645
2025-02-04,19:50-20:00,9.737639999999942
2025-02-04,22:10-22:30,62.329949999999826
2025-02-05,00:10-00:20,0.9900966666668864
2025-02-05,02:20-02:30,3.40485666666666
2025-02-05,09:20-09:40,38.821096000000026
2025-02-05,10:00-10:20,39.58923666666672
2025-02-05,10:50-11:00,18.791996666666705
2025-02-05,11:30-11:50,103.16769666666664
2025-02-05,18:00-18:20,22.652696666666657
2025-02-06,00:10-00:20,9.91448000000014
2025-02-06,08:00-08:10,12.210913499999984
2025-02-06,19:00-19:10,2.804296666666687
2025-02-06,21:10-21:20,0.7541933333333191
2025-02-07,08:20-08:30,13.225583333333304
2025-02-07,08:50-09:00,7.6004533333332915
2025-02-07,18:30-18:50,7.147443333333342
2025-02-07,20:40-20:50,6.841516666666678
2025-02-08,14:10-14:40,33.64464000000025
2025-02-08,19:00-19:20,18.070190000000025
2025-02-08,20:30-20:40,12.455009999999959
2025-02-09,10:00-10:10,3.417086666666762
2025-02-09,10:40-11:20,336.4448233333335
2025-02-09,11:30-11:50,67.46547333333342
2025-02-09,12:50-13:20,86.04278566666663
2025-02-10,18:40-19:00,15.624406666666573
2025-02-10,21:50-22:00,2.791896666666844
2025-02-11,19:30-19:40,2.3052333333333763
2025-02-11,20:50-21:00,1.1612533333333204
2025-02-11,21:20-21:30,13.847359999999867
2025-02-12,13:20-13:30,8.719685666666678
2025-02-12,15:30-15:50,43.167743333333306
2025-02-12,18:10-18:30,24.532503333333125
2025-02-12,19:50-20:00,6.836456666666663
2025-02-12,23:10-23:20,4.005496666666886
2025-02-13,00:00-00:10,6.199146666666593
2025-02-13,19:10-19:20,4.103643333333366
2025-02-13,19:30-19:40,7.925276666666605
2025-02-14,00:00-00:10,10.447713333333297
2025-02-14,05:40-05:50,5.251520000000028
2025-02-14,10:30-11:50,468.11143000000004
2025-02-14,16:00-16:10,15.426759999999945
2025-02-14,17:00-17:20,9.497499999999945
2025-02-14,17:40-18:00,23.56167333333326
2025-02-14,18:30-18:40,0.5001033333333567
2025-02-15,05:50-06:00,7.845366666666564
2025-02-15,09:20-09:30,5.093276666666611
2025-02-15,10:10-10:20,3.4365066666667303
2025-02-15,11:00-11:30,97.43023999999997
2025-02-15,12:00-12:10,4.56356333333332
2025-02-15,15:50-16:10,33.34917999999996
2025-02-15,18:00-18:10,0.17634333333330687
2025-02-15,19:30-19:50,61.23553333333331
2025-02-15,21:00-21:20,13.059453333333238
2025-02-15,22:20-22:40,19.78164333333325
2025-02-15,23:00-23:20,16.811949999999797
2025-02-16,04:50-05:00,2.644450000000006
2025-02-16,05:50-06:00,2.6756283333332433
2025-02-16,08:10-08:20,5.811893333333273
2025-02-16,09:30-11:20,344.1281899999998
2025-02-16,11:30-11:50,53.69002333333344
2025-02-16,16:50-17:00,23.711009999999874
2025-02-16,17:40-17:50,9.431153333333327
2025-02-16,18:50-19:20,25.294239999999718
2025-02-16,19:50-20:00,15.31521333333319
2025-02-16,21:30-21:40,1.879293333333294
2025-02-16,23:30-23:40,14.035330000000158
2025-02-17,02:10-02:20,3.959349999999972
2025-02-17,12:10-12:30,28.772866666666687
2025-02-17,18:30-19:20,30.255196666666592
2025-02-17,22:50-23:30,30.99120999999991
2025-02-18,03:50-04:00,6.923156666666614
2025-02-18,12:50-13:00,27.943730063333234
2025-02-18,13:20-13:30,1.53445733333335
2025-02-18,13:50-14:00,21.621535333333284
2025-02-18,14:50-15:00,3.240296666666609
2025-02-18,18:30-18:40,5.587479999999914
2025-02-18,20:00-20:20,9.481343333333143
2025-02-19,01:50-02:00,26.26333333333332
2025-02-19,02:50-03:00,7.489066666666645
2025-02-19,04:40-05:00,10.56318999999985
2025-02-19,06:20-06:30,30.892068333333235
2025-02-19,08:50-09:10,6.410333333333369
2025-02-19,09:50-10:00,23.462916666666644
2025-02-19,13:20-13:30,2.1492260000000414
2025-02-19,14:20-14:30,8.422556666666594
2025-02-19,14:50-15:20,93.24202333333352
2025-02-19,16:00-16:10,6.372350000000097
2025-02-19,18:10-18:20,0.5913133333332325
2025-02-19,19:50-20:10,37.74615333333338
2025-02-19,21:00-21:20,6.251146666666614
2025-02-19,22:20-22:40,18.750710000000026
2025-02-19,23:30-23:50,67.59740999999985
2025-02-20,10:10-10:40,101.64081666666678
2025-02-20,17:00-17:20,4.459910000000036
2025-02-20,18:20-18:40,36.697646666666515
2025-02-20,20:00-20:20,11.415686666666602
2025-02-20,20:50-21:10,21.870403333333115
2025-02-20,22:50-23:10,52.31216000000006
2025-02-21,00:40-00:50,8.05639999999994
2025-02-21,01:50-02:00,13.72496000000001
2025-02-21,07:30-07:40,6.270516666666651
2025-02-21,17:30-17:50,52.77333999999985
2025-02-21,18:10-18:30,31.732526666666672
2025-02-21,19:20-19:40,48.70100333333329
2025-02-21,20:50-21:10,26.465589999999963
2025-02-21,21:50-22:00,21.80536333333339
2025-02-21,22:40-23:10,27.344353333333345
2025-02-21,23:40-24:00,16.69127666666668
2025-02-22,01:50-02:10,33.850343333333285
2025-02-22,03:10-03:40,28.74028333333331
2025-02-22,08:00-08:10,1.0322200000000095
2025-02-22,10:20-10:30,2.957303333333357
2025-02-22,11:20-11:40,42.111746666666704
2025-02-22,12:00-12:20,36.27737333333329
2025-02-22,13:00-14:40,318.31193333333357
2025-02-22,15:40-16:10,69.14352566666666
2025-02-22,17:00-17:20,31.9527333333333
2025-02-22,17:30-18:00,97.56618666666665
2025-02-22,19:10-19:40,14.386449999999911
2025-02-22,21:20-21:30,7.224023333333264
2025-02-22,21:50-22:00,13.30392999999981
2025-02-22,22:50-23:10,9.69848333333357
2025-02-22,23:40-24:00,24.207899999999995
2025-02-23,00:00-00:20,19.030376666666825
2025-02-23,01:20-01:30,0.5586033333332807
2025-02-23,03:00-03:20,28.810516666666672
2025-02-23,04:30-04:40,17.407650000000103
2025-02-23,05:10-05:30,49.2703333333335
2025-02-23,07:30-07:40,5.104113333333316
2025-02-23,08:00-08:20,15.850689999999986
2025-02-23,09:40-10:20,115.56015333333323
2025-02-23,12:00-12:40,227.5859600000001
2025-02-23,13:40-14:00,30.61069600000001
2025-02-23,19:20-19:40,32.65684999999985
2025-02-23,20:10-20:40,15.1709933333334
2025-02-23,21:00-21:20,40.85825666666676
2025-02-23,21:40-22:00,15.081983333333483
2025-02-23,22:20-22:30,5.905263333333551
2025-02-23,23:10-23:30,15.033576666666477
2025-02-24,00:30-00:50,24.39400333333333
2025-02-24,01:10-01:20,0.05171999999993204
2025-02-24,06:00-06:10,1.751935333333222
2025-02-24,15:30-15:50,40.619373333333385
2025-02-24,16:10-16:20,2.9881733333331795
2025-02-24,16:30-17:00,17.986006666666526
2025-02-24,17:10-17:40,20.772689999999784
2025-02-24,18:40-18:50,0.48887999999996623
2025-02-24,20:10-21:00,78.4265366666665
2025-02-24,21:30-21:50,12.898969999999963
2025-02-24,22:00-22:10,1.9523800000001756
2025-02-24,23:20-23:30,3.634896666666691
2025-02-25,00:00-00:10,10.468763333333072
2025-02-25,01:00-01:10,8.203943333333314
2025-02-25,02:10-02:20,16.52977999999996
2025-02-25,03:00-03:10,1.669279999999958
2025-02-25,05:40-06:00,52.9862366666664
2025-02-25,06:20-06:30,8.030416333333239
2025-02-25,18:50-19:10,50.16176666666661
2025-02-25,20:40-20:50,1.9656400000000076
2025-02-25,21:00-21:30,30.441743333333307
2025-02-25,21:50-22:10,28.55152666666686
2025-02-25,23:10-23:30,45.02524333333349
2025-02-26,01:20-01:40,17.734869999999773
2025-02-26,03:00-03:20,38.90512999999987
2025-02-26,12:50-13:00,26.595378999999888
2025-02-26,13:50-14:10,30.245814000000017
2025-02-26,14:30-15:00,90.84450999999999
2025-02-26,15:10-15:30,39.249416666666605
2025-02-26,15:40-16:30,155.2841933333329
2025-02-26,17:40-17:50,16.287689999999998
2025-02-26,18:20-18:30,25.248019999999997
2025-02-26,18:50-19:10,12.051553333333231
2025-02-26,19:40-19:50,16.2100466666667
2025-02-26,22:20-22:30,17.10079666666661
2025-02-26,23:10-23:30,8.181460000000015
2025-02-27,02:20-02:30,2.1887499999999136
2025-02-27,08:10-08:20,10.211453333333338
2025-02-27,08:40-10:00,268.22131666666667
2025-02-27,15:20-15:30,19.453499999999906
2025-02-27,17:30-17:50,5.147866666666573
2025-02-27,18:10-18:40,38.91948999999977
2025-02-27,20:40-20:50,2.194823333333261
2025-02-27,21:10-21:30,27.894086666666567
2025-02-28,00:20-00:30,2.46941333333325
2025-02-28,01:00-01:20,22.82973666666669
2025-02-28,04:40-05:10,20.750143333333142
2025-02-28,07:20-07:40,42.90023999999988
2025-02-28,11:10-12:00,349.35757333333345
2025-02-28,12:40-13:30,284.23260666666675
2025-02-28,13:50-14:00,18.07349333333326
2025-02-28,16:30-16:50,18.011670000000038
2025-02-28,18:20-18:40,10.505806666666615
2025-02-28,19:10-19:30,21.136036666666598
2025-02-28,20:20-20:30,18.321453333333352
2025-02-28,20:50-21:10,38.54251999999997
2025-02-28,21:30-21:50,23.706706666666605
2025-02-28,22:00-22:10,2.5005300000002535
2025-02-28,23:00-23:30,29.348446666666916
2025-02-28,23:50-24:00,2.8664633333333427
2025-03-01,00:00-00:20,43.893853333333254
2025-03-01,07:50-08:00,3.1850933333333415
2025-03-01,08:50-09:00,16.443333333333307
2025-03-01,11:00-11:50,416.1030000000001
2025-03-01,14:00-14:20,16.013226666666753
2025-03-01,15:40-16:30,106.38027199999996
2025-03-01,16:50-17:20,57.688483333333124
2025-03-01,18:10-18:40,64.18890333333326
2025-03-01,19:00-19:20,13.58368333333334
2025-03-01,20:20-20:30,4.847710000000006
2025-03-01,20:50-21:10,26.665333333333308
2025-03-01,21:50-22:00,17.363130000000183
2025-03-01,22:20-22:30,2.2962966666668763
2025-03-01,23:10-23:20,9.730863333333446
2025-03-02,02:30-02:40,4.275989999999979
2025-03-02,08:50-09:10,25.573369999999898
2025-03-02,09:40-16:10,4393.733446700001
2025-03-02,16:30-16:50,30.004423333333193
2025-03-02,17:00-17:20,16.299999999999955
2025-03-02,17:30-18:20,121.23086666666609
2025-03-02,19:20-19:40,10.738773333333143
2025-03-02,20:40-21:40,103.88649333333308
2025-03-02,23:00-23:50,61.84622666666701
2025-03-03,00:00-00:20,19.716843333333145
2025-03-03,00:30-00:40,14.11900333333324
2025-03-03,01:30-01:50,30.008046666666587
2025-03-03,08:00-13:20,1821.6779722000003
2025-03-03,13:30-16:40,1320.606702666666
2025-03-03,17:00-17:10,1.3657233333332215
2025-03-03,17:40-17:50,2.895840000000021
2025-03-03,18:20-18:30,11.556963333333329
2025-03-03,18:50-19:10,24.706059999999866
2025-03-03,20:30-21:40,155.5555266666663
2025-03-03,22:00-22:40,26.28011000000015
2025-03-03,23:30-23:50,10.63572000000022
2025-03-04,00:10-00:40,13.97636666666665
2025-03-04,00:50-01:10,22.620086666666566
2025-03-04,01:40-02:00,52.26281999999992
2025-03-04,03:20-03:30,5.823579999999993
2025-03-04,04:00-04:10,2.503759999999943
2025-03-04,07:50-08:20,94.8724966666665
2025-03-04,08:40-09:10,12.913163333333443
2025-03-04,09:40-09:50,6.082160000000016
2025-03-04,11:00-11:50,317.5044500000005
2025-03-04,12:00-12:20,69.72915333333333
2025-03-04,15:30-16:20,132.72851333333307
2025-03-04,17:10-17:20,3.24852333333331
2025-03-04,19:30-19:40,11.322680000000105
2025-03-04,20:10-21:50,46.9605133333331
2025-03-04,22:20-22:30,8.358929999999873
2025-03-04,23:00-24:00,136.17407666666656
2025-03-05,00:00-00:10,8.406096666666826
2025-03-05,00:40-01:00,20.690813333333267
2025-03-05,12:10-12:20,10.334703333333323
2025-03-05,13:10-14:00,115.4123157666667
2025-03-05,17:30-17:50,3.8719300000000203
2025-03-05,18:30-18:40,3.9303666666666004
2025-03-05,19:40-19:50,4.921496666666599
2025-03-05,20:00-20:50,55.15540666666652
2025-03-05,21:10-21:20,4.7202800000000025
2025-03-05,22:00-22:10,0.15549666666674966
2025-03-05,22:30-22:50,10.296159999999873
2025-03-05,23:10-23:20,0.5700799999999617
2025-03-05,23:50-24:00,29.59416999999985
2025-03-06,00:20-00:30,12.310399999999959
2025-03-06,02:00-02:10,6.501813333333303
2025-03-06,02:30-02:50,17.502876666666566
2025-03-06,14:20-14:40,13.78309666666658
2025-03-06,14:50-16:20,148.69696333333314
2025-03-06,16:40-16:50,8.2578166666666
2025-03-06,17:20-18:10,82.44568333333325
2025-03-06,18:40-19:00,5.7687563333334
2025-03-06,19:30-19:40,0.7244133333333593
2025-03-06,20:40-21:00,37.50024999999994
2025-03-06,22:20-23:20,72.88829333333331
2025-03-06,23:40-24:00,31.49913666666663
2025-03-07,00:00-00:20,46.64522999999997
2025-03-07,01:00-01:20,39.720446666666646
2025-03-07,13:10-13:50,67.24566000000004
2025-03-07,14:00-14:30,53.502569999999935
2025-03-07,15:00-15:10,35.29607333333331
2025-03-07,15:40-16:00,48.26185500000009
2025-03-07,16:50-17:10,17.61177333333336
2025-03-07,20:50-21:10,7.9071533333332695
2025-03-07,21:30-22:00,58.283936666666705
2025-03-07,22:10-22:30,44.81818333333342
2025-03-07,23:20-23:30,12.610896666666576
2025-03-08,00:00-00:20,31.06031333333334
2025-03-08,01:50-02:10,23.494669999999928
2025-03-08,02:30-02:50,28.2472699999999
2025-03-08,16:30-16:50,31.513523333333296
2025-03-08,17:50-18:00,9.426500000000033
2025-03-08,18:20-18:40,4.954056666666588
2025-03-08,21:20-21:50,36.816803333333155
2025-03-08,22:00-22:20,14.11062666666669
2025-03-08,22:30-22:50,43.16130999999996
2025-03-09,01:50-02:20,34.63824999999997
2025-03-09,02:50-03:00,5.108176666666623
2025-03-09,03:50-04:00,6.960140000000024
2025-03-09,18:30-18:50,77.13250666666676
2025-03-09,20:10-20:30,35.14900666666665
2025-03-09,20:50-21:00,28.69066666666663
2025-03-09,21:30-22:10,31.541783333333
2025-03-09,22:30-22:40,0.02443000000016582
2025-03-10,00:00-00:20,35.97822666666707
2025-03-10,00:40-01:10,69.9185799999999
2025-03-10,02:10-02:30,7.026599999999917
2025-03-10,03:20-03:30,2.1374333333333198
2025-03-10,07:20-07:30,30.607483333333334
2025-03-10,09:00-09:10,6.238803333333351
2025-03-10,09:40-09:50,13.892666666666685
2025-03-10,10:40-13:20,1312.9638583333337
2025-03-10,14:50-15:10,12.065936666666744
2025-03-10,16:50-17:10,35.33786333333319
2025-03-10,17:50-18:00,14.571666666666488
2025-03-10,18:20-18:30,24.228336666666678
2025-03-10,19:00-19:10,2.681899999999928
2025-03-10,19:20-20:00,111.13324999999975
2025-03-10,21:10-21:20,21.748623333333285
2025-03-10,21:50-22:00,15.704363333333504
2025-03-10,22:20-23:00,75.23578666666594
2025-03-10,23:10-23:30,8.085109999999986
2025-03-11,00:00-00:40,52.686676666666244
2025-03-11,01:00-01:30,32.62217666666663
2025-03-11,10:00-10:20,35.292158
2025-03-11,14:30-16:30,457.5036466666658
2025-03-11,16:40-17:00,25.059789999999794
2025-03-11,17:40-17:50,4.355133333333242
2025-03-11,18:00-18:30,22.973019999999792
2025-03-11,19:20-19:30,24.91291666666666
2025-03-11,21:00-21:30,45.56773333333308
2025-03-11,22:00-22:20,12.724229999999807
2025-03-11,22:30-22:50,53.5350599999997
2025-03-12,00:10-00:40,67.7318899999998
2025-03-12,01:30-02:20,60.9341766666663
2025-03-12,02:50-03:10,31.180113333333225
2025-03-12,03:40-03:50,13.417256666666617
2025-03-12,05:40-05:50,2.475720000000024
2025-03-12,15:50-17:00,158.77090999999973
2025-03-12,17:20-17:30,11.829273333333276
2025-03-12,17:40-18:10,32.64102333333335
2025-03-12,18:20-18:40,12.77364666666665
2025-03-12,20:00-20:30,27.960359999999923
2025-03-12,21:00-21:10,1.8650099999999838
2025-03-12,21:50-22:20,43.59295000000009
2025-03-12,22:30-23:30,107.154586666667
2025-03-12,23:50-24:00,13.822913333333304
2025-03-13,00:00-00:40,81.34286666666674
2025-03-13,01:50-02:00,19.651983333333305
2025-03-13,02:30-03:00,43.043979999999806
2025-03-13,05:50-06:00,6.973646666666696
2025-03-13,09:30-13:40,2643.4051581333347
2025-03-13,16:10-16:20,8.504189999999994
2025-03-13,16:30-17:20,128.28692333333333
2025-03-13,17:40-18:10,21.102116666666575
2025-03-13,18:50-20:10,160.7407999999997
2025-03-13,20:40-20:50,16.894573333333142
2025-03-13,21:20-21:30,1.7838199999999915
2025-03-13,21:50-22:30,63.34491666666679
2025-03-13,23:00-23:50,69.00189333333321
2025-03-14,00:50-01:00,11.370936666666637
2025-03-14,01:30-02:00,45.89549999999997
2025-03-14,02:50-03:10,42.34843999999987
2025-03-14,04:00-04:10,3.9985466666665843
2025-03-14,04:40-04:50,2.823599999999942
2025-03-14,05:50-06:00,7.478439999999978
2025-03-14,14:10-15:00,263.48233333333343
2025-03-14,15:20-15:30,34.57651333333331
2025-03-14,15:40-16:00,50.677409000000026
2025-03-14,16:10-16:40,60.86964333333333
2025-03-14,17:20-17:40,27.425123333333204
2025-03-14,18:20-18:30,4.50166999999999
2025-03-14,19:30-20:10,60.35504999999978
2025-03-14,20:30-20:50,13.832636666666701
2025-03-14,22:40-23:00,5.285038333333318
2025-03-14,23:20-23:40,29.84632333333343
2025-03-15,00:00-00:40,91.68937666666653
2025-03-15,01:00-01:20,19.86056999999994
2025-03-15,02:20-02:50,70.6912933333333
2025-03-15,04:20-04:40,24.359293333333312
2025-03-15,05:00-05:20,27.325983333333397
2025-03-15,07:00-07:40,32.910753333333346
2025-03-15,11:20-13:00,698.8515866666669
2025-03-15,13:50-14:10,14.462533333333397
2025-03-15,18:00-18:40,80.9404333333332
2025-03-15,19:00-19:20,7.1427433333332715
2025-03-15,20:00-20:20,12.26774666666671
2025-03-15,20:30-21:00,111.69888333333336
2025-03-15,21:20-21:50,32.68908999999991
2025-03-15,22:00-22:20,15.74675666666667
2025-03-15,22:30-23:00,34.794239999999945
2025-03-15,23:20-24:00,106.8336700000001
2025-03-16,00:20-00:30,10.001246666666589
2025-03-16,00:50-01:20,60.87941666666643
2025-03-16,02:00-02:10,8.527666666666619
2025-03-16,02:40-03:20,42.888859999999795
2025-03-16,03:40-03:50,8.969663333333415
2025-03-16,05:40-06:00,13.858746666666661
2025-03-16,06:50-08:00,221.34342666666691
2025-03-16,12:20-12:50,58.31822000000011
2025-03-16,13:00-14:10,379.0782489999999
2025-03-16,14:20-14:30,21.313753333333324
2025-03-16,15:20-15:30,30.57008666666661
2025-03-16,15:50-16:10,13.711433333333161
2025-03-16,16:30-17:00,62.66448333333324
2025-03-16,17:20-17:30,4.418793333333269
2025-03-16,17:50-18:20,29.34754999999973
2025-03-16,20:40-21:00,20.768873333333204
2025-03-16,22:00-22:50,45.7447699999999
2025-03-16,23:00-23:20,11.305983333333188
2025-03-16,23:40-24:00,39.06557999999984
2025-03-17,00:20-00:30,22.82697666666661
2025-03-17,01:10-01:20,0.13087333333328388
2025-03-17,01:50-02:00,16.542966666666644
2025-03-17,02:20-02:50,25.57941666666659
2025-03-17,03:50-04:00,23.022069999999985
2025-03-17,04:30-04:50,14.488669999999956
2025-03-17,05:20-05:30,9.873033333333296
2025-03-17,15:50-16:00,4.46186333333327
2025-03-17,16:10-16:40,43.578226666666524
2025-03-17,18:00-18:20,10.441629999999918
2025-03-17,19:40-20:00,66.1691566666666
2025-03-17,20:20-20:40,35.462176666666664
2025-03-17,21:00-21:10,4.973303333333433
2025-03-17,23:20-23:30,0.30436333333318544
2025-03-18,00:20-00:40,36.022199999999884
2025-03-18,01:30-01:40,9.394149999999968
2025-03-18,02:10-02:20,7.660336666666694
2025-03-18,04:20-04:40,13.908103333333315
2025-03-18,07:40-10:00,724.6613833333329
2025-03-18,16:30-16:40,11.929873333333376
2025-03-18,17:10-17:20,5.105956666666771
2025-03-18,18:10-18:30,29.768253333333178
2025-03-18,19:00-19:20,17.432266666666578
2025-03-18,21:40-22:00,24.88639333333333
2025-03-18,22:10-22:30,19.78077666666684
2025-03-18,22:50-23:10,39.35686666666652
2025-03-18,23:30-24:00,51.703603333333035
2025-03-19,00:00-00:10,6.355013333333545
2025-03-19,00:40-00:50,2.3405733333333956
2025-03-19,01:50-02:10,61.23197666666658
2025-03-19,02:40-02:50,2.9795799999999417
2025-03-19,03:30-03:40,3.51141333333328
2025-03-19,05:50-06:00,0.5676999999999452
2025-03-19,08:10-09:40,313.8926963333331
2025-03-19,14:30-14:50,33.79789233333338
2025-03-19,15:20-15:30,8.382069999999999
2025-03-19,17:40-18:00,10.952316666666547
2025-03-19,18:40-19:00,33.81717999999995
2025-03-19,21:30-22:10,21.349063333333447
2025-03-20,00:20-00:30,41.83239666666668
2025-03-20,01:00-02:00,86.32995999999969
2025-03-20,02:30-02:50,14.793333333333294
2025-03-20,03:00-03:30,90.4506766666666
2025-03-20,04:50-05:20,17.13911666666661
2025-03-20,05:50-06:00,13.36895000000004
2025-03-20,08:10-08:20,3.117409999999893
2025-03-20,08:50-09:20,34.74636000000001
2025-03-20,09:50-10:00,9.69928733333338
2025-03-20,11:00-11:20,41.04258666666669
2025-03-20,12:30-12:50,69.7038233333335
2025-03-20,13:10-13:20,3.6553656666667678
2025-03-20,14:50-15:00,10.636876666666751
2025-03-20,15:10-17:20,451.8609299999995
2025-03-20,18:00-18:20,7.556849999999827
2025-03-20,18:40-19:10,96.89866333333308
2025-03-20,19:50-20:20,42.3368466666667
2025-03-20,21:20-21:40,29.429390000000012
2025-03-20,21:50-22:00,1.435796666666647
2025-03-20,23:30-23:50,74.11473666666654
2025-03-21,00:10-00:40,30.903283333333377
2025-03-21,01:10-01:40,36.875143333333256
2025-03-21,02:10-03:00,100.80773333333315
2025-03-21,03:20-03:50,32.90543666666673
2025-03-21,04:20-04:30,2.5713133333333076
2025-03-21,05:00-05:20,3.8270933333333232
2025-03-21,06:30-06:50,34.9555166666666
2025-03-21,14:30-14:40,14.28207000000009
2025-03-21,18:00-18:20,3.112213333333216
2025-03-21,18:40-19:10,37.08973333333324
2025-03-21,19:30-20:00,58.30048999999997
2025-03-21,20:20-20:40,51.21864666666653
2025-03-21,21:30-21:40,6.560506666666697
2025-03-21,22:10-23:00,85.71280999999988
2025-03-21,23:20-23:30,28.070659999999975
2025-03-22,00:50-01:00,0.6884333333333075
2025-03-22,01:30-01:50,46.31789666666663
2025-03-22,02:40-03:00,29.017156666666608
2025-03-22,04:10-04:20,0.25077999999996337
2025-03-22,04:30-06:00,129.61292999999972
2025-03-22,07:00-07:10,2.9119799999999714
2025-03-22,12:20-12:40,127.26257333333353
2025-03-22,13:10-14:10,447.88104666666686
2025-03-22,14:20-14:50,92.84140000000025
2025-03-22,15:50-16:20,111.53096233333332
2025-03-22,18:50-19:00,7.752283333333253
2025-03-22,22:20-22:30,11.78479666666658
2025-03-22,23:00-23:40,51.75399333333371
2025-03-22,23:50-24:00,21.167086666666705
2025-03-23,00:30-01:00,41.50081999999986
2025-03-23,02:10-03:00,63.295316666666395
2025-03-23,03:20-03:40,51.66443333333325
2025-03-23,04:00-04:20,46.192966666666734
2025-03-23,04:50-05:30,29.91682333333324
2025-03-23,05:50-07:00,150.7926199999996
2025-03-23,07:30-08:10,29.62473333333321
2025-03-23,09:10-10:10,286.8741382866668
2025-03-23,10:40-11:30,329.3317366666669
2025-03-23,12:10-12:30,101.28458000000018
2025-03-23,12:50-13:00,81.26775000000004
2025-03-23,17:20-17:30,9.261126666666655
2025-03-23,17:40-18:00,9.406539999999723
2025-03-23,18:50-19:00,0.6622766666665711
2025-03-23,19:10-19:30,21.390586666666536
2025-03-23,19:50-20:00,17.92377666666664
2025-03-23,20:20-20:30,32.2205633333333
2025-03-23,20:50-21:00,30.622190000000046
2025-03-23,21:50-22:10,34.68541000000005
2025-03-23,22:30-22:50,20.39137666666693
2025-03-24,00:00-00:10,17.45551333333333
2025-03-24,01:50-02:00,4.669300000000021
2025-03-24,02:20-02:30,24.888130000000046
2025-03-24,02:50-03:10,18.409689999999728
2025-03-24,03:20-03:50,35.926709999999844
2025-03-24,04:10-04:30,14.029446666666672
2025-03-24,05:00-06:00,143.7561766666662
2025-03-24,06:20-06:40,17.862419999999815
2025-03-24,07:00-07:20,29.17786433333334
2025-03-24,07:40-08:00,43.52167999999989
2025-03-24,08:20-08:40,5.526879999999835
2025-03-24,11:40-11:50,0.5828200000001971
2025-03-24,12:20-12:30,26.924686666666673
2025-03-24,13:50-15:30,546.893347233333
2025-03-24,15:50-16:00,13.791606666666667
2025-03-24,16:20-16:40,10.290129999999976
2025-03-24,17:20-17:30,3.6442233333332297
2025-03-24,17:50-18:20,53.85233333333349
2025-03-24,22:50-23:10,71.41208333333316
2025-03-24,23:30-24:00,115.83195999999975
2025-03-25,00:10-00:30,2.0122499999999945
2025-03-25,00:50-01:00,28.889523333333273
2025-03-25,01:20-01:40,25.22767999999985
2025-03-25,01:50-02:20,41.8436366666665
2025-03-25,02:30-02:50,31.18984666666654
2025-03-25,03:00-03:20,43.92659666666657
2025-03-25,03:40-04:10,106.0802033333332
2025-03-25,05:10-07:10,214.34081666666629
2025-03-25,08:50-09:00,25.062989999999957
2025-03-25,09:30-11:10,967.6320900000004
2025-03-25,11:20-12:30,361.0830900000006
2025-03-25,14:40-17:00,308.5049700000002
2025-03-25,19:10-19:30,36.63289999999995
2025-03-25,19:50-20:30,44.377716666666515
2025-03-25,21:00-21:20,3.814529999999877
2025-03-25,22:30-22:50,63.752460000000156
2025-03-25,23:10-23:30,33.19300999999996
2025-03-25,23:50-24:00,4.7212533333333795
2025-03-26,00:20-00:40,20.59502999999995
2025-03-26,01:00-01:20,13.99554333333333
2025-03-26,01:30-01:50,26.318113333333258
2025-03-26,02:20-02:30,11.881269999999972
2025-03-26,03:00-03:10,1.4556599999999662
2025-03-26,03:30-04:00,45.731286666666506
2025-03-26,04:10-04:40,31.40766999999994
2025-03-26,05:20-05:50,76.75357333333329
2025-03-26,07:30-08:20,104.96519333333327
2025-03-26,08:40-08:50,6.933723333333319
2025-03-26,13:10-13:50,145.51969666666682
2025-03-26,17:50-18:00,12.11582999999996
2025-03-26,18:50-19:00,12.87019666666663
2025-03-26,19:20-19:30,1.2975033333332249
2025-03-26,20:00-20:20,6.1302999999998065
2025-03-26,21:30-21:40,1.926780000000008
2025-03-26,22:00-22:20,67.35328333333314
2025-03-26,23:20-23:50,37.436660000000074
2025-03-27,01:10-01:40,63.23231666666652
2025-03-27,01:50-03:00,206.77515666666648
2025-03-27,03:50-04:00,33.24737666666658
2025-03-27,04:20-05:10,119.87537333333319
2025-03-27,06:20-06:40,16.106653333333384
2025-03-27,07:50-08:20,46.7825866666667
2025-03-27,10:00-10:20,5.296468999999828
2025-03-27,10:30-11:00,190.1100133333333
2025-03-27,12:50-14:30,480.60729743333343
2025-03-27,15:30-17:10,378.2786966666664
2025-03-27,18:50-19:10,18.338863333333165
2025-03-27,19:40-20:00,17.383703333333187
2025-03-27,21:30-22:00,77.91874666666672
2025-03-27,22:40-23:30,58.9761933333333
2025-03-27,23:50-24:00,0.19197666666661917
2025-03-28,00:40-01:20,66.91624999999988
2025-03-28,01:30-02:40,113.69819333333322
2025-03-28,02:50-04:00,72.3606933333333
2025-03-28,05:20-05:40,44.10676666666666
2025-03-28,06:20-06:30,4.426310000000001
2025-03-28,07:00-07:50,257.7409596666665
2025-03-28,18:00-18:20,17.830216666666615
2025-03-28,19:10-19:30,26.254466666666644
2025-03-28,20:20-20:30,1.379733333333263
2025-03-28,21:00-21:30,53.54010333333321
2025-03-28,22:30-22:50,34.027860000000146
2025-03-28,23:30-24:00,60.408723333333285
2025-03-29,00:00-00:10,4.344073333333256
2025-03-29,00:40-01:30,70.83840999999995
2025-03-29,01:50-02:20,22.19679666666667
2025-03-29,02:40-03:10,42.55821333333313
2025-03-29,03:20-03:40,29.756669999999986
2025-03-29,04:00-05:40,178.08763999999974
2025-03-29,06:30-07:20,80.79839666666658
2025-03-29,16:00-16:50,199.8181899999999
2025-03-29,17:00-17:30,9.821099999999916
2025-03-29,18:00-18:20,16.04213999999996
2025-03-29,18:40-18:50,0.3228433333333669
2025-03-29,19:20-19:30,4.165146666666658
2025-03-29,19:50-20:10,52.25646999999992
2025-03-29,20:30-20:50,11.93972333333329
2025-03-29,22:20-22:30,9.205896666666831
2025-03-29,22:50-23:00,11.978896666666742
2025-03-29,23:50-24:00,6.688850000000002
2025-03-30,00:00-00:20,43.0949099999998
2025-03-30,00:30-00:40,0.7355199999999513
2025-03-30,01:30-02:20,148.5095633333333
2025-03-30,02:50-03:10,34.11376666666649
2025-03-30,03:30-04:30,170.17918333333319
2025-03-30,04:50-05:40,178.78499999999985
2025-03-30,06:00-06:20,29.019819999999754
2025-03-30,07:00-07:10,4.125113333333331
2025-03-30,08:40-09:10,59.29107333333306
2025-03-30,09:50-10:20,93.41201466666664
2025-03-30,11:40-12:00,28.542943333333596
2025-03-30,14:00-14:50,452.9542060000001
2025-03-30,15:50-16:00,2.7496300000000247
2025-03-30,18:10-18:30,29.13553333333323
2025-03-30,19:00-19:20,32.43693999999982
2025-03-30,20:30-20:40,5.889893333333362
2025-03-30,22:00-22:20,33.292679999999905
2025-03-30,22:40-22:50,0.902313333333268
2025-03-30,23:20-23:30,9.083030000000008
2025-03-30,23:50-24:00,6.160413333333281
2025-03-31,00:00-00:30,23.94692666666674
2025-03-31,00:40-01:00,43.56673999999998
2025-03-31,01:30-02:00,24.479853333333153
2025-03-31,02:20-02:30,8.472809999999868
2025-03-31,02:50-03:10,17.476603333333287
2025-03-31,04:00-04:10,9.274689999999964
2025-03-31,04:30-05:00,73.18799999999999
2025-03-31,05:20-06:00,146.97338333333346
2025-03-31,10:20-10:40,105.65657666666661
2025-03-31,11:30-15:20,2122.1426693333333
2025-03-31,15:30-15:50,91.02744999999999
2025-03-31,16:20-17:10,189.56556999999998
2025-03-31,17:20-17:40,6.126983333333328
2025-03-31,19:20-19:30,8.476219999999898
2025-03-31,20:00-20:20,14.909986666666555
2025-03-31,20:50-21:00,15.382396666666523
2025-03-31,21:20-21:30,10.409999999999968
2025-03-31,21:50-22:00,0.4048966666666729
2025-03-31,23:20-23:30,12.570529999999962
2025-04-01,00:00-00:20,11.458076666666784
2025-04-01,00:30-01:00,40.4836366666666
2025-04-01,01:10-01:30,35.0412033333331
2025-04-01,01:50-03:50,318.9394766666659
2025-04-01,04:20-05:50,279.02768666666645
2025-04-01,06:40-06:50,7.419573333333233
2025-04-01,09:10-10:10,342.04901396666673
2025-04-01,10:20-14:10,3467.516666333334
2025-04-01,14:30-14:50,112.52937166666679
2025-04-01,15:00-15:30,101.35089366666651
2025-04-01,15:50-16:30,82.82564999999977
2025-04-01,16:50-17:10,23.705406666666704
2025-04-01,17:30-18:00,73.79313000000002
2025-04-01,19:00-19:10,9.107396666666546
2025-04-01,19:30-19:40,2.9121333333332586
2025-04-01,20:00-20:20,70.93303000000003
2025-04-01,20:30-20:50,15.370946666666555
2025-04-01,21:30-21:50,53.57714999999996
2025-04-01,22:50-23:00,9.659296666666478
2025-04-01,23:50-24:00,5.3465666666667175
2025-04-02,00:00-00:50,42.88640666666652
2025-04-02,01:20-01:30,3.649059999999963
2025-04-02,02:00-02:20,27.79476999999997
2025-04-02,02:30-02:50,41.877226666666616
2025-04-02,03:10-06:40,496.89484333333246
2025-04-02,07:00-13:30,4689.221083599999
2025-04-02,13:50-14:00,1.6407333333334009
2025-04-02,14:20-14:30,15.890650999999892
2025-04-02,17:50-18:20,16.21538999999973
2025-04-02,19:20-19:50,49.81982666666647
2025-04-02,20:10-20:40,59.77452666666636
2025-04-02,23:00-23:20,30.01796666666678
2025-04-02,23:30-23:50,17.420380000000137
2025-04-03,00:10-00:30,15.518713333333494
2025-04-03,00:40-01:00,11.615516666666736
2025-04-03,01:20-01:40,31.250896666666563
2025-04-03,02:00-02:40,89.67962999999986
2025-04-03,03:00-03:20,40.02758333333327
2025-04-03,03:40-04:30,109.32509666666635
2025-04-03,04:50-05:30,112.92264333333321
2025-04-03,05:50-09:20,779.3787266666657
2025-04-03,13:40-14:30,223.25246499999972
2025-04-03,15:00-15:50,54.455846666666616
2025-04-03,16:00-16:30,47.36744666666664
2025-04-03,18:20-18:30,5.440446666666617
2025-04-03,18:50-19:20,37.3775233333331
2025-04-03,20:20-20:40,27.582419999999956
2025-04-03,22:40-23:00,13.295603333333247
2025-04-03,23:30-23:50,74.62067000000002
2025-04-04,00:10-00:30,22.269956666666644
2025-04-04,00:50-01:00,13.721316666666667
2025-04-04,01:20-01:40,33.56851333333327
2025-04-04,02:10-02:40,73.38790666666665
2025-04-04,03:30-04:50,220.53111
2025-04-04,05:10-05:40,33.71253333333334
2025-04-04,06:10-07:30,215.1322696666666
2025-04-04,18:20-18:40,18.333979999999997
2025-04-04,19:50-20:10,52.113549999999975
2025-04-04,22:40-23:00,39.73228
2025-04-05,00:20-00:40,34.012643333333244
2025-04-05,01:00-01:40,100.85430333333323
2025-04-05,02:10-02:30,46.85352666666654
2025-04-05,03:00-04:50,174.24595666666664
2025-04-05,05:20-05:50,35.6617866666665
2025-04-05,06:00-06:20,14.172049999999956
2025-04-05,06:40-07:00,8.225976666666668
2025-04-05,13:10-13:50,278.6828033333337
2025-04-05,14:10-14:50,385.72373333333326
2025-04-05,17:10-17:50,73.8787513333333
2025-04-05,19:30-19:50,27.462243333333333
2025-04-05,20:30-21:00,21.589669999999956
2025-04-05,21:50-22:10,14.972560000000158
2025-04-05,23:00-23:30,46.686046666666925
2025-04-06,01:00-01:20,3.5327466666666396
2025-04-06,01:40-02:00,34.00304666666659
2025-04-06,02:30-02:50,29.363843333333193
2025-04-06,03:00-03:20,8.27869666666652
2025-04-06,03:40-04:00,19.980386666666618
2025-04-06,04:10-05:10,163.9776866666665
2025-04-06,05:20-05:50,29.80077333333304
2025-04-06,06:30-07:00,75.1961966666666
2025-04-06,07:20-08:10,226.39143999999993
2025-04-06,08:40-08:50,12.60018333333332
2025-04-06,14:50-15:50,99.09494299999984
2025-04-06,17:20-17:30,5.418809999999894
2025-04-06,18:50-19:00,33.30332666666652
2025-04-06,19:20-19:30,0.3429166666666106
2025-04-06,19:50-20:10,17.702136666666775
2025-04-06,20:20-20:30,1.1261299999999892
2025-04-06,20:50-21:00,4.1515666666666675
2025-04-06,21:30-21:40,20.659350000000018
2025-04-06,23:30-23:40,5.798679999999877
2025-04-07,01:00-01:20,43.558033333333356
2025-04-07,02:30-04:40,257.14619999999957
2025-04-07,05:00-05:30,36.28183999999999
2025-04-07,07:00-07:10,10.53714999999994
2025-04-07,11:50-12:10,47.15294000000006
2025-04-07,12:20-13:30,365.05743666666683
2025-04-07,14:00-15:00,164.32020833333303
2025-04-07,20:00-20:20,22.607396666666546
2025-04-07,21:00-21:10,15.587353333333226
2025-04-07,21:40-21:50,18.940933333333305
2025-04-07,22:00-22:20,12.570253333333312
2025-04-07,22:40-23:30,59.63474000000042
2025-04-08,00:00-00:10,10.891180000000077
2025-04-08,00:50-01:00,12.850649999999973
2025-04-08,01:40-02:00,13.7985299999998
2025-04-08,02:30-02:40,15.131793333333235
2025-04-08,03:10-03:40,31.89598666666666
2025-04-08,04:10-04:50,61.681669999999826
2025-04-08,05:00-05:10,10.581593333333217
2025-04-08,05:40-07:50,491.38901999999916
2025-04-08,08:00-08:50,236.09511666666643
2025-04-08,09:20-09:40,50.67146633333343
2025-04-08,10:20-10:30,20.73831666666669
2025-04-08,14:00-14:20,38.71992633333342
2025-04-08,15:40-16:10,25.817166666666537
2025-04-08,16:30-17:40,252.39852333333295
2025-04-08,17:50-19:00,40.2012766666663
2025-04-08,19:50-20:00,24.346249999999827
2025-04-08,20:20-20:40,20.296056666666573
2025-04-08,21:00-21:20,11.447583333333114
2025-04-08,22:10-22:30,6.7533933333332925
2025-04-08,22:40-23:30,50.6537900000003
2025-04-08,23:40-24:00,27.836323333333326
2025-04-09,00:20-00:40,24.617046666666624
2025-04-09,01:10-01:30,46.49642666666659
2025-04-09,02:30-03:00,16.892809999999827
2025-04-09,03:40-04:50,143.21357999999998
2025-04-09,06:10-08:00,355.51407333333276
2025-04-09,09:00-09:40,76.21888100999993
2025-04-09,10:10-16:30,3245.4665061000014
2025-04-09,18:10-18:20,25.015873333333275
2025-04-09,20:40-20:50,12.483010000000036
2025-04-09,21:50-22:00,29.584663333333538
2025-04-09,22:20-22:40,51.21616000000017
2025-04-09,23:30-23:50,23.215766666666354
2025-04-10,00:30-01:00,53.359283333333224
2025-04-10,01:20-01:50,34.170449999999846
2025-04-10,03:00-03:50,85.74447999999973
2025-04-10,04:10-05:30,101.63894999999968
2025-04-10,06:00-06:50,84.25169666666665
2025-04-10,07:00-07:20,74.67254666666662
2025-04-10,09:00-10:30,619.7330360000005
2025-04-10,14:20-14:30,25.754141333333315
2025-04-10,15:50-17:30,341.29352333333316
2025-04-10,17:50-18:10,25.111150000000066
2025-04-10,19:00-19:20,30.3529833333331
2025-04-10,20:40-20:50,5.118933333333189
2025-04-10,21:30-22:00,50.07985999999994
2025-04-10,23:20-23:30,11.899383333333276
2025-04-11,00:20-00:40,4.7620333333333065
2025-04-11,01:00-01:30,92.28678666666661
2025-04-11,03:10-04:30,145.76785999999987
2025-04-11,04:50-06:40,259.48161000000005
2025-04-11,16:30-16:40,0.42508999999994046
2025-04-11,18:30-19:40,123.37318999999997
2025-04-11,21:10-21:30,3.209603333333291
2025-04-11,21:50-22:40,78.88198666666682
2025-04-11,23:00-23:20,44.58134999999993
2025-04-11,23:40-23:50,4.55582000000004
2025-04-12,00:30-00:50,40.09535999999997
2025-04-12,01:40-01:50,8.064813333333348
2025-04-12,03:00-03:50,90.91105333333331
2025-04-12,05:20-05:30,14.015780000000007
2025-04-12,05:50-06:00,3.8248099999999567
2025-04-12,12:10-12:50,304.49671333333356
2025-04-12,13:00-14:10,273.5726066666666
2025-04-12,14:30-15:00,54.349693333333505
2025-04-12,16:30-16:50,68.71705333333335
2025-04-12,17:40-18:00,75.56552533333324
2025-04-12,20:10-20:20,1.4099233333333245
2025-04-12,22:40-22:50,15.075530000000072
2025-04-12,23:00-23:10,2.063136666666651
2025-04-13,00:50-01:00,4.494683333333228
2025-04-13,02:20-02:40,62.285633333333294
2025-04-13,04:20-04:40,7.291629999999941
2025-04-13,05:00-05:20,55.494643333333215
2025-04-13,05:40-07:20,260.0318666666662
2025-04-13,08:00-08:20,26.45330333333328
2025-04-13,08:50-10:20,194.19727609999993
2025-04-13,10:30-10:50,67.88885666666678
2025-04-13,11:20-11:40,73.4080466666667
2025-04-13,12:30-12:50,15.68989666666647
2025-04-13,13:00-13:30,81.93233666666674
2025-04-13,16:10-17:30,211.8774199999998
2025-04-13,19:10-19:30,33.518209999999954
2025-04-13,20:00-20:10,8.011883333333344
2025-04-13,20:30-21:20,70.54199999999958
2025-04-13,21:50-22:00,2.3107966666668744
2025-04-13,22:40-23:00,18.801960000000236
2025-04-14,00:30-00:50,84.23131333333322
2025-04-14,01:00-01:40,47.65581666666651
2025-04-14,02:00-03:10,104.15535999999975
2025-04-14,03:30-04:20,54.20912999999973
2025-04-14,04:30-05:10,94.46019999999987
2025-04-14,05:30-06:10,78.15966666666668
2025-04-14,06:40-07:50,232.11519333333294
2025-04-14,08:20-08:30,9.44528333333335
2025-04-14,09:00-09:10,3.3739900000000205
2025-04-14,10:30-10:50,49.26479000000006
2025-04-14,12:00-12:30,158.10076000000015
2025-04-14,14:00-14:20,37.26929866666666
2025-04-14,18:30-18:50,61.84008366666657
2025-04-14,19:00-19:20,10.28627999999992
2025-04-14,19:30-19:50,33.98652333333325
2025-04-14,20:30-20:40,13.282809999999927
2025-04-14,21:30-21:50,20.803843333333248
2025-04-14,22:10-22:20,6.42545333333328
2025-04-14,23:00-23:20,12.52783333333332
2025-04-15,01:10-01:30,27.174306666666666
2025-04-15,02:20-02:30,23.842396666666673
2025-04-15,03:00-03:20,10.745913333333192
2025-04-15,03:50-04:00,7.575833333333321
2025-04-15,05:20-05:40,7.474579999999719
2025-04-15,06:40-07:00,20.54941333333329
2025-04-15,07:30-07:50,32.29400000000001
2025-04-15,12:50-15:50,596.649872
2025-04-15,16:50-17:00,3.155036666666547
2025-04-15,19:10-19:20,2.2144866666665166
2025-04-15,19:30-20:00,33.75394000000006
2025-04-15,20:30-20:50,7.230806666666581
2025-04-15,21:00-21:10,6.700760000000059
2025-04-15,21:30-21:50,31.63103666666666
2025-04-15,22:50-23:00,4.50066333333325
2025-04-16,00:40-01:10,65.79284333333317
2025-04-16,01:20-02:00,69.61642333333327
2025-04-16,02:20-02:40,29.02940999999987
2025-04-16,03:40-04:10,69.24131333333321
2025-04-16,04:50-05:20,31.800923333333344
2025-04-16,05:50-06:00,3.2584466666664866
2025-04-16,06:50-07:20,108.05596333333335
2025-04-16,07:30-07:50,77.2515333333333
2025-04-16,08:10-09:00,190.74177300000002
2025-04-16,09:30-10:40,452.6008996666666
2025-04-16,11:00-11:20,122.64719666666676
2025-04-16,11:30-12:50,508.5229266666667
2025-04-16,13:30-14:00,43.614070000000055
2025-04-16,14:30-15:40,190.9917171999997
2025-04-16,16:00-16:20,28.055903333333333
2025-04-16,18:30-19:00,36.823943333333204
2025-04-16,21:00-21:20,26.977259999999887
2025-04-16,21:30-21:40,0.8052866666666887
2025-04-16,22:40-23:00,31.78982666666684
2025-04-16,23:30-23:50,24.33696333333353
2025-04-17,00:40-01:10,29.306603333333214
2025-04-17,01:30-01:50,6.023566666666625
2025-04-17,02:10-02:30,5.868003333333263
2025-04-17,02:50-03:00,23.573226666666642
2025-04-17,03:20-03:30,4.218773333333274
2025-04-17,03:50-04:00,16.318963333333272
2025-04-17,05:30-05:40,13.385313333333215
2025-04-17,06:30-06:50,8.436599999999885
2025-04-17,07:00-08:40,305.5359833333333
2025-04-17,10:30-11:10,122.41537000000008
2025-04-17,13:00-13:30,62.758963333333185
2025-04-17,14:00-14:50,209.27490449999993
2025-04-17,16:10-16:50,65.27154999999999
2025-04-17,17:00-17:20,23.54352999999992
2025-04-17,17:50-18:10,19.858653333333223
2025-04-17,19:20-19:30,2.6921599999999444
2025-04-17,19:50-20:00,10.773436666666612
2025-04-17,20:20-20:30,3.746436666666682
2025-04-17,21:20-21:30,2.6509366666666665
2025-04-17,22:50-23:00,3.6878166666665493
2025-04-18,00:00-00:20,10.730093333333286
2025-04-18,01:00-01:10,0.47709999999995034
2025-04-18,01:50-03:00,141.52785666666648
2025-04-18,03:20-03:30,16.0891933333333
2025-04-18,04:00-05:00,58.10240999999991
2025-04-18,06:20-06:30,0.6694566666666049
2025-04-18,12:20-12:30,3.6950700000001007
2025-04-18,14:50-15:30,172.94413999999995
2025-04-18,18:20-18:40,41.26101333333327
2025-04-18,20:40-20:50,1.8208066666666696
2025-04-18,21:40-21:50,11.064863333333335
2025-04-18,23:00-23:10,23.474933333333297
2025-04-19,00:00-00:20,29.101699999999994
2025-04-19,00:50-01:00,1.2694833333333122
2025-04-19,01:50-02:30,108.49619999999999
2025-04-19,03:30-03:50,24.0273866666667
2025-04-19,04:00-04:10,12.37612999999999
2025-04-19,05:20-05:40,18.625969999999995
2025-04-19,06:20-06:30,11.455706666666629
2025-04-19,06:50-07:30,92.03427733333329
2025-04-19,18:50-19:20,43.8738433333333
2025-04-19,22:00-22:20,63.093420000000094
2025-04-19,23:40-23:50,5.481966666666722
2025-04-20,00:30-00:40,12.751416666666614
2025-04-20,01:10-01:20,14.032936666666615
2025-04-20,02:10-02:30,27.54504666666662
2025-04-20,03:40-04:10,20.45785333333322
2025-04-20,04:40-05:00,59.51182666666671
2025-04-20,05:20-05:40,31.30006666666668
2025-04-20,06:10-06:40,39.70581999999985
2025-04-20,07:20-09:40,643.8573097666665
2025-04-20,12:10-12:40,52.20894666666675
2025-04-20,13:50-14:30,258.19515700000005
2025-04-20,16:20-17:20,121.70271999999966
2025-04-20,17:40-18:00,3.177223333333245
2025-04-20,23:00-23:20,12.217066666666597
2025-04-20,23:50-24:00,26.597710000000006
2025-04-21,00:20-01:00,50.27381666666656
2025-04-21,01:10-01:40,30.48695999999984
2025-04-21,02:30-02:50,23.902329999999893
2025-04-21,03:00-03:40,83.88597999999979
2025-04-21,04:00-04:20,36.39495333333309
2025-04-21,04:30-05:40,133.83529333333297
2025-04-21,06:00-06:40,73.00562333333318
2025-04-21,08:00-08:20,25.70884999999987
2025-04-21,10:00-10:20,5.162443333333272
2025-04-21,11:20-11:30,8.30495666666667
2025-04-21,18:00-18:10,12.63493666666659
2025-04-21,18:40-19:00,7.810949666666701
2025-04-21,20:00-20:40,54.35830666666641
2025-04-21,21:00-21:30,27.170900000000074
2025-04-21,22:00-22:10,2.326029999999946
2025-04-21,22:30-23:00,79.1690233333336
2025-04-22,00:30-00:50,38.3270266666666
2025-04-22,01:40-01:50,5.916996666666591
2025-04-22,02:50-03:00,1.53358999999989
2025-04-22,03:20-03:50,64.69627333333335
2025-04-22,04:10-04:30,21.02486999999985
2025-04-22,04:50-05:10,66.0051833333332
2025-04-22,05:50-06:20,19.204206666666437
2025-04-22,06:50-07:50,205.7420499999999
2025-04-22,11:40-13:00,528.9642400000005
2025-04-22,13:20-13:50,46.17180666666661
2025-04-22,14:00-15:30,362.01282476666665
2025-04-22,18:20-18:40,31.857243333333372
2025-04-22,21:20-21:50,55.317616666666595
2025-04-22,22:10-22:30,7.516493333333301
2025-04-22,23:10-23:20,3.610429999999951
2025-04-22,23:40-24:00,42.05165999999997
2025-04-23,00:00-01:10,144.16567333333285
2025-04-23,01:40-02:20,31.296109999999885
2025-04-23,02:50-03:00,0.20708333333334394
2025-04-23,03:20-03:40,26.77979333333326
2025-04-23,04:10-04:20,7.4760533333333115
2025-04-23,05:00-05:20,27.88041333333331
2025-04-23,05:30-05:50,42.82508999999985
2025-04-23,06:00-06:20,5.569686666666598
2025-04-23,07:00-07:30,99.94269
2025-04-23,07:50-08:00,7.394503333333432
2025-04-23,08:30-08:40,21.598863333333185
2025-04-23,11:10-14:30,515.8250320000003
2025-04-23,18:20-18:40,25.974179999999933
2025-04-23,19:50-20:10,16.56077333333303
2025-04-23,21:10-21:50,41.50324666666654
2025-04-23,22:50-23:00,0.7070299999998042
2025-04-23,23:50-24:00,0.14332999999999174
2025-04-24,00:00-00:10,12.388413333333574
2025-04-24,00:30-00:50,16.42000666666661
2025-04-24,01:00-01:20,14.927893333333259
2025-04-24,01:50-02:10,9.375429999999824
2025-04-24,02:50-03:00,0.27374999999995
2025-04-24,03:20-03:40,19.341396666666697
2025-04-24,05:20-05:50,33.24920499999988
2025-04-24,06:00-06:40,95.31377999999978
2025-04-24,10:00-10:10,2.2479533333334416
2025-04-24,17:00-17:20,14.97370333333322
2025-04-24,17:30-17:50,21.944449999999847
2025-04-24,18:10-18:30,39.90444999999988
2025-04-24,19:30-19:40,8.479360000000042
2025-04-24,20:20-20:30,9.657916666666665
2025-04-24,21:10-21:40,35.29507999999976
2025-04-24,23:50-24:00,10.755100000000027
2025-04-25,00:30-00:50,45.028549999999996
2025-04-25,01:20-01:30,6.773539999999969
2025-04-25,04:00-04:20,38.16384666666664
2025-04-25,04:50-05:00,11.886463333333324
2025-04-25,06:30-06:50,23.935427666666627
2025-04-25,12:50-13:10,107.46639666666692
2025-04-25,18:30-18:50,37.22357666666659
2025-04-25,19:20-19:30,1.2175033333332976
2025-04-25,20:00-20:30,27.34365333333335
2025-04-25,20:50-21:00,1.5301333333333105
2025-04-25,21:30-21:50,7.244776666666667
2025-04-25,22:00-22:10,11.911013333333358
2025-04-25,22:40-23:00,27.630773333333252
2025-04-25,23:30-23:50,25.49933666666658
2025-04-26,00:30-01:20,45.356693333333226
2025-04-26,01:50-02:00,1.4944266666666408
2025-04-26,02:30-02:50,29.940426666666667
2025-04-26,03:10-03:20,3.715499999999963
2025-04-26,04:20-04:30,28.091979999999978
2025-04-26,05:00-05:20,35.24881333333332
2025-04-26,05:40-06:10,74.67900999999989
2025-04-26,13:10-13:20,8.495263333333355
2025-04-26,13:50-14:20,143.25590333333344
2025-04-26,14:50-15:50,223.44446000000002
2025-04-26,16:20-17:20,131.17571866666665
2025-04-26,17:30-17:40,14.498843333333326
2025-04-26,18:20-19:00,90.06473333333321
2025-04-26,19:30-19:40,7.147919999999999
2025-04-26,20:50-21:00,15.28464333333335
2025-04-26,22:20-22:40,39.80087666666668
2025-04-26,22:50-23:00,1.7505966666667518
2025-04-26,23:30-23:50,5.567919999999958
2025-04-27,00:20-00:50,90.68339333333313
2025-04-27,01:00-01:20,8.354543333333254
2025-04-27,03:20-04:00,83.93857333333301
2025-04-27,05:50-06:00,23.18353999999988
2025-04-27,06:20-06:40,49.14901666666651
2025-04-27,06:50-07:50,211.83305999999996
2025-04-27,08:00-08:30,195.3685700000001
2025-04-27,08:40-09:10,48.902679633333385
2025-04-27,10:40-10:50,4.642056666666633
2025-04-27,13:00-13:10,1.9143766666665556
2025-04-27,13:40-13:50,4.993773333333223
2025-04-27,14:50-17:30,832.4294136666663
2025-04-27,17:50-18:10,51.17025666666666
2025-04-27,18:40-18:50,10.34629666666666
2025-04-27,19:30-19:50,18.15133333333324
2025-04-27,21:10-21:20,5.880440000000021
2025-04-27,22:20-22:30,0.8031966666667358
2025-04-27,23:00-23:20,35.433520000000044
2025-04-27,23:50-24:00,28.497916666666583
2025-04-28,00:00-00:10,6.077836666666599
2025-04-28,00:30-01:10,31.811846666666383
2025-04-28,01:40-02:00,66.00847666666652
2025-04-28,02:50-03:00,8.43500333333327
2025-04-28,03:20-03:30,11.22999666666658
2025-04-28,03:50-04:00,2.113336666666669
2025-04-28,04:20-04:40,22.563493333333213
2025-04-28,05:50-06:00,12.519173333333242
2025-04-28,06:50-07:10,21.158473333333234
2025-04-28,07:20-07:30,0.27432666666666705
2025-04-28,07:50-08:00,15.449846666666701
2025-04-28,08:10-16:20,6901.23940177
2025-04-28,16:40-17:10,55.75191333333339
2025-04-28,17:20-18:00,44.30975999999987
2025-04-28,19:00-19:10,5.4116599999999835
2025-04-28,20:40-21:00,49.377666666666755
2025-04-28,21:50-22:20,15.880453333333321
2025-04-29,00:30-00:40,5.121013333333394
2025-04-29,02:40-02:50,0.5813833333332923
2025-04-29,03:40-04:00,20.099196666666558
2025-04-29,11:20-11:30,5.054483333333167
2025-04-29,11:50-12:00,4.996626666666884
2025-04-29,14:40-17:10,831.1348737899996
2025-04-29,18:00-18:10,2.9609133333333375
2025-04-29,18:30-18:40,3.2711199999999963
2025-04-29,19:10-19:20,3.5441566666667086
2025-04-29,20:10-20:30,25.321563333333188
2025-04-29,22:20-22:40,6.635009999999966
2025-04-29,23:30-23:40,6.362329999999929
2025-04-30,01:10-01:20,12.23229666666657
2025-04-30,02:10-02:40,83.90862333333325
2025-04-30,06:00-06:20,42.03091333333339
2025-04-30,06:30-07:30,146.0036699999998
2025-04-30,10:10-13:00,1407.919926666667
2025-04-30,19:10-19:30,19.69347999999991
2025-04-30,19:50-20:10,4.137753333333308
2025-04-30,20:40-21:20,82.27082333333317
2025-04-30,22:10-22:20,3.341479999999933
2025-04-30,23:40-24:00,65.32483666666667
2025-05-01,00:00-00:10,18.194543333333513
2025-05-01,00:20-00:40,2.6924433333332445
2025-05-01,02:10-02:30,23.817439999999806
2025-05-01,03:10-04:10,78.67764666666619
2025-05-01,04:20-04:40,42.44868333333318
2025-05-01,05:10-05:20,9.764473333333285
2025-05-01,06:00-09:30,904.7509480999995
2025-05-01,13:20-13:30,0.19189000000005763
2025-05-01,14:40-15:00,33.40465266666676
2025-05-01,15:20-15:30,15.90992666666665
2025-05-01,15:50-16:10,45.76555333333317
2025-05-01,16:20-18:50,896.0906133333327
2025-05-01,19:00-24:00,1602.7160966666663
2025-05-02,00:00-00:10,8.26580666666672
2025-05-02,01:30-01:50,21.27345666666662
2025-05-02,02:50-03:00,20.090520000000026
2025-05-02,03:30-03:40,1.631123333333278
2025-05-02,04:20-04:40,30.20407333333327
2025-05-02,04:50-05:30,38.07530666666656
2025-05-02,05:50-07:30,389.16242299999993
2025-05-02,12:30-15:30,2626.259073333334
2025-05-02,16:10-23:20,2483.9352173333327
2025-05-02,23:30-24:00,123.78357999999992
2025-05-03,00:30-00:40,1.313980000000015
2025-05-03,01:10-02:00,131.06582666666645
2025-05-03,03:50-04:00,13.809789999999964
2025-05-03,04:20-04:30,13.115666666666641
2025-05-03,04:50-05:10,5.1626999999999725
2025-05-03,05:40-06:00,18.761030000000005
2025-05-03,06:30-07:20,111.2844753333334
2025-05-03,12:00-12:10,28.14721333333341
2025-05-03,12:20-12:30,55.95640999999989
2025-05-03,12:50-13:00,22.98748000000012
2025-05-03,13:20-14:10,196.07517666666683
2025-05-03,16:10-16:30,37.63033433333336
2025-05-03,16:50-17:40,149.82784766666663
2025-05-03,18:10-22:00,1460.0369666666659
2025-05-03,22:10-22:40,91.86404666666675
2025-05-03,22:50-24:00,123.89545333333353
2025-05-04,00:00-01:20,167.21937666666702
2025-05-04,01:50-02:00,0.5681999999999334
2025-05-04,02:50-03:20,54.59054333333313
2025-05-04,04:00-04:20,34.90984666666657
2025-05-04,05:00-05:20,21.16854999999987
2025-05-04,05:30-05:50,14.347816666666517
2025-05-04,11:00-11:40,118.7573133333334
2025-05-04,12:10-13:30,381.91936666666675
2025-05-04,16:40-18:20,237.80692999999985
2025-05-04,18:30-23:50,1685.4431166666664
2025-05-05,00:00-00:30,121.8498066666665
2025-05-05,00:50-01:00,17.172706666666727
2025-05-05,02:00-02:20,92.94163999999978
2025-05-05,03:50-04:00,8.636729999999943
2025-05-05,04:50-05:00,17.785516666666695
2025-05-05,05:20-05:40,15.191009999999778
2025-05-05,06:00-10:30,1780.0418479999994
2025-05-05,12:50-13:20,97.52571333333347
2025-05-05,13:30-13:50,183.85353000000003
2025-05-05,16:30-17:50,569.0468266666666
2025-05-05,18:00-22:50,1306.9277899999995
2025-05-05,23:00-23:50,157.39840000000004
2025-05-06,00:20-01:20,128.72675999999956
2025-05-06,02:00-02:40,56.89590666666663
2025-05-06,03:00-03:30,41.70814666666661
2025-05-06,04:00-04:50,152.02069666666648
2025-05-06,05:00-05:20,15.144496666666441
2025-05-06,06:00-06:20,37.84511999999995
2025-05-06,06:30-06:50,63.76983666666666
2025-05-06,07:10-08:40,718.2687266666667
2025-05-06,09:00-10:20,732.8185966666667
2025-05-06,16:30-23:30,1895.1023933333324
2025-05-06,23:40-24:00,20.68100333333325
2025-05-07,00:20-01:00,101.48707333333323
2025-05-07,02:20-02:40,7.230159999999955
2025-05-07,02:50-03:10,7.428869999999961
2025-05-07,05:00-05:20,47.132906666666486
2025-05-07,06:30-07:30,138.64015666666643
2025-05-07,08:20-08:30,5.692869999999914
2025-05-07,08:40-09:30,211.64527550000003
2025-05-07,10:20-10:30,46.85658666666666
2025-05-07,10:50-11:10,36.05804000000006
2025-05-07,14:10-16:00,511.8697216666666
2025-05-07,16:10-18:20,913.3092266666664
2025-05-07,18:30-23:20,1432.3117866666662
2025-05-07,23:50-24:00,12.08865000000003
2025-05-08,00:00-00:30,82.99988333333317
2025-05-08,02:30-02:50,14.663023333333285
2025-05-08,03:00-03:20,7.6665400000000545
2025-05-08,04:50-05:20,87.03387666666652
2025-05-08,09:10-09:30,39.27458316666661
2025-05-08,10:20-11:30,469.73391666666686
2025-05-08,11:50-13:10,450.0303566666669
2025-05-08,13:30-15:50,645.059776666667
2025-05-08,17:40-18:00,110.2712866666667
2025-05-08,18:30-20:40,558.9839699999995
2025-05-08,20:50-22:50,417.20603333333304
2025-05-08,23:00-23:10,1.9018566666666175
2025-05-08,23:30-24:00,90.80414999999988
2025-05-09,00:00-00:10,10.021503333333328
2025-05-09,00:30-01:10,111.01811666666651
2025-05-09,01:40-01:50,12.743483333333302
2025-05-09,02:30-03:10,49.71052666666651
2025-05-09,06:10-06:20,2.8633333333333155
2025-05-09,06:30-06:40,2.3426266666666606
2025-05-09,07:00-07:30,71.09900633333334
2025-05-09,16:50-17:40,224.1376410000001
2025-05-09,18:00-18:20,61.90285666666648
2025-05-09,18:30-18:50,13.030099999999834
2025-05-09,19:00-19:30,99.1842400000001
2025-05-09,19:40-22:10,596.6628666666663
2025-05-10,01:10-01:20,1.0680633333332707
2025-05-10,01:50-02:00,2.4481700000000046
2025-05-10,02:20-02:30,4.148746666666625
2025-05-10,02:50-03:20,35.43795333333327
2025-05-10,04:00-04:20,36.882236666666586
2025-05-10,05:20-05:40,29.99816666666686
2025-05-10,07:30-07:50,25.89413333333338
2025-05-10,12:40-14:20,746.6864366666672
2025-05-10,14:30-14:40,3.644583333333344
2025-05-10,16:10-17:00,183.69458466666669
2025-05-10,17:50-19:00,183.96116999999975
2025-05-10,19:20-23:30,942.3973799999999
2025-05-11,00:50-01:00,18.761529999999993
2025-05-11,01:20-01:40,43.22199333333322
2025-05-11,01:50-02:20,56.38064666666662
2025-05-11,02:30-02:50,28.444473333333235
2025-05-11,03:10-03:30,14.642846666666628
2025-05-11,03:50-04:00,17.892979999999966
2025-05-11,04:20-04:50,36.321579999999926
2025-05-11,05:00-05:10,5.82689333333326
2025-05-11,09:30-10:20,323.71537000000006
2025-05-11,10:40-12:10,413.5944899999999
2025-05-11,13:50-16:00,448.5974141333331
2025-05-11,17:00-17:20,31.726873333333174
2025-05-11,17:30-17:50,65.77385000000004
2025-05-11,18:00-19:40,602.0418533333328
2025-05-11,19:50-22:00,298.92834999999957
2025-05-11,22:10-22:30,62.06142333333321
2025-05-11,22:50-24:00,214.4484266666667
2025-05-12,00:50-01:00,9.108609999999885
2025-05-12,01:30-01:50,59.62535999999977
2025-05-12,02:20-02:30,5.996149999999943
2025-05-12,02:50-03:20,42.418116666666606
2025-05-12,04:20-04:30,8.155493333333197
2025-05-12,05:50-06:00,0.45021666666673354
2025-05-12,11:30-13:10,1047.8473533333336
2025-05-12,16:00-18:40,606.2838866666663
2025-05-12,18:50-19:40,239.8445033333329
2025-05-12,20:00-20:30,35.002266666666515
2025-05-12,20:40-21:10,110.49077666666653
2025-05-12,21:40-22:30,79.71869333333325
2025-05-12,22:50-23:00,24.520996666666633
2025-05-12,23:20-23:30,0.699730000000045
2025-05-13,00:50-01:10,35.49209333333329
2025-05-13,04:10-04:30,41.63563666666664
2025-05-13,05:40-06:00,43.07348999999999
2025-05-13,07:00-07:20,29.476396666666574
2025-05-13,08:10-08:30,32.02544333333333
2025-05-13,10:20-10:40,40.675446666666716
2025-05-13,11:40-12:00,179.88852333333358
2025-05-13,16:00-16:30,27.027063333333388
2025-05-13,17:20-18:00,67.45568666666657
2025-05-13,18:50-21:30,509.16430666666577
2025-05-13,22:30-23:30,55.44215333333386
2025-05-14,03:20-04:00,59.511416666666605
2025-05-14,04:30-05:00,38.84397999999999
2025-05-14,05:50-06:00,14.140573333333236
2025-05-14,06:10-06:50,147.5098433333331
2025-05-14,11:00-11:30,22.181329999999946
2025-05-14,17:00-19:10,467.5357899999992
2025-05-14,19:40-20:50,195.74093666666647
2025-05-14,21:10-22:10,121.32458666666662
2025-05-14,22:30-22:50,73.40179333333367
2025-05-14,23:00-23:20,41.09243333333302
2025-05-14,23:30-23:50,33.68716333333339
2025-05-15,01:50-02:00,31.38041333333331
2025-05-15,02:30-03:00,30.728139999999712
2025-05-15,04:20-04:50,33.518143333333114
2025-05-15,05:50-06:10,39.53743666666651
2025-05-15,06:20-06:30,8.634749999999883
2025-05-15,06:50-07:50,267.2791033333333
2025-05-15,14:20-14:30,13.328526833333454
2025-05-15,14:50-15:30,97.01286899999994
2025-05-15,15:50-16:50,408.99531333333334
2025-05-15,17:10-17:40,71.31828666666661
2025-05-15,18:40-19:00,44.79677666666646
2025-05-15,20:50-21:30,101.71629333333294
2025-05-15,21:50-22:30,126.64192666666668
2025-05-15,23:10-23:20,4.240603333333297
2025-05-16,00:10-00:40,58.891299587999924
2025-05-16,01:20-01:40,12.061856666666642
2025-05-16,05:00-05:10,5.252803333333304
2025-05-16,05:50-06:10,21.307679999999948
2025-05-16,17:30-17:40,22.83753333333331
2025-05-16,18:10-18:50,61.71308999999991
2025-05-16,20:10-20:30,60.48106333333317
2025-05-16,21:00-22:00,274.8260766666665
2025-05-16,22:20-22:30,9.459079999999972
2025-05-16,22:40-24:00,190.54077333333322
2025-05-17,00:00-00:30,23.181043333333264
2025-05-17,01:30-01:40,11.021509999999921
2025-05-17,02:10-02:20,8.386893333333319
2025-05-17,03:20-03:50,76.70504999999991
2025-05-17,04:50-05:10,9.095729999999946
2025-05-17,12:10-12:20,5.780699999999911
2025-05-17,13:00-15:10,996.234216666667
2025-05-17,16:30-17:20,270.7014376666666
2025-05-17,17:30-17:40,3.8202500000000157
2025-05-17,18:00-18:50,151.97715999999969
2025-05-17,19:20-19:50,158.09769999999992
2025-05-17,20:10-20:50,130.35090333333315
2025-05-17,21:50-22:10,26.513543333333473
2025-05-17,22:30-23:00,112.0896066666669
2025-05-17,23:20-24:00,13.841246666666734
2025-05-18,00:20-00:30,9.06510333333324
2025-05-18,01:20-01:50,73.32642999999985
2025-05-18,02:00-02:30,50.35349999999971
2025-05-18,02:50-03:10,26.459016666666457
2025-05-18,03:30-04:00,32.134786666666514
2025-05-18,04:10-04:30,19.345719999999915
2025-05-18,05:30-06:00,25.68992333333324
2025-05-18,06:20-07:00,67.2791499999999
2025-05-18,07:20-08:50,615.8644306666664
2025-05-18,11:40-13:00,712.5812433333335
2025-05-18,17:30-18:20,68.04306333333295
2025-05-18,19:40-19:50,11.118526666666526
2025-05-18,20:20-20:40,78.61056999999994
2025-05-18,21:00-21:20,68.97037333333321
2025-05-18,21:30-21:40,1.089843333333306
2025-05-18,22:00-22:30,67.14249666666672
2025-05-18,23:00-23:20,35.58235000000013
2025-05-19,01:50-02:00,4.2190333333333
2025-05-19,03:00-03:10,2.8852066666665905
2025-05-19,06:10-06:30,32.50130333333334
2025-05-19,07:50-08:10,45.463179999999966
2025-05-19,09:10-09:20,38.22574799999993
2025-05-19,09:50-10:00,14.20177000000001
2025-05-19,10:30-10:40,49.358019999999925
2025-05-19,15:50-16:10,20.09467333333339
2025-05-19,16:20-16:30,1.3847933333333913
2025-05-19,17:40-18:10,47.2760866666664
2025-05-19,19:00-19:20,29.08418999999992
2025-05-19,19:30-19:50,29.83773999999994
2025-05-19,20:10-20:40,214.30183999999997
2025-05-19,21:10-21:40,63.720419999999876
2025-05-19,22:00-22:20,3.3916100000000142
2025-05-19,23:10-23:30,24.893159999999853
2025-05-19,23:40-24:00,19.488273333333154
2025-05-20,00:00-00:30,26.459726666666825
2025-05-20,02:20-02:30,5.115099999999984
2025-05-20,06:20-06:50,29.11700000000002
2025-05-20,07:10-07:30,21.30104000000003
2025-05-20,08:30-08:50,44.60545166666665
2025-05-20,11:30-14:20,1166.7904216666668
2025-05-20,14:30-15:00,48.55115773333328
2025-05-20,15:10-15:50,199.6028366666666
2025-05-20,17:40-18:20,59.868449999999825
2025-05-20,18:40-19:00,96.35437999999999
2025-05-20,19:20-19:40,69.28472999999997
2025-05-20,20:00-20:20,58.684239999999996
2025-05-20,20:40-21:00,26.3601033333332
2025-05-20,21:30-21:50,24.364886666666507
2025-05-20,22:00-22:20,40.8619566666664
2025-05-20,22:40-22:50,26.911679999999933
2025-05-20,23:20-23:50,52.2521899999997
2025-05-21,02:40-03:00,80.1554533333333
2025-05-21,04:30-04:50,24.295573333333323
2025-05-21,08:40-09:10,36.79636366666658
2025-05-21,09:30-10:50,445.33830966666676
2025-05-21,14:40-16:20,559.1093509999998
2025-05-21,16:50-17:10,7.986886666666578
2025-05-21,17:50-18:00,10.615509999999972
2025-05-21,18:10-18:40,53.44620333333296
2025-05-21,19:20-19:50,67.62891666666667
2025-05-21,20:30-21:10,87.16131999999982
2025-05-21,21:30-21:50,17.670423333333247
2025-05-21,22:20-22:40,33.79304333333357
2025-05-21,22:50-23:00,15.053663333333134
2025-05-21,23:20-23:50,130.6416300000002
2025-05-22,01:00-01:20,13.98324666666656
2025-05-22,03:00-03:10,0.17332666666663954
2025-05-22,04:00-04:10,14.283599999999979
2025-05-22,04:30-04:40,6.481333333333396
2025-05-22,05:30-05:50,43.39649333333318
2025-05-22,06:40-07:00,45.52769999999987
2025-05-22,08:50-09:00,14.59928933333331
2025-05-22,09:50-10:10,67.58563333333339
2025-05-22,16:00-16:30,86.01187333333326
2025-05-22,16:50-17:00,9.653493333333358
2025-05-22,18:00-18:30,75.86337666666657
2025-05-22,20:20-20:30,4.127183333333278
2025-05-22,22:20-22:40,18.553183333333322
2025-05-23,00:20-00:30,16.83801666666659
2025-05-23,00:50-01:20,28.568106666666665
2025-05-23,01:50-02:00,8.035003333333236
2025-05-23,02:20-02:30,13.22385666666662
2025-05-23,03:00-03:40,83.26672666666667
2025-05-23,05:40-05:50,1.034373333333349
2025-05-23,06:00-06:20,9.447549999999978
2025-05-23,06:50-07:00,8.15831699999994
2025-05-23,12:40-13:20,167.43410333333372
2025-05-23,14:20-14:30,43.72377999999998
2025-05-23,14:50-15:10,56.97005666666661
2025-05-23,15:30-16:30,189.5480551
2025-05-23,17:50-18:00,0.9574133333333066
2025-05-23,18:30-18:40,13.701379999999915
2025-05-23,19:00-19:10,13.511636666666618
2025-05-23,20:40-20:50,2.652881333333255
2025-05-23,22:00-22:20,25.9411433333334
2025-05-23,22:40-23:00,12.612899999999968
2025-05-24,00:00-00:30,15.758183333333363
2025-05-24,00:50-01:10,20.410799999999938
2025-05-24,02:00-02:50,63.98789333333315
2025-05-24,03:50-04:10,33.67100999999991
2025-05-24,04:30-04:50,39.05032
2025-05-24,06:00-06:20,15.763063333333207
2025-05-24,19:00-19:20,30.648323333333224
2025-05-24,20:30-20:40,0.8448099999999386
2025-05-24,21:10-21:40,6.017723333333265
2025-05-24,23:30-23:50,21.118106666666677
2025-05-25,00:10-00:20,5.504746666666733
2025-05-25,01:20-01:30,4.390623333333224
2025-05-25,04:00-04:10,5.21321666666654
2025-05-25,04:40-04:50,9.655033333333336
2025-05-25,05:30-06:20,61.8645033333334
2025-05-25,06:30-07:00,76.35187999999994
2025-05-25,08:40-09:00,33.21616033333328
2025-05-25,16:00-16:20,18.96273666666667
2025-05-25,16:50-17:00,7.396769999999947
2025-05-25,17:20-17:50,33.755886666666356
2025-05-25,19:30-19:50,13.844543333333377
2025-05-25,20:40-21:00,98.0790466666665
2025-05-25,21:30-21:50,24.783286666666754
2025-05-25,22:30-22:50,20.51816000000008
2025-05-26,01:20-01:30,34.815316666666604
2025-05-26,02:00-02:10,4.473036666666644
2025-05-26,04:20-04:40,10.727653333333137
2025-05-26,04:50-05:20,34.98002333333329
2025-05-26,06:30-08:30,744.7368579999996
2025-05-26,08:50-09:10,45.37465099999997
2025-05-26,09:30-13:00,2038.8924780000004
2025-05-26,13:30-13:40,11.323030000000102
2025-05-26,17:00-17:30,42.82551333333345
2025-05-26,18:30-19:00,24.399726666666425
2025-05-26,21:30-21:50,19.67914666666661
2025-05-26,22:40-23:00,59.35481000000004
2025-05-27,00:00-00:20,24.085876666666536
2025-05-27,01:30-01:40,10.915149999999926
2025-05-27,02:10-02:20,2.9345200000000204
2025-05-27,02:40-03:00,35.0810266666665
2025-05-27,03:20-04:00,50.429633333333186
2025-05-27,04:30-04:50,11.256636666666509
2025-05-27,08:20-08:30,14.035479999999978
2025-05-27,09:20-09:30,8.175811000000088
2025-05-27,10:20-10:50,76.38263
2025-05-27,13:30-13:50,40.767013333333324
2025-05-27,16:00-16:10,14.860796666666602
2025-05-27,17:50-18:00,3.1836666666666815
2025-05-27,19:30-19:50,2.2885166666666237
2025-05-27,20:10-20:20,1.6861433333332343
2025-05-27,20:30-20:40,4.487726666666617
2025-05-27,22:10-22:30,34.79826333333335
2025-05-27,22:50-23:00,7.100163333333285
2025-05-27,23:30-23:50,31.691099999999892
2025-05-28,00:10-00:30,45.56711666666649
2025-05-28,00:50-01:30,18.740406666666672
2025-05-28,02:00-02:10,1.8444099999999253
2025-05-28,02:50-03:10,27.29340999999988
2025-05-28,03:30-03:40,18.256503333333285
2025-05-28,05:50-06:10,33.82175000000018
2025-05-28,06:20-08:10,439.9538433333331
2025-05-28,09:00-09:20,14.378185333333413
2025-05-28,09:30-10:20,335.74856400000004
2025-05-28,10:40-12:30,1069.8049500000002
2025-05-28,16:40-17:00,69.03968666666663
2025-05-28,17:20-17:40,30.373453333333146
2025-05-28,18:50-19:00,4.8358033333331605
2025-05-28,19:30-19:50,17.034263333333342
2025-05-28,20:00-20:10,4.073453333333305
2025-05-28,23:10-23:20,9.818029999999908
2025-05-29,00:00-00:20,11.768926666666857
2025-05-29,00:50-01:00,2.0752699999999322
2025-05-29,01:20-01:30,15.6716633333333
2025-05-29,02:40-03:00,47.551496666666594
2025-05-29,04:10-04:30,37.377033333333316
2025-05-29,04:50-05:00,24.156663333333313
2025-05-29,05:20-05:50,31.956006666666326
2025-05-29,06:00-06:30,72.73768666666643
2025-05-29,06:50-08:30,789.9128799999994
2025-05-29,09:00-09:20,64.00258223333338
2025-05-29,09:30-11:50,833.3775326666664
2025-05-29,13:50-14:20,121.00722666666675
2025-05-29,15:50-16:00,9.882376666666687
2025-05-29,16:30-16:50,13.669346666666456
2025-05-29,17:20-17:40,48.279303333333246
2025-05-29,18:20-18:40,18.150510000000054
2025-05-29,19:10-19:30,27.224079999999958
2025-05-30,02:00-02:10,6.7819633333332945
2025-05-30,03:20-03:50,132.32242333333323
2025-05-30,04:50-05:00,3.7216666666666356
2025-05-30,05:40-06:20,69.71418000000006
2025-05-30,06:30-07:00,15.673202666666718
2025-05-30,13:10-14:10,316.5754466666666
2025-05-30,14:40-15:50,347.4437599999998
2025-05-30,16:00-17:00,254.29905633333325
2025-05-30,17:20-17:50,115.29463333333334
2025-05-30,22:30-22:40,4.7433366666666075
2025-05-31,00:40-01:00,59.54256666666669
2025-05-31,01:30-01:40,0.6923899999999321
2025-05-31,02:30-03:30,89.35194333333305
2025-05-31,03:50-04:20,26.718039999999974
2025-05-31,04:30-04:50,3.2924533333333557
2025-05-31,05:00-05:20,24.731776666666576
2025-05-31,06:00-07:10,118.25112266666665
2025-05-31,13:00-15:10,862.2767833333337
2025-05-31,17:50-18:00,8.692440000000033
2025-05-31,18:50-19:00,1.002053333333265
2025-05-31,20:40-20:50,5.676083333333281
2025-05-31,23:40-24:00,108.0819966666665
2025-06-01,00:00-03:30,1154.672216666666
2025-06-01,04:20-04:40,17.9780066666666
2025-06-01,05:20-06:20,66.74798699999963
2025-06-01,07:40-24:00,12473.418183433332
2025-06-02,00:00-03:40,1114.8475799999992
2025-06-02,04:10-04:50,114.60780333333321
2025-06-02,05:10-05:30,20.817113333333282
2025-06-02,05:40-07:20,351.5719399999994
2025-06-02,07:30-09:20,978.5356906666665
2025-06-02,12:00-24:00,8179.9854116
2025-06-03,00:00-03:50,1095.8126766666655
2025-06-03,04:00-04:10,15.133519999999976
2025-06-03,04:40-04:50,12.60332666666659
2025-06-03,05:10-06:10,231.87263333333306
2025-06-03,06:30-11:40,1970.6922994666663
2025-06-03,12:20-12:40,86.94000000000028
2025-06-03,13:20-20:00,2827.3889091333326
2025-06-03,20:10-22:30,647.5837388333327
2025-06-03,22:50-24:00,476.87338000000045
2025-06-04,00:00-02:30,1259.3211766666661
2025-06-04,03:00-03:50,114.81669666666619
2025-06-04,04:00-05:30,294.27501666666626
2025-06-04,05:50-06:10,27.00418000000002
2025-06-04,06:50-07:40,149.39478666666645
2025-06-04,08:10-08:20,1.844579999999894
2025-06-04,11:00-11:20,72.83268666666675
2025-06-04,11:30-16:30,3340.2266108466665
2025-06-04,16:40-19:20,893.4160433333325
2025-06-04,19:30-24:00,1270.0077786999996
2025-06-05,00:00-03:30,1241.8955533333326
2025-06-05,03:40-04:20,77.07241333333309
2025-06-05,04:40-05:50,165.68293666666682
2025-06-05,06:10-08:20,634.8668799999996
2025-06-05,08:30-09:20,240.2821433333331
2025-06-05,11:00-13:10,736.529610666667
2025-06-05,13:30-21:00,3376.0266782666645
2025-06-05,21:10-24:00,1047.4027866666656
2025-06-06,00:00-02:20,983.9580333333328
2025-06-06,02:40-03:20,97.15251333333333
2025-06-06,04:00-04:20,39.29956333333325
2025-06-06,04:40-04:50,9.843586666666624
2025-06-06,05:20-07:40,346.52920343333324
2025-06-06,11:20-20:40,7521.787880999999
2025-06-06,21:00-24:00,908.2510366666663
2025-06-07,00:00-02:20,874.3610233333329
2025-06-07,03:00-03:20,18.83440666666661
2025-06-07,03:30-03:50,71.46354666666662
2025-06-07,04:10-04:20,11.776076666666597
2025-06-07,04:30-04:40,0.37015666666661673
2025-06-07,05:20-06:40,225.2148099999999
2025-06-07,07:10-07:40,122.52953019999991
2025-06-07,10:10-10:40,378.90794666666676
2025-06-07,10:50-11:20,136.35136666666676
2025-06-07,11:30-14:20,1840.3835900000001
2025-06-07,15:20-16:30,419.3070035666667
2025-06-07,16:40-19:20,1092.7491566666663
2025-06-07,19:30-20:50,302.95478666666634
2025-06-07,21:10-23:00,349.8039633333332
2025-06-07,23:10-24:00,269.2669400000002
2025-06-08,00:00-01:10,324.80609666666646
2025-06-08,01:30-02:00,63.42937999999981
2025-06-08,02:20-02:40,47.28038666666657
2025-06-08,02:50-03:10,34.27705999999989
2025-06-08,04:00-04:20,45.89285999999993
2025-06-08,05:20-05:40,21.035766666666518
2025-06-08,06:10-06:40,74.04824333333323
2025-06-08,07:00-07:10,22.738423333333344
2025-06-08,16:00-16:10,4.38092666666671
2025-06-08,17:20-18:00,149.4960499999995
2025-06-08,18:20-18:30,1.31732999999997
2025-06-08,18:50-20:20,243.51028733333297
2025-06-08,20:50-21:10,48.68876333333333
2025-06-08,21:30-24:00,462.2859266666662
2025-06-09,00:00-01:50,469.13428666666596
2025-06-09,02:00-02:20,21.976336666666498
2025-06-09,02:40-03:00,44.10289999999998
2025-06-09,03:20-04:10,251.1502599999999
2025-06-09,04:20-04:50,53.37954999999977
2025-06-09,05:30-05:50,24.825770000000148
2025-06-09,06:10-06:50,102.78298333333328
2025-06-09,08:00-08:10,6.50649333333331
2025-06-09,11:00-11:20,72.87322000000029
2025-06-09,11:30-11:40,32.696936666666716
2025-06-09,13:10-13:40,116.05633666666658
2025-06-09,15:40-19:10,1029.503701999999
2025-06-09,19:20-21:00,218.59137886666582
2025-06-09,21:30-21:40,3.830856666666591
2025-06-09,22:40-24:00,358.1997533333331
2025-06-10,00:00-01:20,377.12098666666657
2025-06-10,01:30-02:40,268.57653666666647
2025-06-10,03:00-03:20,22.623570000000086
2025-06-10,03:40-04:00,31.777993333333143
2025-06-10,04:30-05:00,105.63941999999986
2025-06-10,05:20-05:40,11.852516666666816
2025-06-10,07:50-08:00,34.558610000000044
2025-06-10,08:50-09:40,90.87354
2025-06-10,11:10-11:40,107.30620666666675
2025-06-10,14:00-14:20,40.02267666666668
2025-06-10,14:50-15:30,127.25098866666679
2025-06-10,15:40-17:50,618.0880299999998
2025-06-10,18:20-18:40,80.74590333333322
2025-06-10,19:00-19:20,30.82907066666658
2025-06-10,19:50-20:00,6.401216333333345
2025-06-10,20:20-21:10,94.81432299999992
2025-06-10,21:40-22:10,148.8423499999999
2025-06-10,22:30-24:00,306.8046966666668
2025-06-11,00:00-02:20,660.3901066666663
2025-06-11,02:30-02:50,9.946866666666551
2025-06-11,05:50-08:10,201.93423266666616
2025-06-11,08:50-10:40,1283.1856576666662
2025-06-11,12:50-14:20,705.003662
2025-06-11,14:40-15:50,312.92327333333293
2025-06-11,16:20-19:40,674.5886256666658
2025-06-11,20:30-20:50,8.434184333333299
2025-06-11,21:10-22:40,225.39804999999978
2025-06-11,23:10-23:30,68.9176766666667
2025-06-11,23:50-24:00,11.232399999999984
2025-06-12,00:00-00:50,225.84748999999988
2025-06-12,01:00-01:20,67.79596666666657
2025-06-12,01:40-02:00,20.464593333333255
2025-06-12,02:10-02:30,59.380316666666545
2025-06-12,02:50-04:00,175.02091333333328
2025-06-12,05:50-06:00,28.8213333333332
2025-06-12,12:50-13:00,7.76418166666663
2025-06-12,13:20-13:50,64.29127666666689
2025-06-12,14:20-15:40,401.9163999999997
2025-06-12,16:00-16:20,44.82933666666656
2025-06-12,16:40-16:50,11.20263
2025-06-12,17:10-18:30,205.86194999999964
2025-06-12,18:40-19:00,13.230755999999957
2025-06-12,19:20-19:30,2.4983673333331353
2025-06-12,19:50-20:10,16.891092999999834
2025-06-12,20:40-21:00,31.04221666666649
2025-06-12,21:10-21:40,57.76814666666655
2025-06-12,22:20-22:40,51.19552333333286
2025-06-12,22:50-23:50,171.99698666666643
2025-06-13,00:00-00:20,36.987526666666554
2025-06-13,01:20-02:10,144.9061933333332
2025-06-13,02:30-03:20,62.276616666666655
2025-06-13,04:20-04:40,15.66007333333323
2025-06-13,05:30-05:50,16.981106666666847
2025-06-13,06:20-06:30,3.5890166666666516
2025-06-13,08:00-08:10,13.859816666666726
2025-06-13,09:10-10:50,524.8556000000001
2025-06-13,15:20-15:30,3.026666666666794
2025-06-13,16:00-17:50,301.1975166666665
2025-06-13,18:50-20:10,136.977123333333
2025-06-13,20:30-21:00,105.7601433333333
2025-06-13,22:10-22:40,56.667773333333116
2025-06-13,23:10-23:30,91.83955666666657
2025-06-13,23:50-24:00,39.49937333333327
2025-06-14,00:00-01:40,308.14501266666656
2025-06-14,02:00-02:20,60.40248333333318
2025-06-14,03:30-03:50,26.416873333333285
2025-06-14,04:20-04:30,10.405703333333292
2025-06-14,05:20-05:30,3.895179999999982
2025-06-14,11:00-11:20,35.569726666666725
2025-06-14,11:40-12:20,125.37613666666681
2025-06-14,15:30-16:20,90.68984799999998
2025-06-14,16:30-16:50,34.86042666666668
2025-06-14,17:00-17:20,51.22062999999997
2025-06-14,17:50-18:10,11.66880999999995
2025-06-14,18:50-19:20,70.77478999999994
2025-06-14,20:00-20:20,12.925859999999943
2025-06-14,20:30-21:00,79.27291666666645
2025-06-14,21:40-23:10,302.07431666666594
2025-06-14,23:30-23:50,36.490533333333474
2025-06-15,01:30-01:40,0.25821000000007643
2025-06-15,02:20-02:30,0.6905066666666926
2025-06-15,03:20-03:40,14.004403333333244
2025-06-15,09:00-09:10,9.547683333333339
2025-06-15,10:20-11:00,107.48374433333368
2025-06-15,13:10-13:20,4.993223333333404
2025-06-15,14:10-14:20,6.094520000000017
2025-06-15,18:30-18:40,0.502933333333317
2025-06-15,21:20-21:40,28.503656666666416
2025-06-15,22:30-23:00,51.99009000000024
2025-06-16,00:10-00:40,76.70716333333314
2025-06-16,01:00-01:30,85.46762000000001
2025-06-16,02:00-02:40,73.24944333333315
2025-06-16,03:30-03:40,7.368519999999876
2025-06-16,04:10-04:20,15.007826666666688
2025-06-16,05:30-06:40,221.4535233333333
2025-06-16,09:30-09:50,28.313536666666636
2025-06-16,12:30-12:50,133.41208000000006
2025-06-16,14:00-14:20,23.306393333333318
2025-06-16,14:30-14:50,37.28511999999995
2025-06-16,15:20-15:50,27.336273333333168
2025-06-16,19:50-20:10,25.474361999999907
2025-06-16,21:10-21:20,2.2194033333332754
2025-06-16,22:40-23:00,28.675993333333736
2025-06-17,00:30-01:00,93.69569999999976
2025-06-17,01:50-02:00,18.02912333333336
2025-06-17,02:50-03:10,32.76543666666646
2025-06-17,03:30-03:40,1.8255033333332449
2025-06-17,04:50-05:20,57.92685999999992
2025-06-17,06:00-06:20,40.16468333333307
2025-06-17,12:30-13:50,984.1411799999998
2025-06-17,14:10-14:30,66.36798333333326
2025-06-17,15:50-16:30,116.13742000000002
2025-06-17,16:50-17:00,7.318550000000073
2025-06-17,18:10-18:30,55.3967766666666
2025-06-17,19:20-19:30,25.50302433333333
2025-06-17,20:20-20:40,4.915837666666519
2025-06-17,21:10-21:30,36.98547999999994
2025-06-17,22:30-22:40,7.035313333333306
2025-06-17,23:00-23:30,92.8604966666669
2025-06-18,01:50-02:00,17.901623333333305
2025-06-18,02:30-02:50,40.25586999999996
2025-06-18,06:10-06:50,75.90552666666645
2025-06-18,12:00-12:10,7.934193333333383
2025-06-18,16:00-16:20,9.43785666666679
2025-06-18,16:30-16:50,25.70157999999992
2025-06-18,17:40-17:50,4.486859999999979
2025-06-18,18:00-18:10,1.5359533333333957
2025-06-18,20:20-20:30,7.471769666666617
2025-06-18,21:20-21:30,9.773219999999924
2025-06-18,22:50-23:00,7.734829999999874
2025-06-19,00:00-00:10,11.013429999999971
2025-06-19,00:40-01:00,15.449639999999818
2025-06-19,02:00-02:20,28.125216666666574
2025-06-19,02:30-02:40,2.5984999999999445
2025-06-19,04:40-05:10,58.17010333333326
2025-06-19,05:30-05:40,6.2724799999998595
2025-06-19,06:00-06:30,91.54571999999973
2025-06-19,08:30-08:50,40.806039999999996
2025-06-19,15:50-16:20,73.44205333333309
2025-06-19,18:20-18:30,3.2330100000000357
2025-06-19,19:10-19:30,60.210794999999735
2025-06-19,20:50-21:00,17.73723333333328
2025-06-19,21:30-21:40,4.7469333333332315
2025-06-19,22:50-23:20,57.1513933333332
2025-06-19,23:50-24:00,62.561770000000024
2025-06-20,00:00-00:10,26.93176333333338
2025-06-20,01:00-01:40,111.57072
2025-06-20,03:50-04:10,8.768236666666724
2025-06-20,16:40-17:00,17.188523333333194
2025-06-20,18:00-18:10,6.858986666666624
2025-06-20,21:40-21:50,0.6788133333332098
2025-06-20,22:50-23:00,5.179326666666611
2025-06-20,23:20-24:00,76.17544333333308
2025-06-21,00:20-00:30,43.12968000000001
2025-06-21,01:20-01:40,43.78852999999987
2025-06-21,01:50-02:20,28.400886666666622
2025-06-21,02:50-03:30,67.38485333333335
2025-06-21,05:50-06:20,69.1393366666666
2025-06-21,09:00-09:20,20.335369999999926
2025-06-21,18:50-19:10,23.75721999999996
2025-06-21,20:20-20:30,11.768436666666616
2025-06-21,22:10-22:30,10.381983333333551
2025-06-22,00:10-00:20,9.521046666666734
2025-06-22,01:00-01:20,46.99438999999995
2025-06-22,02:30-02:50,35.092656666666585
2025-06-22,14:00-14:20,75.85785999999979
2025-06-23,02:20-02:30,34.98773333333327
2025-06-23,03:10-03:30,18.557379999999966
2025-06-23,03:50-04:00,10.050559999999905
2025-06-23,04:20-04:30,1.2381966666665676
2025-06-23,04:50-05:00,10.883403333333263
2025-06-23,13:50-14:10,71.81374000000008
2025-06-24,01:10-02:10,95.64652999999987
2025-06-24,03:20-03:30,5.231980000000021
2025-06-24,05:40-06:00,24.93195999999989
2025-06-24,06:20-07:00,61.969969999999876
2025-06-24,07:20-12:40,3096.1319323333337
2025-06-24,13:10-13:40,74.42816066666668
2025-06-24,14:50-15:20,53.114813333333245
2025-06-24,15:30-15:40,0.8464933333332851
2025-06-24,16:20-16:30,6.484863333333351
2025-06-24,17:20-17:30,7.283406666666565
2025-06-24,23:20-23:30,6.849330000000009
2025-06-25,02:40-03:00,17.23242333333326
2025-06-25,04:10-04:20,0.723136666666619
2025-06-25,06:20-06:50,91.7215599999999
2025-06-25,09:50-10:20,88.96505500000016
2025-06-25,10:30-11:30,706.3385119333332
2025-06-25,14:30-14:50,128.1719099999999
2025-06-25,21:40-22:00,23.544456666666747
2025-06-26,01:30-01:50,18.81502333333333
2025-06-26,04:10-04:20,0.042123333333279334
2025-06-26,05:20-05:30,0.87815333333333
2025-06-26,06:10-06:30,13.720269999999914
2025-06-26,06:40-07:10,40.54766133333328
2025-06-26,08:50-09:10,48.35546333333343
2025-06-27,00:00-00:20,26.77380299999993
2025-06-27,03:50-04:00,0.12478999999996176
2025-06-27,04:30-04:40,2.946420000000046
2025-06-27,06:00-06:20,12.891986666666611
2025-06-27,21:20-21:30,3.314049999999952
2025-06-28,04:40-05:00,73.57383666666658
2025-06-28,05:50-06:00,5.582783333333339
2025-06-28,07:30-07:50,33.4902913333334
2025-06-28,14:50-15:10,35.033376666666655
2025-06-28,16:20-16:40,41.85236666666657
2025-06-29,01:50-02:00,28.884996666666666
2025-06-29,04:20-04:40,29.315616666666642
2025-06-29,06:50-07:40,60.835726666666744
2025-06-29,08:20-08:30,27.909789999999873
2025-06-29,09:20-09:30,6.194866666666741
2025-06-29,11:30-11:50,154.3613466666668
2025-06-29,12:10-13:00,134.50731833333373
2025-06-29,16:20-16:30,2.3574533333334102
2025-06-30,04:30-04:50,8.970919999999865
2025-06-30,06:00-06:20,44.586149999999975
2025-06-30,06:40-07:30,372.3418833333329
2025-06-30,10:10-10:40,103.83883033333323
2025-06-30,15:40-15:50,16.711726666666607
2025-06-30,23:50-24:00,80.81020999999998
2025-07-01,00:00-00:40,216.84141333333343
2025-07-01,00:50-05:50,2083.3980433333327
2025-07-01,06:00-06:20,16.020849999999882
2025-07-01,06:40-07:00,55.2226133333333
2025-07-01,07:20-07:30,25.954969999999946
2025-07-01,14:50-15:20,148.59811999999977
2025-07-01,16:40-16:50,4.7326766666666344
2025-07-01,17:30-18:00,26.00508999999977
2025-07-01,18:20-18:50,107.83454666666626
2025-07-01,19:00-19:20,35.677469999999815
2025-07-01,19:30-21:50,511.6453693333326
2025-07-01,22:00-22:50,229.29956000000027
2025-07-01,23:00-24:00,252.23727666666684
2025-07-02,00:00-06:10,2377.8228933333316
2025-07-02,15:50-16:20,91.38735999999989
2025-07-02,16:30-16:50,52.878759999999716
2025-07-02,18:00-18:30,82.03956333333304
2025-07-02,18:50-19:30,215.06713666666622
2025-07-02,19:40-21:20,411.7320566666656
2025-07-02,21:30-23:00,443.50271666666663
2025-07-02,23:10-24:00,128.7765966666667
2025-07-03,00:00-06:00,2473.4384966666667
2025-07-03,07:10-08:10,347.2399733333331
2025-07-03,09:20-09:30,4.947996666666654
2025-07-03,10:40-12:00,426.17873266666703
2025-07-03,13:40-14:40,123.30685266666679
2025-07-03,14:50-15:30,57.521186666666665
2025-07-03,16:10-19:00,674.5899733333325
2025-07-03,19:30-20:50,250.96875999999958
2025-07-03,21:00-23:40,862.2476033333324
2025-07-03,23:50-24:00,2.1496833333333143
2025-07-04,00:00-00:20,35.8281966666666
2025-07-04,00:30-07:10,2590.5086299999975
2025-07-04,14:20-15:00,159.3916766666668
2025-07-04,15:50-16:00,8.6558523333334
2025-07-04,17:10-17:30,27.366746666666472
2025-07-04,17:50-18:10,46.020334999999946
2025-07-04,18:20-19:10,245.9750066666668
2025-07-04,19:30-24:00,1301.3017033333329
2025-07-05,00:00-01:40,431.5698299999999
2025-07-05,01:50-06:40,1907.6822699999989
2025-07-05,07:10-07:30,25.57838366666664
2025-07-05,12:10-12:20,28.15460666666661
2025-07-05,15:50-16:00,20.874720999999994
2025-07-05,16:20-18:50,794.6798489999998
2025-07-05,19:20-21:50,584.0159133333327
2025-07-05,22:00-22:30,97.33702333333326
2025-07-05,22:50-24:00,360.9546799999995
2025-07-06,00:20-06:40,2442.0072866666656
2025-07-06,08:00-08:20,51.82087333333334
2025-07-06,09:10-09:30,25.964043333333066
2025-07-06,09:50-10:10,139.93675766666667
2025-07-06,10:40-11:10,21.003346666666886
2025-07-06,12:20-12:30,8.320516666666663
2025-07-06,12:40-19:10,3316.7583495666654
2025-07-06,19:20-19:50,124.82449999999989
2025-07-06,20:00-21:30,419.0347466666661
2025-07-06,21:50-23:00,409.52197999999964
2025-07-06,23:20-24:00,132.96006999999963
2025-07-07,00:20-03:50,1551.3143099999998
2025-07-07,04:00-05:50,771.2713066666663
2025-07-07,06:00-06:30,46.45423999999986
2025-07-07,10:30-11:00,148.1611806666667
2025-07-07,12:40-13:10,64.37118200000003
2025-07-07,16:20-16:40,14.720896666666704
2025-07-07,16:50-17:20,63.099069999999756
2025-07-07,18:00-19:20,224.10549999999986
2025-07-07,19:30-22:50,926.8157366666661
2025-07-07,23:00-23:50,95.63878
2025-07-08,00:20-00:50,86.86424333333332
2025-07-08,01:00-01:50,148.68191666666655
2025-07-08,02:00-02:20,44.29393666666647
2025-07-08,02:40-03:10,245.51691666666648
2025-07-08,03:20-07:50,1282.9105026666666
2025-07-08,08:00-08:50,158.32097666666652
2025-07-08,09:50-10:30,170.81478500000006
2025-07-08,11:20-11:30,23.441233333333457
2025-07-08,14:10-14:40,131.64402999999996
2025-07-08,15:40-17:20,506.59252666666623
2025-07-08,17:30-18:30,276.6706699999995
2025-07-08,18:40-19:00,60.640179999999845
2025-07-08,19:30-20:10,57.91616999999954
2025-07-08,20:20-20:40,36.8820466666665
2025-07-08,21:10-22:00,88.03330666666648
2025-07-08,22:20-23:10,81.2503233333332
2025-07-08,23:40-23:50,10.640750000000025
2025-07-09,00:20-02:00,173.47948666666628
2025-07-09,02:10-07:20,1188.0122866666654
2025-07-09,07:30-08:30,122.87048999999993
2025-07-09,10:40-11:10,179.14299666666653
2025-07-09,11:30-12:00,128.12645666666663
2025-07-09,12:30-12:50,95.50241333333334
2025-07-09,14:00-14:20,91.98676699999994
2025-07-09,17:20-18:30,258.0667866666664
2025-07-09,19:20-19:40,81.06749666666647
2025-07-09,20:20-21:10,81.62602666666612
2025-07-09,21:20-21:30,18.33482333333336
2025-07-09,22:10-22:30,40.04573000000016
2025-07-09,23:00-23:40,53.402326666666795
2025-07-10,00:20-00:30,44.2163966666667
2025-07-10,00:50-01:00,9.660366666666619
2025-07-10,01:40-02:20,123.7745533333333
2025-07-10,02:30-03:40,287.8476799999996
2025-07-10,04:00-05:50,548.3186299999996
2025-07-10,06:20-06:40,55.77501999999987
2025-07-10,07:10-07:20,9.723053333333382
2025-07-10,07:30-07:40,4.500579666666596
2025-07-10,08:50-09:00,35.38681666666673
2025-07-10,09:30-09:50,22.96327123333321
2025-07-10,12:20-12:40,31.10079666666661
2025-07-10,15:30-16:00,142.58058333333315
2025-07-10,17:00-17:30,69.33712000000003
2025-07-10,18:50-19:10,57.2201799999998
2025-07-10,19:20-19:30,9.323586666666529
2025-07-10,19:50-20:00,2.2127233333331446
2025-07-10,20:10-20:30,66.7733699999996
2025-07-10,20:50-21:00,43.62365
2025-07-10,21:40-22:20,177.72597333333306
2025-07-10,22:30-22:50,116.12092333333328
2025-07-11,00:40-01:20,53.994363333333126
2025-07-11,01:40-03:40,464.47004999999956
2025-07-11,03:50-07:40,1173.3513211666666
2025-07-11,11:10-13:30,1769.8714533333334
2025-07-11,16:30-16:40,0.6313599999999724
2025-07-11,17:40-18:10,51.864258333333055
2025-07-11,18:30-18:50,4.275549999999839
2025-07-11,19:00-19:20,28.799283333333165
2025-07-11,19:30-19:50,44.13106666666647
2025-07-11,20:40-21:30,108.12163999999996
2025-07-11,21:50-22:20,39.4533766666666
2025-07-11,22:40-23:00,18.552850000000035
2025-07-11,23:40-24:00,50.76878999999985
2025-07-12,00:30-00:50,28.80692666666664
2025-07-12,01:20-02:00,77.50400999999988
2025-07-12,02:10-03:40,302.91183999999953
2025-07-12,04:00-04:50,148.30993
2025-07-12,05:10-06:00,142.45862666666653
2025-07-12,06:20-07:00,138.07651333333337
2025-07-12,07:20-07:40,50.37386633333332
2025-07-12,10:40-11:20,343.43473
2025-07-12,15:30-15:50,57.575126766666514
2025-07-12,16:00-16:20,62.66253999999995
2025-07-12,17:00-17:10,21.785026666666624
2025-07-12,17:30-18:50,106.13923699999992
2025-07-12,19:20-20:10,52.588796666666326
2025-07-12,20:50-21:10,18.211803333333023
2025-07-12,21:20-22:10,142.1659500000003
2025-07-12,22:20-22:30,2.8164966666665805
2025-07-12,23:10-23:40,39.493156666666664
2025-07-13,01:10-01:30,12.289473333333262
2025-07-13,01:50-02:00,18.70598333333328
2025-07-13,02:50-04:20,256.09507666666616
2025-07-13,04:30-05:10,116.43829666666647
2025-07-13,05:50-06:10,20.843426666666574
2025-07-13,06:40-07:00,46.46979666666664
2025-07-13,07:30-07:50,62.74610000000004
2025-07-13,15:00-15:20,10.78035333333338
2025-07-13,18:00-18:40,114.02507999999978
2025-07-13,19:00-19:30,121.93032999999974
2025-07-13,19:50-20:00,37.074013333333255
2025-07-13,20:30-21:00,58.36774999999989
2025-07-13,22:00-22:10,10.04309666666677
2025-07-13,22:40-22:50,10.05536333333339
2025-07-13,23:20-23:50,72.18650000000002
2025-07-14,00:30-00:50,27.172533333333263
2025-07-14,01:00-01:20,21.240163333333385
2025-07-14,01:30-01:50,30.440019999999777
2025-07-14,02:20-02:30,3.6238933333331715
2025-07-14,02:40-04:10,369.990053333333
2025-07-14,04:30-04:40,9.60691666666662
2025-07-14,05:00-05:30,104.54588999999987
2025-07-14,05:40-06:00,42.367543333333174
2025-07-14,09:10-09:20,6.345626666666561
2025-07-14,10:10-10:20,2.861126333333374
2025-07-14,13:10-14:00,149.0162102
2025-07-14,15:50-16:00,6.073530000000005
2025-07-14,17:40-18:20,178.85898999999984
2025-07-14,18:40-19:00,67.98325333333324
2025-07-14,19:30-20:30,76.09533333333283
2025-07-14,20:50-21:10,39.96624666666651
2025-07-14,22:20-22:30,7.826196666666874
2025-07-14,22:50-23:10,1.073083333333443
2025-07-15,00:40-00:50,6.444599999999923
2025-07-15,02:10-02:40,90.83344333333332
2025-07-15,03:10-03:30,72.74345666666659
2025-07-15,03:50-04:00,4.388803333333385
2025-07-15,04:20-04:40,26.88561333333348
2025-07-15,05:10-05:30,13.670299999999997
2025-07-15,05:50-06:20,91.4701766666667
2025-07-15,07:00-07:10,17.81709333333339
2025-07-15,11:30-14:00,1462.9306524333335
2025-07-15,18:00-18:20,9.73871999999983
2025-07-15,22:50-23:00,6.810796666666647
2025-07-16,02:00-02:30,98.80104999999992
2025-07-16,03:30-03:40,12.144356666666567
2025-07-16,04:00-04:20,99.86073999999985
2025-07-16,04:30-04:50,6.577223333333336
2025-07-16,05:10-05:30,53.79000999999994
2025-07-16,05:40-06:20,220.75065333333305
2025-07-16,07:20-07:40,8.333413333333255
2025-07-16,12:00-12:20,83.69118333333358
2025-07-16,12:40-13:00,4.250435333333172
2025-07-16,14:50-15:40,312.29516666666626
2025-07-16,16:00-16:20,19.112519999999904
2025-07-16,17:30-17:40,0.8371999999999389
2025-07-16,18:20-18:30,21.105656666666732
2025-07-16,20:10-20:20,14.029949999999985
2025-07-16,21:50-22:00,10.30256333333341
2025-07-16,22:20-22:30,46.73986333333346
2025-07-17,00:50-01:00,20.103439999999978
2025-07-17,01:20-01:30,1.9583300000000463
2025-07-17,01:50-02:00,2.2118533333333517
2025-07-17,03:30-04:20,144.2101533333332
2025-07-17,04:40-05:00,79.77113999999983
2025-07-17,05:50-06:10,29.83309666666662
2025-07-17,06:40-07:00,28.675119999999993
2025-07-17,08:30-09:40,387.27642333333324
2025-07-17,14:10-14:30,41.22954999999996
2025-07-17,16:10-17:00,294.8526366666665
2025-07-17,20:10-20:20,2.7637666666666973
2025-07-17,22:40-22:50,1.6183366666665506
2025-07-17,23:30-23:50,68.12108666666666
2025-07-18,02:20-02:30,20.555506666666588
2025-07-18,02:50-03:00,12.983850000000075
2025-07-18,04:10-04:30,32.05840999999998
2025-07-18,05:30-05:50,14.744196666666824
2025-07-18,06:00-06:10,0.10714666666666517
2025-07-18,07:20-07:40,34.463967266666614
2025-07-18,11:10-12:20,672.2194833333334
2025-07-18,14:00-14:10,11.804856666666694
2025-07-18,14:20-15:00,147.3183499999999
2025-07-18,15:40-16:00,83.06709833333318
2025-07-18,17:40-17:50,6.488280000000032
2025-07-18,19:20-19:30,2.6381199999998444
2025-07-18,22:10-22:20,3.5536200000000235
2025-07-19,01:10-01:20,9.327833333333388
2025-07-19,02:20-03:00,108.96665666666638
2025-07-19,03:20-03:50,32.376156666666475
2025-07-19,04:10-04:30,42.046469999999886
2025-07-19,05:00-05:30,83.40431000000001
2025-07-19,16:50-17:00,10.850226666666629
2025-07-19,18:00-18:10,8.950856666666596
2025-07-19,19:20-19:40,39.069003333333285
2025-07-19,21:00-21:10,0.2790833333333467
2025-07-19,23:40-24:00,39.1316066666667
2025-07-20,02:40-03:00,2.597753333333344
2025-07-20,03:40-03:50,21.507799999999975
2025-07-20,04:20-04:40,58.775526666666565
2025-07-20,06:20-06:50,128.80865999999992
2025-07-20,07:10-07:30,42.34413666666654
2025-07-20,09:50-10:00,2.7554613333333133
2025-07-20,10:20-10:30,0.18155900000004976
2025-07-20,11:10-11:50,243.70653000000016
2025-07-20,13:30-13:40,26.94505700000002
2025-07-20,17:40-18:00,4.117353333333426
2025-07-20,21:20-21:30,5.60823333333326
2025-07-21,01:10-01:20,20.906443333333414
2025-07-21,01:50-02:20,49.976006666666535
2025-07-21,02:30-02:40,12.650753333333341
2025-07-21,04:30-04:40,1.6615833333331693
2025-07-21,05:10-06:00,71.59928000000002
2025-07-21,06:20-06:40,110.64657666666659
2025-07-21,07:30-08:00,132.13653333333326
2025-07-21,08:20-08:30,14.388139999999908
2025-07-21,09:20-09:40,77.67441033333324
2025-07-21,11:50-12:20,138.01756000000046
2025-07-21,12:30-12:50,105.98089000000016
2025-07-21,13:00-13:20,39.07056099999989
2025-07-21,15:40-16:10,102.40615999999977
2025-07-21,17:10-18:00,66.14061333333325
2025-07-22,04:00-04:20,30.11136999999985
2025-07-22,05:50-06:10,21.833859999999845
2025-07-22,10:40-11:00,47.56400999999994
2025-07-22,13:10-14:00,408.9431913999999
2025-07-23,05:20-05:30,23.25899333333325
2025-07-23,06:10-06:30,23.305309999999963
2025-07-23,06:50-07:20,172.67645666666664
2025-07-23,07:40-08:30,129.51017000000002
2025-07-23,11:00-11:20,61.50540000000012
2025-07-23,14:20-14:40,8.198923333333227
2025-07-23,15:40-15:50,21.297789999999964
2025-07-24,05:00-05:20,13.521053333333384
2025-07-24,05:50-06:10,24.854709999999727
2025-07-24,12:20-14:00,601.3828120000001
2025-07-24,15:50-16:00,44.81835999999987
2025-07-25,03:30-03:40,7.054803333333325
2025-07-25,07:30-07:50,92.85376666666662
2025-07-25,10:40-10:50,36.46126666666669
2025-07-26,02:30-02:50,38.11892999999998
2025-07-26,03:50-04:00,24.682860000000005
2025-07-26,05:40-05:50,7.075146666666626
2025-07-26,06:10-06:30,42.06165333333331
2025-07-26,11:00-11:50,270.03412000000003
2025-07-27,01:20-01:30,39.238230000000044
2025-07-27,04:40-05:00,15.109746666666638
2025-07-27,05:20-05:30,11.148776666666663
2025-07-27,06:00-06:40,118.44403999999952
2025-07-27,07:10-09:20,677.7145233333332
2025-07-27,22:50-23:00,3.4162300000000414
2025-07-28,06:10-06:40,53.48995999999988
2025-07-28,08:10-08:50,244.39915333333323
2025-07-28,09:10-10:40,423.2321647333334
2025-07-28,11:20-11:30,17.61306666666667
2025-07-28,11:50-13:10,646.5581456666665
2025-07-28,16:10-16:30,13.722403333333318
2025-07-28,17:00-17:10,7.269323333333205
2025-07-28,23:10-23:30,13.827059999999847
2025-07-29,09:30-10:10,222.81948199999982
2025-07-29,10:20-11:30,334.33849273333334
2025-07-29,11:40-12:10,111.98885333333362
2025-07-30,07:20-07:30,16.581559999999968
2025-07-30,08:10-09:00,119.06712999999996
2025-07-31,08:00-08:20,57.87933999999984
2025-07-31,09:30-10:00,87.06050233333329
2025-08-01,05:00-05:10,4.815076666666641
2025-08-04,04:20-04:30,5.432846666666592
2025-08-06,13:00-13:20,113.74076333333325
2025-08-06,13:30-14:00,139.81204600000004
2025-08-06,14:20-15:30,371.6074666666662
2025-08-06,15:40-16:00,54.383743333333314
2025-08-07,06:50-07:00,11.94905
2025-08-07,07:20-07:30,28.985993333333397
2025-08-07,07:50-08:00,12.584326666666584
2025-08-08,06:30-06:50,50.349463333333404
2025-08-09,06:00-06:10,6.680486666666695
2025-08-09,07:00-07:20,104.05763133333328
2025-08-09,11:50-12:10,52.026420000000144
2025-08-09,12:30-13:20,304.44733333333386
2025-08-10,09:30-09:50,112.00202666666648
2025-08-10,12:00-14:00,893.9293999999999
2025-08-11,07:20-07:40,40.6386600000001
2025-08-11,08:30-10:00,429.6407546333335
2025-08-11,22:00-22:10,1.196463333333213
2025-08-12,09:20-11:10,728.1777850000001
2025-08-12,14:00-14:40,148.09233633333338
2025-08-12,15:10-15:40,52.128980000000126
2025-08-12,16:20-16:30,23.707193333333294
2025-08-13,00:50-01:00,10.651763333333292
2025-08-13,09:50-11:30,480.7348416666666
2025-08-13,13:30-14:20,295.3849689999999
2025-08-14,06:20-06:40,38.62895333333324
2025-08-14,06:50-07:00,8.951939999999922
2025-08-14,07:30-08:20,247.3152633333332
2025-08-14,08:30-09:00,189.1138166666667
2025-08-14,09:50-10:00,33.370400000000075
2025-08-14,11:50-12:10,24.95933666666707
2025-08-15,06:30-06:50,57.06565999999998
2025-08-15,07:00-07:20,24.654874333333375
2025-08-16,07:00-07:10,14.458646666666667
2025-08-16,13:50-14:00,30.293429999999944
2025-08-16,14:20-14:30,4.696559999999977
2025-08-17,06:50-07:30,143.65430666666646
2025-08-17,08:20-08:30,9.203343333333237
2025-08-18,01:30-01:40,8.408613333333278
2025-08-18,05:50-06:10,30.73917333333327
2025-08-18,07:20-07:30,3.2058966666667175
2025-08-18,08:20-08:50,129.0109666666666
2025-08-18,09:00-09:10,20.878783666666763
2025-08-18,13:30-14:00,76.02194
2025-08-18,14:20-14:30,4.5535996999999995
2025-08-18,17:20-17:30,32.69291666666663
2025-08-19,08:20-08:40,20.702416666666608
2025-08-19,11:20-11:40,9.868279999999856
2025-08-19,13:50-14:10,48.68400833333353
2025-08-19,15:50-16:00,4.03556999999995
2025-08-19,19:20-19:30,1.2994799999998463
2025-08-19,21:30-21:40,8.658866666666654
2025-08-20,06:30-09:40,1499.5222665333326
2025-08-20,10:20-12:30,946.9818016666671
2025-08-20,13:10-14:50,289.6246375000002
2025-08-21,09:30-09:40,3.746963666666531
2025-08-21,11:30-11:50,24.29251333333343
2025-08-21,12:10-12:30,109.52304999999996
2025-08-21,13:10-14:30,419.30509926666645
2025-08-21,15:20-15:30,14.3127066666666
2025-08-21,18:00-18:10,15.687639999999874
2025-08-22,03:50-04:00,28.27263999999991
2025-08-22,13:30-13:50,47.27571333333344
2025-08-22,14:20-14:40,85.52851000000021
2025-08-22,14:50-15:20,162.17401333333345
2025-08-22,16:10-16:40,40.82321999999999
2025-08-22,18:50-19:00,7.355360000000019
2025-08-22,20:20-20:30,0.4892333333333454
2025-08-23,12:00-12:20,17.7270533333334
2025-08-23,13:20-13:40,47.22295666666673
2025-08-23,14:00-14:10,3.9866866666666283
2025-08-23,21:30-21:50,20.142689999999902
2025-08-24,08:50-09:00,6.094713333333289
2025-08-25,06:20-06:40,31.082219999999893
2025-08-25,07:10-07:30,41.46366000000006
2025-08-25,10:20-10:40,34.00240333333329
2025-08-25,11:40-13:40,760.6629736666667
2025-08-25,14:20-16:10,479.2816866666664
2025-08-25,16:20-16:50,29.232539999999858
2025-08-26,08:20-08:40,25.674886666666538
2025-08-26,16:00-16:20,59.65623333333326
2025-08-26,16:50-17:10,44.95371333333344
2025-08-27,06:50-07:00,4.1571266666665565
2025-08-27,07:50-08:10,44.38759999999996
2025-08-27,08:30-09:10,188.93570333333327
2025-08-27,09:20-09:30,39.23735540000013
2025-08-27,14:20-14:30,45.26418333333331
2025-08-27,16:20-16:30,4.072559999999953
2025-08-28,09:00-11:30,2341.1829903333337
2025-08-28,11:40-12:30,255.88563666666676
2025-08-28,17:00-17:20,47.32243666666682
2025-08-28,22:50-23:00,22.989119999999957
2025-08-29,06:00-06:30,22.087726666666583
2025-08-29,06:50-07:40,219.71162666666675
2025-08-29,11:40-11:50,36.37828999999999
2025-08-29,20:00-20:10,2.1896933333332527
2025-08-30,05:20-05:30,0.6668333333333294
2025-08-30,21:40-21:50,6.806166666666627
2025-08-30,22:30-22:40,0.0052299999999831925
2025-08-30,23:20-23:30,16.573496666666642
2025-08-31,07:00-07:20,42.558633333333376
2025-08-31,07:30-07:40,19.956734999999952
2025-08-31,09:30-09:50,62.56605533333316
2025-08-31,11:50-12:10,23.608200000000068
2025-09-01,09:50-10:10,38.66853100000007
2025-09-01,11:40-11:50,12.081763333333356
2025-09-04,07:50-08:00,8.856846666666627
2025-09-05,06:10-06:20,1.482946666666578
2025-09-05,12:30-12:50,42.46182999999996
2025-09-06,07:20-07:40,21.429514333333294
2025-09-07,07:50-08:30,117.26508666666655
2025-09-07,09:00-09:10,8.86238499999989
2025-09-07,12:30-12:40,31.9024533333332
2025-09-07,13:00-13:20,67.82037333333335
2025-09-08,09:40-10:10,167.42834199999987
2025-09-08,10:30-10:50,93.0501333333334
2025-09-08,13:10-15:30,670.9487815000005
2025-09-10,05:50-06:00,0.6857333333331326
2025-09-10,06:10-06:40,68.3050066666666
2025-09-10,06:50-10:30,1295.6520486666668
2025-09-10,10:50-11:00,33.897993333333375
2025-09-10,12:30-14:20,919.0975756666667
2025-09-11,08:10-08:40,174.5209233333333
2025-09-12,07:10-07:40,106.07484699999995
2025-09-12,12:10-12:30,14.536730000000261
2025-09-13,06:30-06:50,13.92347666666663
2025-09-13,17:00-17:10,5.763173333333327
2025-09-14,04:40-04:50,1.1429733333332024
2025-09-14,05:20-05:30,3.4465666666666266
2025-09-14,07:50-08:10,12.793043333333344
2025-09-14,08:30-09:20,171.7480913333332
2025-09-14,09:30-10:30,336.18746599999986
2025-09-14,11:20-11:30,36.010500000000036
2025-09-14,11:50-13:10,523.1784800000003
2025-09-15,05:40-06:00,4.890373333333287
2025-09-15,06:30-06:50,23.47558333333336
2025-09-15,07:00-08:00,136.8901463333335
2025-09-15,17:50-18:00,2.853149999999914
2025-09-16,04:00-04:10,9.84171666666657
2025-09-16,10:30-12:40,1104.90487
2025-09-16,15:20-15:30,7.2687833333332605
2025-09-17,05:50-06:00,18.560220000000072
2025-09-17,08:00-08:30,65.73717666666664
2025-09-17,08:50-11:40,1279.6988748333335
2025-09-17,13:30-13:40,9.608530000000059
2025-09-17,22:40-22:50,2.243679999999813
2025-09-18,05:20-05:30,27.63927000000001
2025-09-18,05:50-06:10,16.469980000000078
2025-09-18,08:50-10:10,382.70476843333313
2025-09-18,10:30-10:50,28.375900000000172
2025-09-18,12:00-12:10,1.9377933333335022
2025-09-18,12:40-13:10,183.03365333333318
2025-09-18,21:30-21:40,7.150306666666552
2025-09-19,01:40-01:50,16.055459999999982
2025-09-19,04:50-05:00,8.40997666666658
2025-09-19,07:40-07:50,16.264233333333397
2025-09-19,12:00-12:20,187.16485666666665
2025-09-19,15:50-16:10,66.90061466666673
2025-09-19,16:50-17:00,10.031209999999987
2025-09-20,03:10-03:30,24.527206666666643
2025-09-20,06:40-07:50,137.34135833333335
2025-09-20,11:40-11:50,44.677020000000084
2025-09-20,13:30-14:00,43.94306000000006
2025-09-20,15:40-15:50,3.5426398999999744
2025-09-21,04:30-04:40,3.91829666666672
2025-09-21,06:10-06:20,2.072246666666615
2025-09-21,10:50-12:00,342.3098033333336
2025-09-22,00:00-00:10,3.5322299999997995
2025-09-22,00:30-00:50,45.376480000000015
2025-09-22,01:30-02:00,27.94004666666649
2025-09-22,02:40-03:00,34.32149333333325
2025-09-22,03:20-03:50,33.602833333333365
2025-09-22,04:10-04:20,0.5508866666666563
2025-09-22,05:10-05:30,13.114006666666683
2025-09-22,06:50-07:00,5.722650000000044
2025-09-22,07:50-08:00,3.676343333333307
2025-09-22,10:50-11:00,14.433173333333286
2025-09-22,12:10-12:40,143.23813333333374
2025-09-22,13:00-13:20,31.26180999999994
2025-09-22,16:00-16:40,127.6039633333333
2025-09-22,16:50-17:30,75.31558666666626
2025-09-22,19:40-20:10,43.72459999999978
2025-09-22,21:00-21:20,46.58996999999988
2025-09-22,21:40-21:50,16.24330999999995
2025-09-22,22:50-23:00,21.68366333333347
2025-09-22,23:20-23:30,31.861430000000155
2025-09-23,02:00-02:20,18.106319999999982
2025-09-23,03:50-04:00,4.782393333333289
2025-09-23,04:50-05:20,47.117163333333224
2025-09-23,05:40-05:50,0.7594133333333275
2025-09-23,06:10-06:30,37.11411666666663
2025-09-23,06:50-07:10,40.46500333333336
2025-09-23,07:40-08:00,19.766650000000027
2025-09-23,09:30-11:00,463.0141196666665
2025-09-23,14:20-15:20,383.2219864666665
2025-09-23,15:50-16:50,174.9387033333333
2025-09-23,17:10-17:20,0.7903566666666393
2025-09-23,20:10-20:30,52.3614833333333
2025-09-23,20:50-21:10,64.2729700000001
2025-09-23,21:20-21:30,0.4906266666666852
2025-09-23,22:20-22:30,26.238996666666708
2025-09-24,02:50-03:50,88.39474333333305
2025-09-24,04:10-05:30,103.63674999999955
2025-09-24,06:10-08:00,281.1740989999996
2025-09-24,08:20-08:30,16.577013333333298
2025-09-24,08:50-09:20,44.39796333333318
2025-09-24,11:20-12:50,303.1324600000003
2025-09-24,17:00-17:10,5.802903333333234
2025-09-24,18:20-18:30,17.625569999999925
2025-09-24,19:00-19:10,0.3206400000000258
2025-09-24,19:40-19:50,26.955183333333366
2025-09-24,23:40-23:50,13.890733333333287
2025-09-25,00:20-00:50,96.98918333333324
2025-09-25,01:10-01:30,10.021413333333385
2025-09-25,02:00-02:20,8.35637666666662
2025-09-25,02:50-03:20,23.665433333333226
2025-09-25,04:30-05:10,51.17085666666651
2025-09-25,06:20-06:50,27.337433333333365
2025-09-25,07:10-07:20,10.945389999999975
2025-09-25,07:30-07:50,7.6844899999999825
2025-09-25,12:30-12:50,34.20721000000009
2025-09-25,15:40-16:00,33.11102333333321
2025-09-25,16:20-16:40,62.00218000000007
2025-09-25,17:40-17:50,11.806336666666652
2025-09-25,18:30-19:00,87.42774999999995
2025-09-25,20:50-21:30,115.96481999999958
2025-09-25,22:30-23:00,62.76796333333323
2025-09-26,01:50-02:00,14.524569999999983
2025-09-26,03:20-03:30,5.988793333333263
2025-09-26,04:00-04:20,2.519459999999981
2025-09-26,04:40-05:20,47.442343333333156
2025-09-26,05:30-05:40,1.3241299999999683
2025-09-26,07:20-07:30,7.577020000000047
2025-09-26,12:00-12:50,161.32505333333347
2025-09-26,13:50-14:20,61.10746666666671
2025-09-26,14:40-15:00,66.23176333333328
2025-09-26,19:50-20:00,2.7160366666665823
2025-09-26,21:40-21:50,28.068123333333347
2025-09-27,00:30-00:40,7.011739999999975
2025-09-27,01:00-01:20,62.684916666666595
2025-09-27,02:50-03:20,50.01213333333328
2025-09-27,03:40-04:00,31.961160000000007
2025-09-27,04:20-04:40,28.694933333333324
2025-09-27,05:10-05:20,5.122849999999971
2025-09-27,05:30-05:50,19.19417666666675
2025-09-27,06:00-07:00,173.57585333333316
2025-09-27,12:00-15:10,1303.4943066666672
2025-09-27,15:40-16:50,225.76721993333328
2025-09-27,17:30-17:50,9.968163333333337
2025-09-27,18:30-18:50,3.128373333333343
2025-09-27,19:10-19:30,16.593186666666497
2025-09-27,21:00-21:20,17.369893333333152
2025-09-27,23:10-23:50,31.796326666667028
2025-09-28,02:00-02:20,45.00783666666655
2025-09-28,02:30-02:40,9.510629999999992
2025-09-28,03:20-03:40,18.93510666666657
2025-09-28,03:50-04:00,8.807813333333343
2025-09-28,04:50-05:10,26.80761333333328
2025-09-28,06:20-06:40,15.557186666666666
2025-09-28,06:50-07:20,27.7706253333333
2025-09-28,08:30-10:00,262.7042886333334
2025-09-28,10:10-11:10,209.26355777000026
2025-09-28,12:40-13:50,328.9876200000002
2025-09-28,14:10-14:30,19.388063266666727
2025-09-28,17:20-17:50,84.91523333333305
2025-09-28,19:20-19:40,27.30138333333332
2025-09-28,23:40-24:00,81.05517333333319
2025-09-29,00:20-00:50,82.43563333333327
2025-09-29,01:10-01:30,33.32517000000007
2025-09-29,02:00-03:20,216.656743333333
2025-09-29,03:40-04:20,107.52695999999992
2025-09-29,04:40-05:20,29.098003333333054
2025-09-29,05:50-06:20,89.40061666666656
2025-09-29,06:50-07:00,8.53737000000001
2025-09-29,07:40-07:50,1.6372233333333384
2025-09-29,08:10-08:20,8.54274666666663
2025-09-29,09:30-09:50,49.96326716666674
2025-09-29,10:30-11:20,71.85604000000035
2025-09-29,12:50-13:40,154.33294333333342
2025-09-29,14:20-14:30,6.999762333333333
2025-09-29,15:20-15:30,14.826283333333322
2025-09-29,15:50-16:10,57.318913333333285
2025-09-29,16:50-17:20,89.24677999999972
2025-09-29,18:20-19:00,161.00191666666672
2025-09-29,19:10-19:40,80.77621666666653
2025-09-29,20:10-20:50,141.12530133333328
2025-09-29,21:30-21:50,65.46968666666658
2025-09-29,22:20-23:00,81.92307000000028
2025-09-29,23:20-24:00,134.92120666666665
2025-09-30,00:00-00:10,20.461663333333263
2025-09-30,00:20-01:20,157.13061999999968
2025-09-30,02:10-02:30,17.58550666666656
2025-09-30,02:50-04:20,200.40187999999955
2025-09-30,04:30-05:10,122.17367999999988
2025-09-30,06:30-07:10,122.19856446666631
2025-09-30,07:30-08:20,108.29302999999987
2025-09-30,08:50-09:30,204.65776533333343
2025-09-30,09:50-10:50,272.9657223333333
2025-09-30,11:10-11:20,1.6168199999999615
2025-09-30,11:30-11:40,1.9148133333333135
2025-09-30,13:10-16:10,970.6702713000002
2025-09-30,16:30-16:50,26.70029999999997
2025-09-30,17:00-17:10,2.111693333333278
2025-09-30,17:30-18:00,25.068676666666647
2025-09-30,18:20-18:30,24.84097333333318
2025-09-30,18:50-19:10,29.40884333333338
2025-09-30,20:00-20:20,104.38094666666674
2025-09-30,20:30-20:50,92.76724000000002
2025-09-30,21:00-21:20,54.207646666666506
2025-09-30,23:00-23:50,133.56811666666624
2025-10-01,00:30-00:40,7.529339999999934
2025-10-01,01:10-01:20,1.6322666666667374
2025-10-01,01:40-02:10,46.359379999999874
2025-10-01,02:20-03:00,31.28622333333317
2025-10-01,03:20-04:40,186.2876966666662
2025-10-01,05:00-05:20,30.739706666666734
2025-10-01,23:40-24:00,15.194163333333336
2025-10-02,00:00-00:20,15.841760000000022
2025-10-02,00:50-01:00,0.9353199999999333
2025-10-02,01:10-02:40,221.0495899999995
2025-10-02,02:50-03:10,16.22504666666657
2025-10-02,03:20-04:00,71.17948333333311
2025-10-02,04:20-04:40,32.0777866666665
2025-10-02,05:40-06:00,49.227283333333276
2025-10-03,00:40-00:50,15.661283333333301
2025-10-03,01:10-01:40,70.46526000000006
2025-10-03,02:30-02:50,32.71932333333325
2025-10-03,03:10-04:30,107.11461333333312
2025-10-03,05:30-06:00,33.78189666666651
2025-10-03,23:20-23:40,11.759573333333321
2025-10-04,00:20-00:30,5.036616666666703
2025-10-04,01:30-01:50,22.779419999999902
2025-10-04,02:20-02:50,39.78787999999997
2025-10-04,03:50-05:30,152.43035333333324
2025-10-04,05:50-06:40,114.30332666666652
2025-10-04,07:00-07:40,83.89551999999999
2025-10-04,13:30-13:50,22.352083333333553
2025-10-04,23:40-23:50,6.232296666666684
2025-10-05,00:10-01:30,206.17163333333315
2025-10-05,01:50-02:00,3.5183499999999412
2025-10-05,02:30-03:00,118.74583333333328
2025-10-05,03:20-03:40,31.62085999999988
2025-10-05,03:50-04:20,29.434956666666494
2025-10-05,04:40-05:10,68.86356333333322
2025-10-05,06:10-06:20,4.836279999999988
2025-10-05,10:00-10:10,3.3690300000000377
2025-10-05,15:10-15:20,7.8309799999999825
2025-10-05,22:20-22:40,21.96059333333369
2025-10-06,00:10-00:30,19.22242333333338
2025-10-06,01:40-03:00,126.29453666666632
2025-10-06,03:20-03:30,4.7097866666665595
2025-10-06,03:50-04:00,21.33800333333329
2025-10-06,04:50-05:20,47.545909999999935
2025-10-06,06:20-06:40,27.777729999999792
2025-10-06,11:20-13:40,695.6104000000001
2025-10-06,14:00-14:20,23.088202999999936
2025-10-06,16:00-16:20,24.652653333333205
2025-10-06,16:50-17:00,8.160740000000033
2025-10-06,23:30-23:40,4.918763333333118
2025-10-07,00:50-01:50,113.27805999999975
2025-10-07,02:30-03:00,58.01786333333325
2025-10-07,03:50-04:00,2.4217533333332995
2025-10-07,05:00-06:00,56.02974999999992
2025-10-07,07:20-07:30,0.23564999999990732
2025-10-07,07:50-09:50,331.96250933333306
2025-10-07,10:10-10:20,5.086529999999954
2025-10-07,10:30-11:50,274.8762766666671
2025-10-07,12:00-12:20,46.68943000000013
2025-10-07,12:30-13:10,127.29025333333328
2025-10-07,15:20-16:00,27.719563333333213
2025-10-07,23:00-23:10,4.998836666666875
2025-10-07,23:50-24:00,8.752396666666641
2025-10-08,00:50-01:00,14.046459999999911
2025-10-08,01:30-01:50,8.004143333333332
2025-10-08,02:00-02:20,2.5486766666665517
2025-10-08,02:30-04:10,130.72246333333294
2025-10-08,04:40-05:10,33.967769999999746
2025-10-08,06:10-08:20,383.48773333333287
2025-10-08,11:00-11:20,23.17742333333362
2025-10-08,11:30-13:10,854.6247033333339
2025-10-08,15:20-15:40,10.422090000000082
2025-10-08,17:50-18:00,12.456303333333267
2025-10-08,22:10-22:30,31.505646666666507
2025-10-09,00:20-00:40,22.273213333333274
2025-10-09,00:50-01:40,41.55315666666661
2025-10-09,01:50-02:20,49.39126333333331
2025-10-09,02:50-03:20,13.800083333333419
2025-10-09,03:30-03:50,31.28985
2025-10-09,04:10-04:30,14.735866666666539
2025-10-09,04:40-05:00,28.133766666666475
2025-10-09,05:20-05:40,36.56124333333355
2025-10-09,06:10-06:20,15.006683333333285
2025-10-09,07:00-08:10,144.94291666666646
2025-10-09,10:30-11:20,145.3262566666668
2025-10-09,14:30-14:50,31.690139666666745
2025-10-09,15:00-15:20,41.92428033333326
2025-10-09,15:30-15:40,5.0001833333332115
2025-10-09,16:30-16:40,4.54376000000002
2025-10-09,17:10-17:20,3.1436066666667557
2025-10-09,17:40-18:00,22.26142999999979
2025-10-09,19:20-19:30,0.9856499999999642
2025-10-09,23:50-24:00,3.2953133333332403
2025-10-10,00:00-00:20,88.55410666666666
2025-10-10,00:40-01:50,129.25956666666633
2025-10-10,02:00-02:30,29.828963333333263
2025-10-10,03:10-03:50,72.25207999999992
2025-10-10,04:30-04:50,10.006186666666622
2025-10-10,05:00-05:20,34.935673333333284
2025-10-10,05:40-06:00,5.192216666666695
2025-10-10,06:20-06:30,7.327110000000005
2025-10-10,07:00-07:20,107.38590999999997
2025-10-10,15:50-16:10,48.34964693333329
2025-10-10,16:30-16:50,31.45362666666665
2025-10-10,17:10-17:40,71.01601
2025-10-10,20:50-21:00,2.0372933333333094
2025-10-10,22:10-22:30,44.04897333333315
2025-10-10,22:50-23:00,6.395829999999933
2025-10-10,23:20-23:30,9.113763333333281
2025-10-10,23:50-24:00,53.915729999999996
2025-10-11,00:00-00:10,12.101280000000031
2025-10-11,01:10-01:50,43.77142666666657
2025-10-11,02:00-03:00,63.22615333333323
2025-10-11,03:30-03:50,40.1731433333332
2025-10-11,04:00-04:20,18.071249999999964
2025-10-11,04:30-04:40,5.169330000000002
2025-10-11,05:10-05:30,14.18866666666662
2025-10-11,06:40-07:20,64.32071666666661
2025-10-11,12:20-12:40,95.0922300000002
2025-10-11,13:20-13:50,91.10725333333369
2025-10-11,14:10-14:20,6.4251400000001695
2025-10-11,14:50-15:00,59.68329333333338
2025-10-11,17:20-17:30,22.895533333333333
2025-10-11,19:20-19:30,6.029036666666684
2025-10-11,21:20-21:30,1.6608299999999758
2025-10-11,22:20-22:30,37.19979666666654
2025-10-11,22:50-23:00,2.398963333333313
2025-10-11,23:30-24:00,54.3393633333331
2025-10-12,01:00-01:10,10.04980999999998
2025-10-12,01:40-02:00,75.40520666666646
2025-10-12,02:20-02:50,60.42288333333329
2025-10-12,03:30-03:50,26.903099999999995
2025-10-12,05:00-05:20,43.374163333333286
2025-10-12,06:00-06:20,53.176756666666506
2025-10-12,06:40-06:50,5.339309999999955
2025-10-12,07:40-08:00,10.299259999999947
2025-10-12,11:00-11:20,98.82723333333337
2025-10-12,11:40-12:00,63.39688666666689
2025-10-12,12:20-14:40,919.0902812666666
2025-10-12,18:00-18:10,7.275880000000143
2025-10-12,18:50-19:00,1.4654299999999694
2025-10-12,22:00-22:10,8.83991333333347
2025-10-12,22:30-22:50,57.230659999999716
2025-10-12,23:20-24:00,28.356479999999692
2025-10-13,00:20-00:30,12.512063333333344
2025-10-13,00:50-01:00,10.297456666666562
2025-10-13,01:10-01:30,21.321820000000002
2025-10-13,01:50-02:10,52.298119999999926
2025-10-13,02:40-02:50,1.9557366666666667
2025-10-13,04:20-05:10,128.74564666666652
2025-10-13,05:40-05:50,4.548296666666715
2025-10-13,12:20-13:00,120.41351000000014
2025-10-13,13:50-14:10,37.250369999999975
2025-10-13,14:20-15:00,113.69660206666666
2025-10-13,15:50-16:10,23.98729333333324
2025-10-13,16:40-16:50,21.700710000000072
2025-10-13,19:20-19:30,26.65626999999995
2025-10-13,22:00-22:30,34.0688899999999
2025-10-14,00:20-00:30,9.42749666666657
2025-10-14,00:50-01:50,86.2631266666665
2025-10-14,02:00-02:20,77.90534666666645
2025-10-14,03:10-04:00,58.69929333333312
2025-10-14,04:30-05:00,26.407406666666702
2025-10-14,05:10-05:40,40.49494666666669
2025-10-14,06:10-06:30,23.09042333333332
2025-10-14,07:00-08:00,160.51274666666671
2025-10-14,08:20-09:00,78.7033799999999
2025-10-14,09:20-09:50,49.66110233333318
2025-10-14,10:20-10:50,106.36092666666653
2025-10-14,11:50-12:00,13.246483333333288
2025-10-14,12:50-14:20,578.3535900000002
2025-10-14,14:40-17:00,259.61822699999925
2025-10-14,19:00-19:10,4.24148666666656
2025-10-14,22:00-22:30,66.80316000000016
2025-10-14,23:20-23:40,14.08399333333341
2025-10-14,23:50-24:00,7.450726666666583
2025-10-15,00:00-00:10,25.57514666666657
2025-10-15,00:30-00:50,70.34737999999993
2025-10-15,01:00-01:30,29.752463333333253
2025-10-15,01:40-02:00,55.42885666666666
2025-10-15,02:20-03:10,74.42489666666654
2025-10-15,03:40-04:20,64.68902333333324
2025-10-15,04:30-04:50,40.28461000000004
2025-10-15,05:30-05:40,5.614513333333207
2025-10-15,06:30-06:50,14.280923333333249
2025-10-15,10:00-11:20,277.142016666667
2025-10-15,11:40-15:10,2015.3811236666668
2025-10-15,17:00-17:20,4.683106666666731
2025-10-15,17:30-18:10,42.699910000000045
2025-10-15,18:40-19:00,29.685746333333192
2025-10-15,19:20-19:40,36.50016999999991
2025-10-15,20:50-21:20,49.182626666666465
2025-10-15,21:50-22:30,57.34701333333305
2025-10-15,23:00-23:20,18.163366666666434
2025-10-16,00:00-02:00,177.4336433333333
2025-10-16,02:20-02:50,72.36336333333327
2025-10-16,03:40-04:00,10.943916666666723
2025-10-16,04:10-04:40,25.963433333333114
2025-10-16,05:00-05:50,81.61856999999986
2025-10-16,06:50-07:50,57.84598233333338
2025-10-16,08:00-09:00,159.68193666666645
2025-10-16,12:00-17:00,2722.418804666666
2025-10-16,17:20-17:30,19.406979999999862
2025-10-16,18:00-18:10,11.882910000000038
2025-10-16,18:30-18:50,20.824498999999918
2025-10-16,19:20-20:10,82.42356999999981
2025-10-16,20:40-20:50,0.9857066666664878
2025-10-16,21:40-22:00,12.657426666666538
2025-10-16,22:20-22:50,46.36732000000006
2025-10-16,23:50-24:00,43.32332999999994
2025-10-17,00:00-00:20,31.96583866666674
2025-10-17,00:30-00:50,22.504546666666613
2025-10-17,01:00-01:50,57.06971999999979
2025-10-17,02:10-02:40,57.36777999999981
2025-10-17,03:10-03:30,50.174069999999915
2025-10-17,05:00-05:10,1.2727466666667056
2025-10-17,06:30-06:50,23.444390000000055
2025-10-17,12:40-14:50,535.9161766666668
2025-10-17,16:00-16:10,15.78830000000005
2025-10-17,16:40-16:50,17.651156666666623
2025-10-17,17:10-17:20,3.198030000000017
2025-10-17,17:30-17:50,13.29523666666671
2025-10-17,18:00-18:10,0.9355266666666466
2025-10-17,18:30-18:50,46.19819666666655
2025-10-17,19:00-19:30,27.390703333333306
2025-10-17,19:50-20:10,23.974923333333265
2025-10-17,20:20-20:50,53.56054999999998
2025-10-17,21:20-21:50,32.336963999999966
2025-10-17,22:30-23:50,173.4240233333332
2025-10-18,00:10-01:00,122.8832776666664
2025-10-18,01:20-01:30,3.831456666666611
2025-10-18,01:50-02:10,17.69222333333329
2025-10-18,02:40-03:00,67.04886333333337
2025-10-18,03:20-03:40,32.44350000000003
2025-10-18,03:50-04:10,8.293409999999994
2025-10-18,04:40-05:00,42.53517333333326
2025-10-18,05:20-05:40,24.84205666666668
2025-10-18,12:20-12:40,7.197993333333443
2025-10-18,13:30-13:50,30.070106666666675
2025-10-18,14:00-14:40,199.10825000000017
2025-10-18,15:40-16:00,12.938245333333288
2025-10-18,16:20-17:00,100.8945899999998
2025-10-18,17:20-17:40,10.904290000000003
2025-10-18,19:30-19:40,3.025983333333329
2025-10-18,20:50-21:00,2.979250000000036
2025-10-18,21:30-23:00,164.97818000000018
2025-10-18,23:10-23:30,27.569359999999733
2025-10-18,23:50-24:00,3.1849966666666205
2025-10-19,00:10-00:40,49.27763333333348
2025-10-19,00:50-01:30,99.3571733333331
2025-10-19,02:30-02:50,23.517183333333264
2025-10-19,03:00-03:20,22.27743666666663
2025-10-19,03:30-04:00,38.65444999999988
2025-10-19,04:20-04:30,25.239739999999983
2025-10-19,04:50-05:10,26.461943333333352
2025-10-19,05:40-06:00,28.873766666666484
2025-10-19,06:20-06:40,33.75536333333332
2025-10-19,07:20-07:50,43.08097333333325
2025-10-19,08:00-08:20,35.90966999999989
2025-10-19,09:20-09:30,16.769969999999915
2025-10-19,10:00-10:30,66.27189333333311
2025-10-19,13:00-13:20,87.69332999999989
2025-10-19,13:40-17:20,1464.7647135666664
2025-10-19,18:00-18:50,112.22797399999985
2025-10-19,19:00-19:20,47.45315333333315
2025-10-19,19:50-20:10,41.862519999999904
2025-10-19,20:20-20:30,2.537433333333297
2025-10-19,20:40-21:00,10.241839999999911
2025-10-19,21:10-21:30,36.37440666666669
2025-10-19,22:20-22:40,27.045409999999947
2025-10-19,23:00-23:30,57.56333000000018
2025-10-19,23:50-24:00,21.769900000000007
2025-10-20,00:00-00:10,9.291046666666489
2025-10-20,00:50-01:20,65.63999666666655
2025-10-20,02:10-02:50,53.48395333333292
2025-10-20,03:20-04:00,39.17607666666663
2025-10-20,04:20-04:40,1.2213433333331523
2025-10-20,05:30-05:50,39.292726666666454
2025-10-20,07:10-07:30,18.65294333333327
2025-10-20,07:50-08:00,29.57323333333329
2025-10-20,08:20-11:10,1217.4401573666664
2025-10-20,11:40-12:00,50.92139000000003
2025-10-20,13:10-13:50,132.61580666666669
2025-10-20,16:40-16:50,7.0931666666666615
2025-10-20,17:20-17:40,13.497150000000033
2025-10-20,18:30-19:20,59.22019333333324
2025-10-20,19:40-19:50,0.23394666666661124
2025-10-20,20:10-20:20,11.905343333333235
2025-10-20,20:40-21:30,33.75639666666643
2025-10-20,21:50-22:50,136.07902666666666
2025-10-20,23:40-24:00,58.49485666666669
2025-10-21,00:20-00:40,9.824169999999867
2025-10-21,01:30-02:00,36.20398999999986
2025-10-21,02:20-03:10,24.92975666666655
2025-10-21,03:30-03:50,32.368326666666576
2025-10-21,04:10-04:20,1.644303333333255
2025-10-21,04:30-04:50,13.587416666666627
2025-10-21,05:10-06:00,181.54328999999984
2025-10-21,06:20-06:40,35.03884000000005
2025-10-21,06:50-07:30,66.46663999999987
2025-10-21,08:20-08:40,39.18082000000004
2025-10-21,09:10-12:50,1210.4881282333338
2025-10-21,13:00-14:40,396.68101266666696
2025-10-21,16:50-17:00,3.3287599999998747
2025-10-21,17:20-18:10,62.524879999999825
2025-10-21,19:20-19:40,12.265573333333236
2025-10-21,20:40-20:50,0.25443333333316787
2025-10-21,21:20-21:40,5.302296666666507
2025-10-21,22:00-22:20,21.66175999999996
2025-10-21,22:30-24:00,204.10429333333275
2025-10-22,00:00-00:20,21.769526666666707
2025-10-22,00:30-01:50,154.47282666666604
2025-10-22,02:00-02:20,13.689886666666666
2025-10-22,03:30-03:50,13.21756333333326
2025-10-22,04:10-04:20,2.782033333333402
2025-10-22,04:50-05:00,2.848479999999995
2025-10-22,05:30-06:00,36.44068999999979
2025-10-22,07:10-07:30,79.13511333333332
2025-10-22,08:00-10:30,1232.916738
2025-10-22,11:40-12:00,74.95965000000012
2025-10-22,12:20-12:40,4.162006666666798
2025-10-22,15:30-16:00,29.729866666666794
2025-10-22,16:30-17:00,63.72332666666637
2025-10-22,17:20-20:00,491.88472999999954
2025-10-22,20:20-21:10,130.35713666666652
2025-10-22,21:20-22:30,143.12445666666656
2025-10-22,22:50-23:30,133.10684333333302
2025-10-22,23:50-24:00,17.18583000000001
2025-10-23,00:00-00:30,40.88443333333316
2025-10-23,01:30-02:20,81.26567999999997
2025-10-23,02:30-02:50,31.937859999999887
2025-10-23,03:20-03:50,51.021543333333284
2025-10-23,04:10-04:30,25.915869999999927
2025-10-23,05:20-05:40,27.66870000000017
2025-10-23,06:10-06:20,1.7783066666665945
2025-10-23,06:30-06:50,17.66537666666659
2025-10-23,08:30-09:00,57.18745999999993
2025-10-23,09:20-09:30,3.730329999999924
2025-10-23,12:00-12:20,97.39312000000007
2025-10-23,13:00-13:20,21.930983333333472
2025-10-23,15:30-15:50,25.920456666666666
2025-10-23,16:50-18:20,189.5747766666663
2025-10-23,19:00-19:20,65.30634333333342
2025-10-23,19:30-20:30,226.34228333333294
2025-10-23,21:00-21:10,10.787056666666672
2025-10-23,21:30-21:50,27.562766666666448
2025-10-23,22:00-22:50,127.712946666667
2025-10-23,23:00-23:20,41.82266666666658
2025-10-23,23:40-24:00,47.17496999999992
2025-10-24,00:00-00:10,8.065069999999935
2025-10-24,00:30-01:20,40.09356666666662
2025-10-24,01:50-03:20,93.112073333333
2025-10-24,03:30-03:50,27.609543333333306
2025-10-24,04:40-05:00,17.031543333333218
2025-10-24,05:20-06:00,114.31098000000009
2025-10-24,07:20-08:00,94.20743000000004
2025-10-24,15:00-19:20,748.2310943333327
2025-10-24,19:30-20:30,239.68501333333313
2025-10-24,20:40-21:30,193.70982666666652
2025-10-24,21:50-22:30,98.62368333333359
2025-10-24,22:40-23:20,112.8370366666665
2025-10-24,23:50-24:00,11.283749999999998
2025-10-25,00:20-00:40,30.244239999999934
2025-10-25,00:50-01:00,1.6431200000000104
2025-10-25,01:10-02:00,156.73591999999996
2025-10-25,02:20-02:40,22.23445333333325
2025-10-25,03:30-03:50,21.62483999999995
2025-10-25,04:10-04:20,1.4377766666665934
2025-10-25,04:40-05:00,3.9121666666666215
2025-10-25,05:30-05:50,61.698539999999866
2025-10-25,12:10-12:20,18.599620000000073
2025-10-25,13:10-13:20,1.0595866666666325
2025-10-25,14:00-14:40,84.98305333333337
2025-10-25,15:40-15:50,16.46479633333335
2025-10-25,16:10-16:40,40.624816666666646
2025-10-25,17:00-17:20,84.68839666666656
2025-10-25,17:30-18:30,136.37390666666653
2025-10-25,18:50-19:30,114.70143999999993
2025-10-25,19:50-21:20,310.86715666666646
2025-10-25,21:30-22:30,191.82559333333353
2025-10-25,22:40-23:30,118.13824000000045
2025-10-26,00:00-00:20,55.330476666666755
2025-10-26,00:40-01:00,18.238546666666593
2025-10-26,01:10-01:50,89.20493666666664
2025-10-26,02:10-02:40,27.81627000000003
2025-10-26,03:10-03:30,15.066123333333394
2025-10-26,03:50-04:00,2.7014599999999973
2025-10-26,04:20-04:40,7.214043333333279
2025-10-26,05:20-05:40,42.71514666666678
2025-10-26,12:10-12:30,97.61823333333336
2025-10-26,13:40-14:00,40.56843996666668
2025-10-26,16:20-16:30,14.003739999999993
2025-10-26,16:50-19:00,320.66764999999964
2025-10-26,19:20-19:30,3.635286666666616
2025-10-26,20:00-21:10,139.1345133333332
2025-10-26,21:20-21:50,24.45601333333309
2025-10-26,22:00-22:10,0.22379666666665798
2025-10-26,22:30-23:20,87.22830666666619
2025-10-26,23:30-23:50,26.276076666666654
2025-10-27,00:10-00:30,44.450723333333485
2025-10-27,00:50-01:00,0.52948333333336
2025-10-27,01:20-02:00,64.62141999999994
2025-10-27,02:20-02:30,10.52978666666661
2025-10-27,03:00-03:20,9.890556666666612
2025-10-27,03:30-04:30,42.31010333333313
2025-10-27,05:30-05:40,1.2693133333332298
2025-10-27,05:50-06:20,35.81320999999991
2025-10-27,14:10-14:30,7.489957666666584
2025-10-27,14:40-17:20,871.6603799999998
2025-10-27,17:30-17:50,26.84756666666658
2025-10-27,18:00-18:20,40.126945999999975
2025-10-27,18:30-19:10,98.44223999999986
2025-10-27,19:30-20:30,134.8220366666667
2025-10-27,20:40-21:30,106.54865333333305
2025-10-27,21:50-23:20,253.53650333333303
2025-10-28,00:00-00:30,69.02566333333357
2025-10-28,01:00-02:00,78.90039999999976
2025-10-28,02:20-03:00,28.02677666666648
2025-10-28,03:20-04:00,27.65635666666651
2025-10-28,04:20-04:30,12.182916666666642
2025-10-28,05:50-06:00,13.432346666666604
2025-10-28,06:50-07:00,0.3292066666666642
2025-10-28,07:20-07:30,7.471543333333216
2025-10-28,07:50-08:10,87.77732333333313
2025-10-28,08:40-08:50,10.160526666666726
2025-10-28,12:30-13:20,277.4185233333335
2025-10-28,13:40-13:50,18.290097666666725
2025-10-28,14:50-15:00,48.458133333333336
2025-10-28,15:20-15:50,76.03192666666655
2025-10-28,16:00-17:20,165.23866333333297
2025-10-28,18:00-18:20,36.21814999999981
2025-10-28,18:30-21:40,304.6970699999997
2025-10-28,22:00-23:00,164.9417466666672
2025-10-28,23:50-24:00,27.25583000000006
2025-10-29,00:00-00:10,4.44304666666676
2025-10-29,00:20-00:30,3.3786499999998796
2025-10-29,01:20-01:30,9.203019999999924
2025-10-29,01:50-02:00,5.259379999999965
2025-10-29,02:30-02:50,21.470879999999852
2025-10-29,04:10-04:40,90.4636733333333
2025-10-29,05:10-05:40,53.309896666666646
2025-10-29,06:10-06:20,11.321050000000014
2025-10-29,08:00-08:10,5.958003333333295
2025-10-29,08:30-08:50,54.00015999999994
2025-10-29,09:00-12:20,1787.7930696666667
2025-10-29,12:50-13:00,16.496076666666653
2025-10-29,13:10-15:20,531.9159413333334
2025-10-29,15:50-16:00,29.93912666666654
2025-10-29,16:20-16:50,74.62784666666653
2025-10-29,17:00-23:20,1305.107826666666
2025-10-29,23:30-24:00,45.90423333333342
2025-10-30,00:00-00:20,32.70046000000025
2025-10-30,00:40-01:10,50.003263333333166
2025-10-30,02:50-03:30,67.83716666666658
2025-10-30,03:50-04:10,51.783193333333315
2025-10-30,04:40-04:50,7.186903333333248
2025-10-30,06:00-06:10,8.568666666666559
2025-10-30,06:30-06:50,9.76053666666644
2025-10-30,08:00-08:20,28.740239999999858
2025-10-30,11:50-12:00,9.655790000000025
2025-10-30,14:50-15:00,1.9979066666667222
2025-10-30,15:30-17:10,267.7157199999994
2025-10-30,17:20-18:00,111.20289000000002
2025-10-30,18:10-22:20,741.9056333333317
2025-10-30,22:30-24:00,255.18301333333346
2025-10-31,00:00-01:00,86.1706923333333
2025-10-31,01:20-01:40,14.214676666666605
2025-10-31,03:00-03:20,15.571996666666678
2025-10-31,03:40-04:00,11.82605333333322
2025-10-31,04:30-04:50,16.152433333333306
2025-10-31,05:10-05:40,68.4793866666667
2025-10-31,06:30-06:40,1.7621833333332688
2025-10-31,08:10-08:20,10.76293646666662
2025-10-31,11:20-13:00,719.8839233333333
2025-10-31,13:20-13:50,54.27206000000007
2025-10-31,14:20-14:40,109.80863333333332
2025-10-31,15:20-17:00,321.6688536666666
2025-10-31,17:20-17:30,27.465033333333338
2025-10-31,17:50-20:30,570.9533033333328
2025-10-31,20:40-22:50,403.02551666666665
2025-10-31,23:40-24:00,25.18775333333332
2025-11-01,01:40-02:20,61.82882333333322
2025-11-01,02:30-03:40,191.92334999999986
2025-11-01,04:30-04:40,5.1268766666666465
2025-11-01,05:10-05:20,11.56694333333337
2025-11-01,05:30-05:50,5.660066666666637
2025-11-01,07:30-07:40,8.33442333333332
2025-11-01,12:40-13:20,54.98597333333362
2025-11-01,13:40-14:40,51.51417000000009
2025-11-01,14:50-15:00,4.266223333333329
2025-11-01,15:20-15:40,21.09711816666668
2025-11-01,16:00-16:20,73.09426999999997
2025-11-01,16:40-17:30,149.5043346666667
2025-11-01,17:50-19:00,119.75596999999982
2025-11-01,19:20-19:50,49.891209999999944
2025-11-01,20:00-20:20,48.49992999999995
2025-11-01,20:30-22:20,371.64622333333307
2025-11-01,22:40-23:30,118.49137333333351
2025-11-01,23:50-24:00,7.397079999999846
2025-11-02,00:00-00:20,18.483793333333324
2025-11-02,00:30-01:00,32.905723333333185
2025-11-02,01:20-02:30,71.92237666666642
2025-11-02,02:40-03:10,40.88815333333321
2025-11-02,04:40-05:20,56.21030999999982
2025-11-02,07:10-07:30,41.07390999999984
2025-11-02,09:30-09:50,98.13844666666667
2025-11-02,10:30-10:50,29.865041333333423
2025-11-02,12:20-12:40,21.038946666666902
2025-11-02,13:10-13:50,209.4844179999999
2025-11-02,16:20-16:30,21.637333333333345
2025-11-02,16:50-17:30,53.032489999999825
2025-11-02,18:00-21:00,695.7805766666664
2025-11-02,21:30-22:20,160.02477000000022
2025-11-02,22:40-23:10,53.69473000000016
2025-11-02,23:30-23:50,16.55769999999984
2025-11-03,00:10-01:10,68.31623999999988
2025-11-03,01:20-01:50,38.6721533333332
2025-11-03,02:10-02:30,32.2408099999999
2025-11-03,02:50-03:30,35.71590333333313
2025-11-03,03:50-04:10,36.03691666666657
2025-11-03,05:00-05:20,71.62367666666648
2025-11-03,05:50-06:00,5.06277
2025-11-03,06:40-06:50,11.01085333333333
2025-11-03,09:40-12:50,753.4457213333332
2025-11-03,15:10-15:40,46.55586333333321
2025-11-03,15:50-16:00,0.6891966666667031
2025-11-03,16:10-17:20,86.08385333333263
2025-11-03,17:30-19:20,252.14418666666603
2025-11-03,19:30-20:00,24.964479999999867
2025-11-03,20:30-21:30,141.2725999999999
2025-11-03,21:50-23:00,162.43917333333297
2025-11-03,23:30-24:00,104.15940999999964
2025-11-04,00:00-00:20,48.31424333333348
2025-11-04,00:30-00:50,60.01350999999988
2025-11-04,02:10-02:30,9.903356666666468
2025-11-04,03:20-04:10,81.96405666666647
2025-11-04,05:10-05:20,2.653513333333308
2025-11-04,05:50-06:20,69.9980633333331
2025-11-04,06:30-06:40,2.7583066666666696
2025-11-04,10:50-11:10,17.66114000000016
2025-11-04,15:50-16:00,7.441733333333218
2025-11-04,16:20-16:40,4.998953333333247
2025-11-04,17:00-21:20,938.1795733333324
2025-11-04,22:00-22:50,100.77878000000044
2025-11-04,23:00-24:00,56.36705999999981
2025-11-05,00:10-00:50,90.51296999999988
2025-11-05,01:10-01:30,59.067699999999945
2025-11-05,02:00-02:20,12.096533333333355
2025-11-05,02:30-02:40,0.10834666666653447
2025-11-05,03:00-03:20,17.29246666666654
2025-11-05,03:50-04:00,5.534373333333292
2025-11-05,04:50-05:20,51.49798333333308
2025-11-05,06:30-07:00,61.168100000000095
2025-11-05,07:40-07:50,10.578606666666587
2025-11-05,10:00-10:10,3.922918333333314
2025-11-05,11:40-11:50,38.3662833333334
2025-11-05,14:30-15:10,38.20710666666662
2025-11-05,15:30-17:30,234.729153333333
2025-11-05,17:50-18:20,85.70240333333334
2025-11-05,18:30-18:50,71.19336666666686
2025-11-05,19:00-19:50,57.86368333333314
2025-11-05,20:10-21:10,111.57516666666652
2025-11-05,21:40-23:10,282.9774533333331
2025-11-05,23:20-23:40,25.955510000000004
2025-11-06,00:10-00:50,44.38763333333327
2025-11-06,01:00-01:10,3.7426366666666127
2025-11-06,01:30-01:50,46.43961666666655
2025-11-06,02:30-03:10,33.627593333333266
2025-11-06,03:40-04:00,10.671889999999962
2025-11-06,05:10-05:50,79.73662999999976
2025-11-06,06:30-06:50,10.653959999999898
2025-11-06,07:30-11:20,1172.906083599999
2025-11-06,11:40-12:20,101.72776000000022
2025-11-06,12:50-13:20,62.490096333333355
2025-11-06,16:40-17:00,21.506163333333006
2025-11-06,17:30-19:00,214.81501666666605
2025-11-06,19:20-19:30,4.579789999999889
2025-11-06,20:00-21:50,374.9438766666665
2025-11-06,22:00-23:40,265.80103666666685
2025-11-07,00:10-00:50,24.30784333333321
2025-11-07,01:00-02:50,132.41824666666628
2025-11-07,03:30-03:50,14.35420333333326
2025-11-07,05:20-05:30,5.881846666666661
2025-11-07,06:00-06:30,30.945626666666612
2025-11-07,06:50-07:10,32.088346666666666
2025-11-07,07:30-08:30,266.7603282866665
2025-11-07,08:50-09:00,20.13499999999999
2025-11-07,17:00-18:30,231.35119333333307
2025-11-07,18:50-19:10,26.284639999999854
2025-11-07,19:20-21:10,255.7941633333332
2025-11-07,22:00-23:20,124.41078666666743
2025-11-07,23:50-24:00,23.477919999999983
2025-11-08,00:00-00:20,88.95855
2025-11-08,01:00-01:20,53.744943333333254
2025-11-08,01:30-01:40,1.1938333333332594
2025-11-08,02:10-02:30,23.41619000000003
2025-11-08,03:00-03:10,20.691676666666638
2025-11-08,04:20-04:40,18.103916666666635
2025-11-08,06:00-06:20,17.09479333333337
2025-11-08,12:50-13:20,50.58539333333351
2025-11-08,13:30-13:40,0.5547799999999938
2025-11-08,16:20-16:30,29.500086666666675
2025-11-08,16:50-17:40,37.50279000000006
2025-11-08,18:30-19:50,194.60742333333303
2025-11-08,20:30-21:00,81.35349666666656
2025-11-08,21:10-22:30,141.23775000000037
2025-11-08,22:40-23:00,11.070643333333237
2025-11-08,23:20-23:30,9.285696666666581
2025-11-09,00:20-00:40,40.072529999999915
2025-11-09,01:10-01:30,49.34945666666658
2025-11-09,02:00-02:20,26.501176666666538
2025-11-09,03:10-03:40,27.432496666666566
2025-11-09,04:00-04:20,16.56618000000003
2025-11-09,05:00-05:20,17.4706933333332
2025-11-09,06:50-07:10,21.167396666666605
2025-11-09,08:10-08:20,8.274563333333276
2025-11-09,11:20-11:40,21.908583333333354
2025-11-09,12:00-12:20,2.5709566666666888
2025-11-09,13:50-15:50,766.358139
2025-11-09,16:20-16:30,12.557590000000118
2025-11-09,16:50-18:10,83.91280333333316
2025-11-09,18:30-18:50,69.99636666666663
2025-11-09,19:10-21:20,252.99523999999985
2025-11-09,21:30-21:50,18.232303333333107
2025-11-09,22:00-23:00,61.744563333333645
2025-11-09,23:40-24:00,15.46051666666665
2025-11-10,00:20-00:40,63.62560333333329
2025-11-10,01:10-01:30,61.95203333333325
2025-11-10,01:50-02:00,0.555316666666613
2025-11-10,03:50-04:30,82.85208999999998
2025-11-10,05:50-06:00,1.3725900000000593
2025-11-10,06:40-07:00,15.021496666666735
2025-11-10,07:30-07:50,48.116390000000024
2025-11-10,08:00-08:50,185.8105399999999
2025-11-10,09:00-09:10,1.7646966666665662
2025-11-10,10:50-11:00,1.2193866666666509
2025-11-10,11:40-12:50,375.6758000000002
2025-11-10,13:00-13:20,7.870912999999845
2025-11-10,13:30-13:50,43.53773633333327
2025-11-10,14:00-16:40,639.4768863333326
2025-11-10,16:50-17:20,40.58121333333304
2025-11-10,17:30-19:30,295.977489333333
2025-11-10,19:50-20:20,74.23447999999985
2025-11-10,20:40-21:00,70.74177666666662
2025-11-10,21:20-22:00,141.39388666666662
2025-11-10,22:50-23:00,7.998329999999896
2025-11-10,23:20-23:40,34.82360999999992
2025-11-11,00:00-00:20,33.342910000000074
2025-11-11,00:50-01:10,14.16263333333336
2025-11-11,01:30-02:00,26.539483333333123
2025-11-11,03:30-03:40,6.349500000000035
2025-11-11,05:10-05:20,1.532019999999875
2025-11-11,06:50-07:10,13.284473333333267
2025-11-11,09:20-09:30,7.051729999999907
2025-11-11,13:20-13:30,0.46265666666674576
2025-11-11,14:30-15:00,30.674830000000185
2025-11-11,15:10-16:40,157.7707633333327
2025-11-11,17:00-17:30,55.21483666666654
2025-11-11,17:50-18:40,113.99924966666629
2025-11-11,19:00-19:20,33.03198999999995
2025-11-11,19:30-20:20,101.18889333333289
2025-11-11,20:50-21:00,6.381019999999921
2025-11-11,21:20-22:30,145.2855033333334
2025-11-11,23:00-23:30,82.98297999999977
2025-11-11,23:50-24:00,21.161563333333334
2025-11-12,00:20-00:30,14.803719999999998
2025-11-12,01:00-01:10,0.6414499999999634
2025-11-12,04:30-04:50,3.336513333333187
2025-11-12,05:20-05:30,9.80667666666659
2025-11-12,06:10-06:30,43.754729333333216
2025-11-12,06:50-07:00,17.391320000000064
2025-11-12,08:10-08:20,11.22468333333336
2025-11-12,08:40-08:50,0.5582899999999427
2025-11-12,13:20-14:30,184.06264666666664
2025-11-12,16:00-16:20,22.087316666666652
2025-11-12,16:40-17:00,48.6740033333333
2025-11-12,17:20-17:30,16.419033333333232
2025-11-12,18:20-18:40,46.127426666666565
2025-11-12,19:00-20:40,215.63820999999984
2025-11-12,21:10-21:20,9.540543333333176
2025-11-12,21:30-21:50,42.0780166666666
2025-11-12,22:30-22:50,57.441293333333306
2025-11-12,23:00-23:20,1.6395166666663954
2025-11-12,23:50-24:00,6.004479999999944
2025-11-13,00:10-00:30,22.537580000000048
2025-11-13,00:50-01:20,28.721516666666616
2025-11-13,01:50-02:10,30.683043333333217
2025-11-13,02:50-03:00,12.633886666666626
2025-11-13,03:50-04:10,34.2595266666666
2025-11-13,04:40-05:10,20.80361999999991
2025-11-13,05:50-06:00,1.720623333333151
2025-11-13,06:50-07:00,29.706739999999854
2025-11-13,12:00-13:00,351.2773643333336
2025-11-13,13:20-15:30,525.8589872666666
2025-11-13,16:30-17:40,135.56425333333277
2025-11-13,18:40-20:40,279.9944766666665
2025-11-13,21:00-21:20,26.96902666666665
2025-11-13,21:30-22:20,65.53287999999986
2025-11-13,22:30-22:50,26.093476666666675
2025-11-13,23:00-23:20,44.28129333333345
2025-11-14,00:10-00:40,62.606919999999946
2025-11-14,01:50-02:10,49.15134333333327
2025-11-14,02:50-03:10,10.10489333333328
2025-11-14,04:20-04:30,23.287919999999986
2025-11-14,05:00-05:20,7.704379999999901
2025-11-14,10:40-11:10,81.87689333333333
2025-11-14,11:50-12:50,173.16835666666697
2025-11-14,13:40-13:50,7.0432799999999816
2025-11-14,14:00-14:10,23.262149999999963
2025-11-14,15:20-15:50,83.09798766666674
2025-11-14,16:10-16:40,71.42154666666653
2025-11-14,17:50-18:10,16.06488999999999
2025-11-14,18:20-19:00,67.04207333333312
2025-11-14,19:20-19:30,4.143006666666622
2025-11-14,19:50-20:20,46.36815333333328
2025-11-14,20:30-20:40,11.171863333333363
2025-11-14,21:10-21:30,35.21650333333332
2025-11-14,21:40-22:10,17.009403333333182
2025-11-14,23:30-24:00,16.122303333333207
2025-11-15,00:00-00:30,3.457279999999969
2025-11-15,00:50-01:10,6.513436666666564
2025-11-15,03:10-04:20,99.96679666666654
2025-11-15,05:10-05:20,2.6759666666666817
2025-11-15,07:00-07:20,43.07857999999999
2025-11-15,08:00-08:20,3.9138873333332924
2025-11-15,08:50-09:10,6.599063333333345
2025-11-15,10:00-10:20,109.34713999999994
2025-11-15,11:50-12:00,0.632539999999949
2025-11-15,13:00-13:50,155.08612000000005
2025-11-15,15:50-16:00,25.376053333333374
2025-11-15,17:20-17:30,9.049536666666654
2025-11-15,18:00-18:20,42.94080666666656
2025-11-15,18:30-20:40,209.94852333333313
2025-11-15,21:00-21:10,4.227853333333314
2025-11-15,21:40-21:50,12.38015333333334
2025-11-15,22:40-23:20,73.40989333333391
2025-11-16,00:00-00:20,24.177309999999807
2025-11-16,00:40-01:00,41.32911999999999
2025-11-16,01:50-02:00,28.395886666666684
2025-11-16,03:10-03:30,11.857123333333107
2025-11-16,04:00-04:10,13.132563333333223
2025-11-16,04:30-04:40,0.31862999999998465
2025-11-16,05:10-05:30,37.99607999999989
2025-11-16,05:50-06:00,17.011043333333305
2025-11-16,06:30-06:50,23.607466666666596
2025-11-16,08:20-08:30,32.665733333333264
2025-11-16,09:50-11:40,598.769649
2025-11-16,15:00-15:10,7.042313333333368
2025-11-16,15:40-16:10,19.591926666666723
2025-11-16,16:30-17:00,88.37799666666649
2025-11-16,17:40-18:10,89.20467809999991
2025-11-16,18:30-19:00,11.930326666666474
2025-11-16,19:20-19:50,38.942856666666785
2025-11-16,20:20-20:50,95.54253333333327
2025-11-16,21:10-21:30,27.67019999999991
2025-11-16,22:00-23:30,98.11930000000007
2025-11-16,23:40-24:00,37.30897333333314
2025-11-17,00:40-01:20,104.08985333333305
2025-11-17,01:40-02:10,45.21955666666645
2025-11-17,02:50-03:10,16.803976666666472
2025-11-17,03:30-03:40,1.2074233333332813
2025-11-17,04:30-04:40,5.051173333333281
2025-11-17,05:00-05:20,55.97842333333324
2025-11-17,07:30-08:20,48.54191333333313
2025-11-17,09:20-09:40,38.37704999999988
2025-11-17,16:30-17:00,48.24650333333318
2025-11-17,17:30-17:40,5.414583333333212
2025-11-17,18:20-18:30,3.3586433333331343
2025-11-17,18:50-19:30,39.335823333332996
2025-11-17,20:20-20:50,51.31995333333339
2025-11-17,21:20-22:30,93.61733666666635
2025-11-17,23:00-23:20,28.81351666666683
2025-11-18,00:00-00:20,25.004126666666707
2025-11-18,00:40-01:30,67.67791999999963
2025-11-18,02:00-02:10,5.934093333333294
2025-11-18,03:10-03:30,23.798369999999863
2025-11-18,04:00-04:20,45.07130333333316
2025-11-18,04:30-04:50,8.811579999999935
2025-11-18,05:00-05:10,0.060089999999945576
2025-11-18,11:30-13:00,449.7926990480006
2025-11-18,13:20-13:30,7.655552333333404
2025-11-18,13:50-14:20,104.86371999999989
2025-11-18,14:30-15:20,148.68720666666667
2025-11-18,16:00-17:20,64.4513499999997
2025-11-18,18:50-19:30,33.09711333333303
2025-11-18,20:40-21:10,74.44690999999966
2025-11-18,21:20-21:30,8.067713333333359
2025-11-18,21:50-22:00,20.491296666666813
2025-11-18,22:20-23:00,99.50232000000051
2025-11-18,23:30-23:50,22.25623666666661
2025-11-19,00:10-00:20,7.35006333333331
2025-11-19,00:30-01:00,45.684113333333244
2025-11-19,01:40-02:10,28.918003333333218
2025-11-19,02:20-02:30,5.102706666666563
2025-11-19,03:00-03:30,78.31441333333328
2025-11-19,03:50-04:00,20.14280999999994
2025-11-19,04:50-05:10,6.859176666666599
2025-11-19,05:40-06:00,54.309900000000084
2025-11-19,06:50-07:10,3.532903333333138
2025-11-19,08:20-08:50,26.501476666666576
2025-11-19,09:10-09:40,77.5216099999999
2025-11-19,09:50-10:10,37.52166333333341
2025-11-19,10:20-10:30,23.227436666666634
2025-11-19,10:50-11:00,11.345420000000104
2025-11-19,11:20-11:30,16.369833333333304
2025-11-19,14:10-14:20,2.1424999999999557
2025-11-19,16:20-16:30,26.003026666666642
2025-11-19,17:30-17:50,10.523899999999912
2025-11-19,19:00-19:20,19.941766666666695
2025-11-19,19:40-21:20,198.96094333333303
2025-11-19,21:30-21:40,0.9757799999998724
2025-11-19,22:10-23:10,99.52801333333275
2025-11-19,23:40-24:00,36.30995999999993
2025-11-20,00:00-00:10,5.827296666666598
2025-11-20,00:20-00:30,4.439550000000054
2025-11-20,00:50-01:10,38.52565333333325
2025-11-20,01:30-01:40,0.3964033333331827
2025-11-20,02:30-02:50,13.755046666666658
2025-11-20,03:20-03:50,18.957449999999994
2025-11-20,04:30-04:50,31.376743333333252
2025-11-20,05:20-05:30,0.7287566666666407
2025-11-20,08:00-08:10,9.277386666666644
2025-11-20,13:00-13:20,59.76991666666677
2025-11-20,13:40-14:20,90.7237300000001
2025-11-20,14:30-14:50,12.804083333333438
2025-11-20,15:10-15:30,23.02437999999995
2025-11-20,16:50-17:00,44.43424999999979
2025-11-20,17:20-17:30,12.018266666666705
2025-11-20,17:50-18:20,77.79876666666667
2025-11-20,18:50-19:30,68.92632666666657
2025-11-20,20:30-21:30,135.3372633333331
2025-11-20,21:50-22:00,5.7867966666665325
2025-11-20,22:20-22:40,19.28457666666668
2025-11-20,23:10-23:50,87.48504999999966
2025-11-21,00:10-00:20,10.41895500000004
2025-11-21,00:50-01:00,4.760993333333374
2025-11-21,01:30-01:50,33.15263999999996
2025-11-21,02:00-02:20,18.834986666666566
2025-11-21,02:30-03:00,47.344579999999894
2025-11-21,03:20-04:00,128.60819666666657
2025-11-21,04:30-04:50,10.658009999999877
2025-11-21,07:10-07:30,10.34896666666657
2025-11-21,12:10-12:20,13.167343333333235
2025-11-21,15:50-16:00,26.545739999999995
2025-11-21,17:00-17:10,0.19591333333335115
2025-11-21,17:30-18:00,44.06181266666657
2025-11-21,18:50-19:10,10.935426666666615
2025-11-21,21:00-21:50,91.51273333333324
2025-11-21,22:30-22:50,37.62347666666665
2025-11-21,23:30-23:40,21.361146666666627
2025-11-22,00:00-00:20,40.360581666666576
2025-11-22,00:30-00:50,15.153729999999939
2025-11-22,02:10-02:30,15.307896666666636
2025-11-22,02:50-03:10,52.45395000000002
2025-11-22,03:30-04:20,72.94953666666669
2025-11-22,04:30-04:50,7.87826333333328
2025-11-22,05:00-05:20,19.89926666666662
2025-11-22,05:50-06:10,29.519993333333332
2025-11-22,06:20-06:30,1.3024366666666651
2025-11-22,06:40-07:00,4.597596666666675
2025-11-22,09:30-09:50,22.549256666666764
2025-11-22,16:10-17:00,58.08841333333322
2025-11-22,17:30-18:10,10.136229999999784
2025-11-22,18:30-18:50,51.55895666666663
2025-11-22,19:20-20:20,90.36271999999985
2025-11-22,20:40-21:00,23.756106666666597
2025-11-22,21:40-22:00,4.765950000000089
2025-11-22,22:20-22:30,26.787063333333435
2025-11-22,22:50-23:20,39.35238000000027
2025-11-23,00:00-00:50,66.91368666666665
2025-11-23,02:50-03:00,12.31632333333323
2025-11-23,03:20-03:40,18.677426666666634
2025-11-23,04:10-04:30,21.58947999999998
2025-11-23,04:40-05:00,24.62186666666662
2025-11-23,05:20-05:50,38.35244333333344
2025-11-23,07:20-08:20,99.95386999999971
2025-11-23,09:30-11:00,315.97780333333367
2025-11-23,11:10-11:30,33.39161666666678
2025-11-23,17:40-18:30,75.7871366666667
2025-11-23,18:50-19:10,41.5398133333332
2025-11-23,20:30-21:20,123.1662699999996
2025-11-23,22:10-22:30,27.013833333333082
2025-11-23,23:10-23:20,5.654029999999921
2025-11-24,00:00-00:20,51.25752666666676
2025-11-24,00:50-01:30,26.626480000000015
2025-11-24,03:10-03:30,5.442023333333282
2025-11-24,05:20-05:30,25.79917999999998
2025-11-24,05:50-06:10,27.32175939999977
2025-11-24,13:10-13:30,29.807111333333474
2025-11-24,14:10-14:30,7.66203999999982
2025-11-24,15:30-16:10,59.95766666666657
2025-11-24,17:20-17:40,13.75336666666658
2025-11-24,18:20-18:30,7.955416666666679
2025-11-24,18:40-19:10,53.46344299999987
2025-11-24,19:40-21:00,148.54268999999977
2025-11-24,21:20-21:30,3.1780233333333854
2025-11-24,21:50-22:00,14.882496666666839
2025-11-24,22:40-23:30,124.00132333333363
2025-11-24,23:40-24:00,21.327113333333273
2025-11-25,00:20-00:30,1.202229999999986
2025-11-25,02:10-02:30,33.9157899999999
2025-11-25,03:00-03:20,5.5131833333331315
2025-11-25,03:40-04:20,76.93145333333325
2025-11-25,04:40-05:00,35.21289666666655
2025-11-25,07:30-07:50,22.362183333333405
2025-11-25,08:20-08:30,10.39974333333339
2025-11-25,08:40-09:10,60.684120000000064
2025-11-25,10:10-10:20,0.12694333333323016
2025-11-25,11:00-11:30,80.82771666666667
2025-11-25,13:10-13:30,53.492318333333436
2025-11-25,16:30-16:50,10.863176666666732
2025-11-25,17:20-17:40,15.260616666666465
2025-11-25,18:10-18:30,6.691139999999905
2025-11-25,18:50-19:30,40.045293333333234
2025-11-25,20:20-20:40,18.599689999999896
2025-11-25,21:20-22:00,117.26005333333319
2025-11-25,22:50-23:00,0.2491299999999228
2025-11-25,23:20-23:50,67.31861333333313
2025-11-26,00:50-01:00,21.72303333333332
2025-11-26,02:10-02:40,42.73397666666676
2025-11-26,04:10-04:20,1.7200999999998885
2025-11-26,05:50-06:20,71.02250000000004
2025-11-26,07:00-07:20,14.309229999999843
2025-11-26,08:20-08:30,27.908373333333202
2025-11-26,10:30-10:40,5.254993333333331
2025-11-26,11:10-11:20,8.11487666666676
2025-11-26,11:50-12:30,70.25621333333356
2025-11-26,13:00-13:30,68.03097633333326
2025-11-26,13:50-14:20,52.836016666666694
2025-11-26,14:50-15:10,6.006643333333386
2025-11-26,15:50-16:10,48.57866333333334
2025-11-26,18:10-18:20,12.739216666666607
2025-11-26,18:40-19:10,29.753448333333225
2025-11-26,20:10-20:30,22.10425999999984
2025-11-26,21:00-21:20,14.267383333333328
2025-11-26,23:00-24:00,94.7576199999994
2025-11-27,00:20-00:40,10.130993333333208
2025-11-27,01:30-01:50,9.89758333333316
2025-11-27,04:00-04:10,2.784906666666643
2025-11-27,04:40-05:00,24.665296666666677
2025-11-27,05:50-06:00,12.76550999999995
2025-11-27,06:20-06:30,8.75833
2025-11-27,13:50-14:10,16.619553333333442
2025-11-27,14:40-14:50,14.243133333333276
2025-11-27,15:10-16:30,259.03072999999995
2025-11-27,17:40-17:50,3.7017166666665844
2025-11-27,18:10-18:30,18.987193333333266
2025-11-27,19:00-19:10,0.041190000000028704
2025-11-27,19:40-20:00,7.442906666666431
2025-11-27,20:10-20:40,54.04759999999976
2025-11-27,22:00-22:10,7.49091333333331
2025-11-27,22:40-22:50,0.5776299999997718
2025-11-28,00:10-00:50,41.58434333333321
2025-11-28,01:10-01:20,1.0240433333332817
2025-11-28,03:40-03:50,0.013733333333334485
2025-11-28,04:00-04:30,91.61233333333325
2025-11-28,04:50-05:00,32.44481999999999
2025-11-28,05:50-06:10,31.953959999999995
2025-11-28,07:40-08:10,47.639736666666636
2025-11-28,10:10-10:40,21.33751666666666
2025-11-28,11:50-12:10,40.472669999999994
2025-11-28,13:20-13:30,2.1483233333333374
2025-11-28,14:50-15:20,47.05089482999999
2025-11-28,16:10-16:20,2.9899833333333277
2025-11-28,18:20-18:30,26.769383333333337
2025-11-28,18:50-20:20,171.07224333333312
2025-11-28,20:30-20:50,6.914580000000001
2025-11-28,23:40-24:00,11.311383333333367
2025-11-29,01:50-02:00,26.712393333333296
2025-11-29,02:20-02:30,10.130866666666634
2025-11-29,03:30-04:00,35.737826666666535
2025-11-29,04:20-04:40,52.97920333333326
2025-11-29,06:00-06:40,39.47865666666655
2025-11-29,07:20-07:30,8.318789999999979
2025-11-29,07:50-08:00,7.446856666666633
2025-11-29,09:50-10:00,0.3763600000000906
2025-11-29,10:30-15:50,2112.1400403333337
2025-11-29,17:30-17:50,9.898993333333237
2025-11-29,18:20-18:30,0.9097933333333117
2025-11-29,18:50-19:20,18.68136666666652
2025-11-29,19:50-20:20,61.7628733333334
2025-11-29,20:50-21:00,1.3015633333333199
2025-11-29,21:20-21:30,17.19869666666665
2025-11-29,22:00-22:10,0.9485466666667435
2025-11-29,22:40-23:00,52.22415999999998
2025-11-29,23:20-24:00,113.88032000000004
2025-11-30,00:00-00:10,6.14908000000014
2025-11-30,01:20-01:40,15.062416666666536
2025-11-30,03:30-04:00,66.60981000000004
2025-11-30,04:20-04:30,12.135413333333304
2025-11-30,05:30-05:40,17.495113333333165
2025-11-30,06:00-06:20,30.146359999999845
2025-11-30,06:40-07:00,38.170769999999834
2025-11-30,08:00-08:20,61.90659999999991
2025-11-30,09:00-09:20,25.6916333333333
2025-11-30,10:00-10:10,4.080203333333316
2025-11-30,11:00-12:20,216.03926666666712
2025-11-30,12:30-13:20,185.99613300000004
2025-11-30,13:40-14:00,46.020766666666646
2025-11-30,14:20-15:10,169.00017333333324
2025-11-30,15:20-15:30,16.507109999999784
2025-11-30,15:50-16:10,18.26916333333338
2025-11-30,18:50-19:30,77.7469033333332
2025-11-30,20:20-20:30,9.813793333333251
2025-11-30,21:10-21:40,59.04862666666645
2025-11-30,22:00-22:10,8.492746666666562
2025-11-30,22:40-23:40,73.60797000000002
2025-12-01,00:00-01:00,186.07226999999978
2025-12-01,01:10-10:50,4093.132476899999
2025-12-01,12:20-12:30,11.718056666666712
2025-12-01,12:50-15:50,896.9693966666664
2025-12-01,17:40-18:30,29.738456666666252
2025-12-01,18:50-19:00,20.2361966666665
2025-12-01,19:20-19:30,7.035606666666695
2025-12-01,19:50-20:30,64.71234666666646
2025-12-01,21:00-21:50,41.11092999999971
2025-12-01,22:00-22:20,17.205803333333392
2025-12-01,22:40-23:20,46.41500999999994
2025-12-01,23:40-24:00,96.04753333333338
2025-12-02,00:00-11:50,5255.981901399999
2025-12-02,12:00-13:20,281.5333400000003
2025-12-02,13:30-13:50,62.00004666666682
2025-12-02,14:00-15:50,380.71369999999945
2025-12-02,16:00-16:20,61.803673333333336
2025-12-02,16:40-17:30,57.87036666666643
2025-12-02,18:00-19:00,178.1056336666664
2025-12-02,19:20-20:10,63.61544666666657
2025-12-02,20:40-20:50,10.508499999999913
2025-12-02,21:00-22:00,110.3344566666666
2025-12-02,22:20-22:40,23.07527666666647
2025-12-02,23:00-23:50,83.23129666666682
2025-12-03,00:00-10:00,2983.5815049333305
2025-12-03,11:10-13:10,908.9880366666669
2025-12-03,13:20-13:50,216.90612333333328
2025-12-03,14:10-15:30,236.6275499999997
2025-12-03,15:50-16:00,3.195506666666688
2025-12-03,16:10-16:40,78.92696666666677
2025-12-03,17:30-18:00,20.913836666666498
2025-12-03,18:10-18:30,34.04836999999986
2025-12-03,19:00-19:20,17.62025666666659
2025-12-03,20:10-20:30,14.534256666666693
2025-12-03,20:50-21:10,37.55678
2025-12-03,21:20-21:50,61.281503333333376
2025-12-03,22:00-22:10,5.191396666666606
2025-12-03,22:30-22:50,8.46032666666656
2025-12-03,23:00-24:00,145.36140666666688
2025-12-04,00:00-00:20,66.18984333333333
2025-12-04,00:40-10:20,3850.4294879999984
2025-12-04,10:30-10:50,28.436286666666604
2025-12-04,11:00-11:30,45.53331000000003
2025-12-04,12:20-12:30,9.773003333333236
2025-12-04,15:30-16:20,71.16486333333341
2025-12-04,16:30-16:50,42.12512333333336
2025-12-04,17:00-17:20,39.449316666666505
2025-12-04,17:40-18:10,73.30854666666664
2025-12-04,18:20-18:30,2.10889666666651
2025-12-04,18:50-19:00,0.8362500000000637
2025-12-04,19:20-19:30,2.7651566666667122
2025-12-04,19:50-20:10,49.995086666666566
2025-12-04,20:30-20:50,70.33631333333335
2025-12-04,21:50-22:10,30.102210000000014
2025-12-04,22:40-24:00,127.44016999999974
2025-12-05,00:00-00:30,57.248360000000105
2025-12-05,00:50-01:20,85.34669333333335
2025-12-05,01:30-09:30,2567.757716999998
2025-12-05,10:10-11:00,132.1042500000002
2025-12-05,13:10-14:50,464.3305013333331
2025-12-05,15:40-15:50,4.059759999999983
2025-12-05,17:00-18:10,84.97063999999986
2025-12-05,18:30-18:50,22.35453999999993
2025-12-05,19:30-20:00,51.77957666666663
2025-12-05,21:30-22:00,94.6002200000002
2025-12-05,22:20-22:40,58.06489333333343
2025-12-05,23:10-24:00,156.36996333333326
2025-12-06,00:00-02:20,501.0666799999997
2025-12-06,02:30-12:10,3832.5196559999986
2025-12-06,14:10-14:20,14.757867999999988
2025-12-06,15:00-15:20,40.15105399999996
2025-12-06,16:00-16:20,78.70836333333324
2025-12-06,16:30-16:50,61.74541999999997
2025-12-06,17:10-17:20,5.319919999999911
2025-12-06,17:40-18:10,62.98318966666666
2025-12-06,18:20-18:30,29.196423333333314
2025-12-06,18:50-19:40,86.33911666666654
2025-12-06,20:10-20:30,20.541819999999973
2025-12-06,21:00-21:20,78.2597366666667
2025-12-06,21:50-22:10,63.5306599999999
2025-12-06,22:30-22:50,15.707943333333333
2025-12-06,23:20-24:00,101.2131266666666
2025-12-07,00:00-08:20,2300.7804836666655
2025-12-07,10:30-11:10,126.6882299999998
2025-12-07,12:40-13:10,63.31796666666676
2025-12-07,13:40-13:50,10.138856666666754
2025-12-07,14:00-14:20,25.725116666666565
2025-12-07,14:40-15:50,161.31130000000036
2025-12-07,16:30-16:50,23.58837666666659
2025-12-07,17:20-17:50,25.85526999999979
2025-12-07,18:00-18:50,105.94528333333312
2025-12-07,19:10-19:30,52.6178900000001
2025-12-07,20:10-20:30,60.104886666666744
2025-12-07,20:50-21:00,3.4316566666666404
2025-12-07,21:20-21:30,4.906566666666549
2025-12-07,21:50-22:30,42.75278333333358
2025-12-07,22:50-23:50,157.10568666666666
2025-12-08,00:40-01:50,103.85746666666648
2025-12-08,02:00-02:50,208.77138666666656
2025-12-08,03:00-07:20,1022.7118399999991
2025-12-08,07:40-08:00,22.05604099999988
2025-12-08,09:30-09:40,0.17259333333339555
2025-12-08,10:50-11:30,119.72401666666656
2025-12-08,12:00-12:10,6.0537333333335255
2025-12-08,12:30-12:50,50.7862733333335
2025-12-08,13:00-14:00,310.55129
2025-12-08,14:20-14:30,4.197776666666641
2025-12-08,16:00-16:10,2.7329633333332595
2025-12-08,18:50-19:00,0.1497033333332638
2025-12-08,19:40-19:50,1.431203333333201
2025-12-08,20:20-20:50,65.73436333333314
2025-12-08,21:10-21:20,5.94759333333343
2025-12-08,22:10-22:30,42.28795000000002
2025-12-08,23:30-23:50,17.90784000000008
2025-12-09,00:10-01:10,156.43417999999986
2025-12-09,01:30-01:50,3.974213333333182
2025-12-09,02:00-02:20,29.55937999999992
2025-12-09,02:30-07:00,980.230413333332
2025-12-09,07:10-08:20,281.88709600000016
2025-12-09,08:30-09:20,139.07496666666623
2025-12-09,13:10-13:20,17.887833333333305
2025-12-09,13:50-14:00,13.591826666666577
2025-12-09,14:40-15:00,66.48217333333344
2025-12-09,17:00-17:50,73.38253333333319
2025-12-09,18:10-18:50,54.975949999999955
2025-12-09,19:20-19:50,71.53220333333297
2025-12-09,20:10-20:40,46.71254666666675
2025-12-09,20:50-21:20,25.66128333333336
2025-12-09,21:50-22:00,5.160630000000083
2025-12-09,22:30-22:50,38.7491766666667
2025-12-10,00:00-00:40,92.14844666666659
2025-12-10,01:10-01:30,56.2528299999999
2025-12-10,01:50-02:20,65.33215333333317
2025-12-10,02:30-03:40,191.92640666666648
2025-12-10,03:50-06:50,759.2333466666659
2025-12-10,07:00-07:20,56.87602999999979
2025-12-10,07:40-08:00,30.51079933333324
2025-12-10,09:20-09:40,17.334106666666628
2025-12-10,10:20-11:20,175.8879347666668
2025-12-10,12:00-13:40,371.3927700000002
2025-12-10,15:20-16:10,70.31626666666602
2025-12-10,16:20-16:50,54.54991666666638
2025-12-10,17:30-17:40,1.2950666666663437
2025-12-10,18:00-18:20,16.499863333333224
2025-12-10,18:40-19:20,50.84606999999997
2025-12-10,21:50-23:10,102.0416133333332
2025-12-10,23:50-24:00,14.331663333333267
2025-12-11,00:00-00:20,81.85137666666674
2025-12-11,00:30-01:00,46.181253333333416
2025-12-11,01:20-02:30,135.46443999999974
2025-12-11,02:50-03:00,30.725819999999885
2025-12-11,03:20-03:50,59.60547333333329
2025-12-11,04:20-04:40,40.31232
2025-12-11,04:50-07:10,383.04439333333255
2025-12-11,07:40-07:50,14.622736666666697
2025-12-11,08:30-08:50,32.933996666666644
2025-12-11,11:30-12:10,163.43649666666693
2025-12-11,15:50-16:00,4.235419999999976
2025-12-11,17:20-17:30,5.889399999999796
2025-12-11,18:00-18:20,11.770456666666519
2025-12-11,18:30-18:40,2.510306666666679
2025-12-11,19:10-19:30,60.888276666666684
2025-12-11,20:00-20:10,10.022440000000074
2025-12-11,20:40-20:50,1.1636866666665355
2025-12-11,21:40-22:00,31.06180666666637
2025-12-11,22:10-22:30,74.07868999999971
2025-12-11,22:50-23:00,31.79879666666693
2025-12-12,00:30-00:50,12.976173333333293
2025-12-12,01:10-02:50,209.2863233333332
2025-12-12,03:00-03:30,50.478606666666565
2025-12-12,04:00-07:20,721.6044033333327
2025-12-12,07:40-08:00,56.11029666666656
2025-12-12,08:20-08:50,43.07678999999993
2025-12-12,09:00-09:20,49.433331333333285
2025-12-12,09:30-10:10,223.83863056666658
2025-12-12,10:20-13:10,1173.0411833333337
2025-12-12,16:50-17:10,9.849296666666532
2025-12-12,18:00-18:20,30.535849999999982
2025-12-12,19:00-19:20,2.134686666666653
2025-12-12,20:00-21:10,103.8634899999999
2025-12-12,21:50-22:30,98.584296666667
2025-12-12,22:50-23:10,43.850200000000086
2025-12-12,23:50-24:00,12.733753333333368
2025-12-13,00:00-03:00,391.1977933333331
2025-12-13,03:20-03:30,2.5351000000000568
2025-12-13,04:00-06:30,437.47047999999967
2025-12-13,06:40-08:50,242.63909666666643
2025-12-13,09:00-10:40,292.9076383333329
2025-12-13,11:00-11:10,16.937610000000063
2025-12-13,11:40-11:50,1.3586133333334374
2025-12-13,12:40-14:30,378.1588091666666
2025-12-13,16:40-16:50,10.28132000000005
2025-12-13,18:00-18:20,74.97712999999993
2025-12-13,19:50-20:00,0.386229999999955
2025-12-13,20:40-21:00,17.518713333333267
2025-12-13,21:20-21:50,40.65342000000004
2025-12-13,23:20-23:40,18.903960000000325
2025-12-13,23:50-24:00,9.986983333333342
2025-12-14,00:30-00:50,5.506323333333285
2025-12-14,01:00-01:20,10.521769999999947
2025-12-14,02:00-03:30,193.424883333333
2025-12-14,03:50-05:10,221.7246899999999
2025-12-14,05:30-05:50,50.13347333333331
2025-12-14,06:00-07:40,197.50695666666635
2025-12-14,08:30-08:50,35.32375666666644
2025-12-14,09:20-09:30,14.786149999999907
2025-12-14,10:10-11:10,396.26989999999984
2025-12-14,14:20-14:30,4.233076666666591
2025-12-14,15:30-15:50,50.12992333333318
2025-12-14,16:30-16:40,14.139400000000023
2025-12-14,17:10-17:30,32.07736666666665
2025-12-14,18:00-18:20,12.315786666666554
2025-12-14,19:00-19:30,16.83315333333303
2025-12-14,19:50-20:20,71.49017000000015
2025-12-14,20:50-21:00,0.9083299999999781
2025-12-14,21:30-22:00,26.15281333333303
2025-12-14,23:50-24:00,1.2776000000000067
2025-12-15,00:20-01:00,40.15129999999988
2025-12-15,01:50-02:50,83.58595999999955
2025-12-15,03:30-03:50,59.40104333333318
2025-12-15,04:00-04:10,6.9716366666666545
2025-12-15,06:10-06:30,65.40050999999983
2025-12-15,07:00-07:20,26.939876666666578
2025-12-15,07:30-07:50,3.690986666666845
2025-12-15,09:10-09:50,43.56793666666664
2025-12-15,10:00-10:20,102.73927666666665
2025-12-15,11:00-11:30,217.7543566666668
2025-12-15,11:40-12:00,49.30133333333322
2025-12-15,17:10-17:40,65.94581666666647
2025-12-15,18:50-19:00,6.638233333333346
2025-12-15,20:20-20:30,1.0969700000000557
2025-12-15,22:20-23:00,38.470486666666375
2025-12-15,23:20-23:40,29.438143333333528
2025-12-16,00:20-00:40,22.70791333333318
2025-12-16,01:20-01:30,2.8001599999998916
2025-12-16,02:00-02:20,36.0555866666665
2025-12-16,03:00-03:30,28.140866666666398
2025-12-16,04:10-04:50,81.88260333333312
2025-12-16,05:20-05:30,17.228629999999953
2025-12-16,05:50-06:00,22.558723333333205
2025-12-16,06:10-06:30,47.34500666666668
2025-12-16,06:50-07:10,27.04573999999991
2025-12-16,09:00-09:30,46.08279666666647
2025-12-16,09:40-10:10,28.087083333333396
2025-12-16,10:40-11:00,44.632773333333375
2025-12-16,11:20-11:50,125.34392333333312
2025-12-16,17:10-17:50,37.16371666666657
2025-12-16,18:00-18:20,32.283076666666716
2025-12-16,19:30-19:40,7.943673333333322
2025-12-16,21:40-21:50,7.483189999999922
2025-12-16,22:00-22:20,11.26382000000001
2025-12-16,23:00-23:20,46.5334666666663
2025-12-16,23:40-24:00,27.924383333333253
2025-12-17,00:00-00:10,22.2966633333333
2025-12-17,01:00-01:20,9.40923666666663
2025-12-17,01:40-02:10,29.98924999999997
2025-12-17,02:50-03:10,13.69244666666657
2025-12-17,03:40-04:00,18.571663333333163
2025-12-17,04:30-04:50,9.196716666666703
2025-12-17,05:00-05:50,193.7818266666668
2025-12-17,06:00-06:10,0.7939299999999037
2025-12-17,06:30-07:10,126.96605666666653
2025-12-17,08:00-08:10,3.109187666666557
2025-12-17,17:30-17:50,12.901189999999815
2025-12-17,18:20-18:40,33.62333999999987
2025-12-17,20:30-20:50,23.588933333333216
2025-12-17,21:10-21:30,55.80749333333324
2025-12-17,21:50-22:00,1.2157300000001214
2025-12-17,23:30-23:50,35.963769999999954
2025-12-18,00:20-00:50,61.029499999999985
2025-12-18,01:20-01:30,2.4390566666667155
2025-12-18,01:40-02:10,119.58480666666651
2025-12-18,02:50-03:20,115.66257333333317
2025-12-18,03:50-04:00,19.848666666666645
2025-12-18,04:20-04:40,54.63862999999992
2025-12-18,05:00-05:10,4.618273333333377
2025-12-18,05:30-05:50,71.03597666666656
2025-12-18,07:10-07:40,39.430766666666614
2025-12-18,08:30-08:40,2.1858499999999594
2025-12-18,09:20-09:30,9.342010000000073
2025-12-18,10:00-10:30,83.99887999999987
2025-12-18,17:10-17:20,4.5942499999998745
2025-12-18,19:20-19:40,17.08531333333326
2025-12-18,20:50-21:10,12.858386666666547
2025-12-18,22:00-22:20,36.3257000000001
2025-12-18,22:40-23:00,34.002393333332975
2025-12-19,00:00-00:10,2.797863333333453
2025-12-19,00:40-01:00,29.118989999999997
2025-12-19,01:50-02:10,54.13692333333324
2025-12-19,03:10-03:20,6.8056433333333075
2025-12-19,05:00-05:20,28.662793333333298
2025-12-19,05:50-06:00,5.04877666666664
2025-12-19,06:30-06:40,0.8140799999999899
2025-12-19,07:00-07:10,6.374549999999886
2025-12-19,07:40-08:00,37.98669999999993
2025-12-19,13:50-14:30,102.72251389999998
2025-12-19,14:50-15:10,62.240121333333306
2025-12-19,16:30-16:50,21.494303333333164
2025-12-19,17:20-17:30,1.3471866666666301
2025-12-19,18:30-18:50,50.89654999999999
2025-12-19,19:20-19:30,7.715786666666588
2025-12-19,20:10-20:40,56.852326666666556
2025-12-19,21:10-21:30,23.06946999999991
2025-12-19,22:20-22:40,17.45552666666663
2025-12-19,22:50-23:20,34.27021333333346
2025-12-19,23:30-23:50,31.897713333333343
2025-12-20,00:40-01:00,20.653719999999964
2025-12-20,01:30-01:50,75.27587999999997
2025-12-20,02:10-02:20,3.452226666666604
2025-12-20,03:50-04:10,21.983403333333285
2025-12-20,04:20-04:40,6.0373299999998835
2025-12-20,05:00-05:20,28.066156666666643
2025-12-20,05:30-05:40,9.272846666666965
2025-12-20,06:30-06:50,43.77830999999992
2025-12-20,07:20-07:30,1.400691333333235
2025-12-20,07:50-08:10,26.630946666666716
2025-12-20,08:20-09:00,34.67143999999999
2025-12-20,09:20-09:30,3.2595666666665863
2025-12-20,13:20-13:30,12.814039999999977
2025-12-20,17:10-17:40,31.804409999999905
2025-12-20,18:20-18:40,8.73163333333332
2025-12-20,19:00-19:10,12.033813333333285
2025-12-20,19:40-19:50,2.359456666666631
2025-12-20,21:40-22:20,31.17121666666668
2025-12-20,22:30-23:00,28.063723333333428
2025-12-21,01:00-01:20,20.66266666666661
2025-12-21,01:30-01:40,11.756346666666559
2025-12-21,02:00-02:20,14.656299999999987
2025-12-21,03:00-03:20,70.89467666666656
2025-12-21,03:30-04:10,115.13871000000006
2025-12-21,05:40-06:00,25.72961999999984
2025-12-21,06:10-06:30,48.08677666666665
2025-12-21,10:20-11:40,455.09129
2025-12-21,13:00-13:10,3.7534633333332863
2025-12-21,15:20-15:30,6.285546666666733
2025-12-21,17:20-17:30,11.536766666666608
2025-12-21,18:40-19:00,13.399536666666535
2025-12-21,19:40-20:10,67.18860333333316
2025-12-21,21:40-22:00,4.130953333333196
2025-12-21,22:50-23:10,12.363199999999779
2025-12-21,23:30-23:50,5.657769999999914
2025-12-22,00:00-00:20,15.44227666666643
2025-12-22,00:40-00:50,4.135089999999991
2025-12-22,01:00-01:20,26.91951333333327
2025-12-22,01:30-01:50,19.019233333333318
2025-12-22,02:20-02:40,50.198533333333216
2025-12-22,03:20-03:30,17.40303333333327
2025-12-22,07:30-07:40,9.286979999999858
2025-12-22,17:00-17:20,30.64469999999983
2025-12-22,17:50-18:20,35.10201333333316
2025-12-22,19:10-20:10,42.23078333333308
2025-12-22,20:50-21:30,34.2727799999999
2025-12-23,03:10-03:20,8.871806666666544
2025-12-23,04:20-04:40,22.065876666666554
2025-12-23,17:30-17:50,27.798383333333277
2025-12-23,18:20-18:30,1.3650999999998703
2025-12-23,19:30-19:50,19.23545999999999
2025-12-23,20:10-20:30,12.545013333333259
2025-12-23,21:30-21:50,16.080006666666463
2025-12-23,22:20-22:30,5.764130000000023
2025-12-23,22:50-23:00,3.16829666666672
2025-12-23,23:50-24:00,6.571563333333302
2025-12-24,00:00-00:20,59.60792666666657
2025-12-24,03:50-04:00,16.93401999999992
2025-12-24,06:40-06:50,6.703683333333402
2025-12-24,09:50-10:00,3.563516666666601
2025-12-24,13:00-13:20,11.206856666666738
2025-12-24,13:30-13:50,10.693393333333177
2025-12-24,16:50-17:20,36.39314999999999
2025-12-24,17:50-18:00,3.4969033333333073
2025-12-24,18:40-19:00,22.032411333333073
2025-12-24,19:30-20:00,27.601483333333135
2025-12-24,20:10-20:30,5.092966666666598
2025-12-24,22:30-23:00,40.65974000000028
2025-12-25,01:00-01:30,68.99102000000005
2025-12-25,02:00-02:10,3.963516666666692
2025-12-25,02:30-02:50,5.784913333333293
2025-12-25,03:50-04:10,19.662966666666534
2025-12-25,04:40-05:00,19.58171999999979
2025-12-25,06:00-06:20,23.21305666666649
2025-12-25,11:50-12:20,88.0953500000004
2025-12-25,17:50-18:00,2.075243333333219
2025-12-25,19:00-19:20,4.791193333333126
2025-12-25,19:30-20:00,70.96654333333322
2025-12-25,20:40-20:50,0.7987433333332774
2025-12-25,23:20-23:50,60.70480666666663
2025-12-26,00:10-00:20,8.478513333333467
2025-12-26,01:30-01:40,3.1435500000000047
2025-12-26,02:10-02:20,6.71656333333334
2025-12-26,03:20-03:30,32.814689999999985
2025-12-26,12:30-12:50,27.483643333333333
2025-12-26,14:20-14:40,12.495721000000017
2025-12-26,18:00-18:20,22.98625999999996
2025-12-26,21:10-21:20,1.8519999999999186
2025-12-26,22:00-22:10,2.219863333333251
2025-12-26,22:30-22:40,7.763063333333321
2025-12-27,01:00-01:20,10.684039999999925
2025-12-27,03:20-03:40,36.01518666666664
2025-12-27,10:40-10:50,3.915963333333309
2025-12-27,13:40-14:00,45.44989200000005
2025-12-27,16:50-17:30,43.79182666666662
2025-12-27,17:50-18:10,28.119636666666622
2025-12-27,18:30-18:50,50.04969999999986
2025-12-27,19:50-20:00,0.7896033333332753
2025-12-27,20:20-20:40,17.174523333333298
2025-12-27,22:20-22:40,56.41584333333344
2025-12-28,00:00-00:30,54.748233333332905
2025-12-28,02:40-02:50,2.494276666666565
2025-12-28,03:20-03:40,10.323109999999929
2025-12-28,04:00-04:10,11.929856666666524
2025-12-28,07:20-07:30,1.5700133333331223
2025-12-28,17:30-18:00,55.68778666666651
2025-12-28,18:20-18:40,27.60520999999983
2025-12-28,20:20-20:30,11.389863333333324
2025-12-28,21:00-21:30,3.3026166666666086
2025-12-28,22:40-22:50,0.8818966666665347
2025-12-29,01:40-01:50,9.079813333333277
2025-12-29,16:20-16:30,18.36000333333334
2025-12-29,16:50-17:00,3.677166666666608
2025-12-29,19:20-19:30,2.6773966666665956
2025-12-29,19:40-20:10,25.083773333333056
2025-12-29,20:50-21:00,4.406873333333351
2025-12-29,21:20-21:30,25.256843333333222
2025-12-29,22:20-22:50,27.706040000000257
2025-12-29,23:50-24:00,6.146036666666646
2025-12-30,19:50-20:00,8.259896666666691
2025-12-30,21:30-21:40,2.8781699999999546
2025-12-30,22:10-22:20,3.3656633333332593
2025-12-31,01:30-01:50,34.11255333333327
2025-12-31,02:50-03:00,2.2073499999999058
2025-12-31,09:40-09:50,0.3630466666665484
2025-12-31,17:10-17:30,5.630666666666571
2025-12-31,18:20-18:40,16.000319999999988
2025-12-31,19:20-19:40,40.33590000000004
2025-12-31,19:50-20:10,19.68497666666667
2025-12-31,21:00-21:30,37.45510333333334
2025-12-31,21:50-22:10,23.77494333333334
2025-12-31,23:40-24:00,51.20736333333309
