date,interval,energy_kWh
2025-02-01,03:30-03:40,3.6843033333332187
2025-02-01,07:40-07:50,1.9773099999999886
2025-02-01,08:50-09:00,4.041126666666727
2025-02-01,14:10-14:30,28.116600000000034
2025-02-01,15:10-15:40,58.77524566666669
2025-02-01,19:20-19:40,16.156103333333363
2025-02-01,21:10-21:20,16.42555333333337
2025-02-01,22:40-23:00,26.147343333333538
2025-02-02,02:50-03:00,13.678266666666559
2025-02-02,08:10-08:20,2.2978366666665124
2025-02-02,18:20-18:40,40.06958666666662
2025-02-03,03:10-03:20,9.276126666666642
2025-02-03,09:10-09:20,9.028390000000115
2025-02-03,10:30-10:50,37.79455333333328
2025-02-03,11:20-11:30,33.972843333333344
2025-02-03,12:30-12:50,59.35717000000011
2025-02-03,13:10-13:30,25.23394166666668
2025-02-03,16:30-16:40,4.980663333333268
2025-02-03,17:10-17:20,9.038383333333172
2025-02-03,18:10-18:30,12.684526666666557
2025-02-03,19:20-19:30,4.599749999999858
2025-02-03,22:30-22:40,9.64594666666676
2025-02-03,23:00-23:10,1.2800033333332976
2025-02-04,00:20-00:30,10.560523333333322
2025-02-04,07:30-07:40,1.8632466666667824
2025-02-04,08:50-09:00,3.078523333333351
2025-02-04,09:20-09:40,87.35954333333325
2025-02-04,11:00-11:20,93.55210666666665
2025-02-04,12:50-15:20,672.0779606666661
2025-02-04,16:00-16:20,7.14161666666655
2025-02-04,17:50-18:00,6.411666666666633
2025-02-04,18:20-18:30,4.632650000000012
2025-02-04,19:50-20:00,21.020939999999882
2025-02-04,22:00-22:40,87.04044666666698
2025-02-05,00:10-00:20,13.037396666666837
2025-02-05,02:20-02:30,14.31424666666669
2025-02-05,07:00-07:20,15.291229999999928
2025-02-05,07:50-08:00,3.0675156666667043
2025-02-05,09:20-09:50,113.87907999999993
2025-02-05,10:00-10:30,82.09298999999999
2025-02-05,10:50-11:10,58.02293000000009
2025-02-05,11:20-11:50,195.27865666666673
2025-02-05,12:00-12:20,15.914513333333502
2025-02-05,18:00-18:20,42.60552666666672
2025-02-05,18:40-18:50,8.697926666666575
2025-02-05,22:30-22:50,4.848093333333281
2025-02-06,00:00-00:20,23.742926666667017
2025-02-06,03:50-04:00,4.613609999999994
2025-02-06,07:50-08:20,41.01625299999999
2025-02-06,11:00-11:20,14.843943333333527
2025-02-06,11:40-11:50,1.046803333333287
2025-02-06,12:00-12:20,37.37191666666672
2025-02-06,13:30-13:50,32.37028333333325
2025-02-06,14:00-14:20,29.34065000000004
2025-02-06,14:40-15:10,18.634076666666772
2025-02-06,17:10-17:20,5.676416666666569
2025-02-06,18:50-19:10,37.133283333333225
2025-02-06,21:10-21:20,14.36135333333334
2025-02-06,23:00-23:10,4.448036666666667
2025-02-07,03:20-03:40,15.88715666666667
2025-02-07,08:20-09:30,110.94936343333336
2025-02-07,16:20-16:30,5.6116466666666724
2025-02-07,18:30-18:50,51.14991333333336
2025-02-07,19:40-19:50,4.449709999999982
2025-02-07,20:30-21:10,45.22898666666663
2025-02-07,22:20-22:30,0.3835633333333135
2025-02-07,23:20-23:30,3.2318299999999454
2025-02-08,00:20-00:30,0.8225300000000288
2025-02-08,07:10-07:20,13.83684333333332
2025-02-08,13:20-14:50,187.591924666667
2025-02-08,16:00-16:20,4.218333333333305
2025-02-08,16:40-17:00,3.2762266666666164
2025-02-08,18:50-19:20,56.895323333333295
2025-02-08,20:20-20:40,33.38144666666659
2025-02-08,22:00-22:10,1.6376133333335474
2025-02-09,00:50-01:00,1.642663333333303
2025-02-09,04:00-04:10,10.734366666666574
2025-02-09,10:00-10:20,36.06506666666678
2025-02-09,10:30-12:10,650.8405900000002
2025-02-09,12:30-13:20,240.65178699999996
2025-02-09,13:50-14:00,10.957769999999925
2025-02-09,18:00-18:20,4.222530000000006
2025-02-09,19:00-19:20,9.40134333333333
2025-02-09,19:30-19:50,10.351523333333262
2025-02-09,20:50-21:00,3.1574633333333395
2025-02-09,21:20-21:30,7.9533866666665745
2025-02-10,18:40-19:00,56.83088666666657
2025-02-10,20:40-20:50,5.625343333333262
2025-02-10,21:20-21:30,6.465249999999969
2025-02-10,21:50-22:00,12.574596666666821
2025-02-10,23:50-24:00,0.8179399999999077
2025-02-11,18:50-19:00,2.554716666666536
2025-02-11,19:20-19:40,11.817426666666734
2025-02-11,20:10-20:20,11.61990000000003
2025-02-11,20:50-21:00,10.823203333333367
2025-02-11,21:20-21:40,34.41438666666659
2025-02-12,04:40-04:50,8.083573333333334
2025-02-12,06:10-06:20,9.549289999999928
2025-02-12,06:50-07:00,1.4751533333331963
2025-02-12,13:20-13:40,81.25563699999998
2025-02-12,14:10-14:20,15.26370666666665
2025-02-12,14:30-14:40,10.369736666666597
2025-02-12,15:30-15:50,73.65166333333332
2025-02-12,16:00-16:20,11.692619999999806
2025-02-12,18:00-18:40,55.223696666666456
2025-02-12,19:20-19:30,7.431636666666691
2025-02-12,19:50-20:00,22.72609666666665
2025-02-12,21:30-21:40,3.5933833333333496
2025-02-12,22:40-22:50,2.66409666666641
2025-02-12,23:00-23:30,29.068246666666937
2025-02-13,00:00-00:20,22.72702666666669
2025-02-13,03:10-03:20,8.348993333333283
2025-02-13,03:30-03:50,12.004979999999932
2025-02-13,05:00-05:10,1.9569366666664791
2025-02-13,18:30-18:40,2.2110000000000127
2025-02-13,19:00-19:50,48.09945333333326
2025-02-13,21:00-21:10,2.5235400000000254
2025-02-13,22:40-22:50,3.107930000000124
2025-02-14,00:00-00:10,20.55275333333327
2025-02-14,03:30-03:40,3.1593500000000176
2025-02-14,05:30-06:00,36.21092666666652
2025-02-14,10:10-12:00,745.3235666666667
2025-02-14,12:20-12:40,49.9613066666667
2025-02-14,16:00-16:20,21.94063666666665
2025-02-14,16:50-17:20,36.6026599999999
2025-02-14,17:30-18:40,98.1800013333332
2025-02-14,19:40-19:50,0.18531333333334032
2025-02-14,23:10-23:30,13.65971000000036
2025-02-15,02:00-02:20,8.471609999999998
2025-02-15,02:30-02:50,7.170963333333248
2025-02-15,05:20-05:30,7.063430000000039
2025-02-15,05:50-06:10,34.202536666666674
2025-02-15,09:20-09:40,31.05527333333339
2025-02-15,10:00-10:20,14.429856666666865
2025-02-15,11:00-12:30,332.6029600000001
2025-02-15,15:20-15:30,7.613945000000026
2025-02-15,15:40-16:10,55.974136666666595
2025-02-15,16:40-17:00,13.830949999999973
2025-02-15,17:20-17:40,18.598143333333326
2025-02-15,18:00-18:10,10.218293333333293
2025-02-15,18:40-19:00,9.271546666666609
2025-02-15,19:30-20:00,80.40231999999992
2025-02-15,21:00-21:40,61.62348999999978
2025-02-15,22:20-22:40,39.29334333333327
2025-02-15,22:50-23:20,38.24957999999992
2025-02-16,00:00-00:10,0.5933799999997973
2025-02-16,00:40-00:50,17.403433333333396
2025-02-16,01:30-01:40,7.569539999999961
2025-02-16,02:30-02:50,22.256299999999896
2025-02-16,03:30-03:40,13.325899999999933
2025-02-16,04:10-04:30,16.40226666666672
2025-02-16,04:50-05:00,19.616910000000075
2025-02-16,05:20-05:30,9.153036666666594
2025-02-16,05:50-06:00,16.782113333333243
2025-02-16,08:10-08:30,27.781266666666625
2025-02-16,09:30-12:00,785.9886366666666
2025-02-16,12:20-13:10,112.28583186666694
2025-02-16,16:40-17:10,55.16597333333311
2025-02-16,17:30-17:50,30.71022999999991
2025-02-16,18:50-19:30,73.16739333333283
2025-02-16,19:50-20:10,45.81405333333316
2025-02-16,21:10-21:20,2.707279999999969
2025-02-16,21:30-21:50,29.786290000000008
2025-02-16,22:40-23:00,10.165926666666564
2025-02-16,23:20-23:40,33.308860000000095
2025-02-17,00:10-00:20,5.693679999999858
2025-02-17,00:40-00:50,5.192313333333232
2025-02-17,02:00-02:20,22.34201666666661
2025-02-17,12:10-12:30,98.13134666666667
2025-02-17,16:50-17:10,12.244923333333418
2025-02-17,18:30-19:30,117.24370466666628
2025-02-17,20:00-20:20,21.91903999999988
2025-02-17,21:10-21:20,0.21287666666660243
2025-02-17,21:30-21:40,8.409359999999992
2025-02-17,22:50-23:30,71.63121000000024
2025-02-18,00:50-01:00,1.8825866666666116
2025-02-18,03:40-04:00,25.76434333333316
2025-02-18,04:40-05:00,13.639266666666572
2025-02-18,05:50-06:00,0.25519399999991776
2025-02-18,08:20-08:40,42.99534666666659
2025-02-18,12:40-13:00,126.04515866666668
2025-02-18,13:20-14:10,131.06099136666649
2025-02-18,14:40-15:00,32.822356666666764
2025-02-18,17:20-17:40,10.645649999999932
2025-02-18,18:30-18:50,35.43545666666668
2025-02-18,19:00-19:20,19.529559999999947
2025-02-18,19:50-20:40,58.38858999999968
2025-02-18,21:10-21:20,3.7297466666666423
2025-02-18,22:00-22:10,9.886346666666668
2025-02-18,22:50-23:00,1.7950966666667227
2025-02-18,23:20-23:30,8.976296666666713
2025-02-19,00:50-01:00,6.987916666666706
2025-02-19,01:10-01:30,21.691903333333244
2025-02-19,01:50-02:10,59.091229999999996
2025-02-19,02:30-03:00,45.986086666666324
2025-02-19,03:20-03:40,9.87958333333313
2025-02-19,04:40-05:00,45.59621999999979
2025-02-19,06:10-06:30,47.69386033333316
2025-02-19,06:50-07:10,24.996533333333446
2025-02-19,08:30-09:30,76.07725666666698
2025-02-19,09:40-10:00,64.1042766666666
2025-02-19,13:10-13:40,37.86277753333335
2025-02-19,14:10-15:30,274.48845999999986
2025-02-19,16:00-16:10,13.56564000000003
2025-02-19,17:20-17:30,6.205133333333265
2025-02-19,18:00-18:20,13.300799999999754
2025-02-19,19:00-19:30,11.300520000000006
2025-02-19,19:40-20:10,69.72015999999996
2025-02-19,20:30-21:30,63.32694666666646
2025-02-19,21:50-22:00,4.367096666666839
2025-02-19,22:20-22:50,40.22658999999999
2025-02-19,23:30-24:00,96.30807333333325
2025-02-20,00:10-00:20,0.5789633333333768
2025-02-20,00:50-01:10,15.822213333333252
2025-02-20,03:40-03:50,1.6765699999999697
2025-02-20,04:00-04:10,4.218779999999924
2025-02-20,04:50-05:00,1.7108166666665738
2025-02-20,05:30-05:40,4.524613333333264
2025-02-20,06:00-06:10,0.6452443333331743
2025-02-20,07:10-07:30,9.94158666666658
2025-02-20,07:50-08:00,3.5156566666665867
2025-02-20,08:20-08:40,22.94165666666663
2025-02-20,10:10-11:00,175.2849133333333
2025-02-20,11:50-12:00,23.537226666666584
2025-02-20,17:00-17:20,28.922180000000026
2025-02-20,18:20-18:40,62.53990666666664
2025-02-20,20:00-20:20,38.30605666666679
2025-02-20,20:50-21:20,50.18479999999977
2025-02-20,22:10-22:20,2.3273166666665475
2025-02-20,22:50-23:20,73.9286966666665
2025-02-21,00:30-01:00,34.2643466666666
2025-02-21,01:20-01:30,16.359999999999957
2025-02-21,01:50-02:10,49.1842533333334
2025-02-21,03:50-04:00,12.244970000000023
2025-02-21,04:20-04:30,8.319309999999916
2025-02-21,04:50-05:00,3.925419999999974
2025-02-21,05:20-05:50,36.15683333333311
2025-02-21,07:20-07:50,26.09303666666662
2025-02-21,16:40-16:50,11.879686666666714
2025-02-21,17:30-18:00,82.47108999999989
2025-02-21,18:10-18:30,47.39104666666668
2025-02-21,18:50-19:00,1.8712999999999624
2025-02-21,19:20-19:40,66.97588333333329
2025-02-21,20:50-21:10,48.69134999999994
2025-02-21,21:40-22:10,39.982030000000236
2025-02-21,22:30-23:20,56.17187666666655
2025-02-21,23:40-24:00,36.566556666666656
2025-02-22,00:50-01:30,20.06877333333324
2025-02-22,01:50-02:10,71.71365333333324
2025-02-22,02:40-02:50,11.722063333333324
2025-02-22,03:00-04:10,83.26936666666654
2025-02-22,05:00-05:20,23.68034999999992
2025-02-22,05:50-06:00,9.852789999999914
2025-02-22,06:20-06:30,2.9139333333332047
2025-02-22,08:00-08:20,35.562386000000004
2025-02-22,11:20-12:20,267.8947733333335
2025-02-22,12:30-14:50,614.6833266666671
2025-02-22,15:40-16:10,103.28114166666666
2025-02-22,16:30-16:40,6.317359999999951
2025-02-22,17:00-18:00,183.9111699999999
2025-02-22,19:10-19:50,47.34596666666653
2025-02-22,20:00-20:10,6.441039999999987
2025-02-22,20:30-20:50,18.996753333333288
2025-02-22,21:20-22:10,63.6972304666665
2025-02-22,22:50-23:10,20.703283333333275
2025-02-22,23:30-24:00,49.08289000000002
2025-02-23,00:00-00:30,43.990606666666736
2025-02-23,01:10-01:40,28.149829999999838
2025-02-23,03:00-03:20,50.038666666666586
2025-02-23,04:20-04:40,39.10486666666668
2025-02-23,05:10-05:30,93.49107333333347
2025-02-23,05:50-06:10,11.124719666666586
2025-02-23,07:30-07:50,30.40948999999989
2025-02-23,08:00-08:20,53.600020000000086
2025-02-23,09:30-10:20,222.8668199999999
2025-02-23,11:10-11:20,6.954776666666703
2025-02-23,12:00-12:50,411.4432833333334
2025-02-23,13:40-14:00,77.77044400000001
2025-02-23,15:20-15:40,26.40425999999985
2025-02-23,17:50-18:10,9.263063333333434
2025-02-23,19:20-19:40,47.41150999999991
2025-02-23,19:50-20:40,80.09497666666653
2025-02-23,21:00-22:00,114.61298333333355
2025-02-23,22:10-22:30,20.516686666666715
2025-02-23,23:00-23:40,53.703809999999976
2025-02-24,00:30-00:50,48.05995333333328
2025-02-24,01:10-01:20,15.779469999999947
2025-02-24,03:00-03:20,9.091583333333233
2025-02-24,06:00-06:10,13.962691333333225
2025-02-24,06:40-06:50,13.071730000000002
2025-02-24,13:20-13:30,16.868535666666695
2025-02-24,15:30-17:50,222.3379866666658
2025-02-24,18:30-18:50,32.564170333333465
2025-02-24,20:10-21:00,141.99038666666638
2025-02-24,21:20-22:20,52.865063333333524
2025-02-24,23:20-23:30,15.657696666666652
2025-02-25,00:00-00:20,24.77960999999982
2025-02-25,00:40-00:50,5.837316666666652
2025-02-25,01:00-01:20,30.93302333333338
2025-02-25,02:00-02:20,45.53895666666665
2025-02-25,02:50-03:20,25.924366666666515
2025-02-25,05:40-06:00,80.75453966666645
2025-02-25,06:20-06:30,20.32769433333324
2025-02-25,06:50-07:10,31.20175000000006
2025-02-25,18:00-18:20,9.382303333333311
2025-02-25,18:40-19:10,87.36203966666667
2025-02-25,20:30-21:30,80.05599666666672
2025-02-25,21:50-22:20,54.919593333333296
2025-02-25,23:10-23:40,72.83512333333374
2025-02-26,00:00-00:20,3.5530266666667103
2025-02-26,01:10-01:40,48.64858333333325
2025-02-26,02:10-02:40,11.330599999999663
2025-02-26,03:00-03:30,67.86777666666649
2025-02-26,04:20-04:30,9.067416666666531
2025-02-26,05:00-05:20,6.4470099999999775
2025-02-26,06:20-06:30,0.26435099999993383
2025-02-26,10:50-11:00,19.603343333333328
2025-02-26,12:40-13:00,108.02629999999994
2025-02-26,13:40-14:20,104.54978206666668
2025-02-26,14:30-16:30,494.38004999999964
2025-02-26,16:50-17:10,18.404336666666495
2025-02-26,17:30-17:50,28.057769999999778
2025-02-26,18:10-18:30,35.0004899999999
2025-02-26,18:50-19:10,44.4925833333333
2025-02-26,19:30-20:20,47.889693333333184
2025-02-26,20:30-21:00,8.006079999999997
2025-02-26,21:20-21:30,3.208120000000008
2025-02-26,22:20-22:30,24.21039666666661
2025-02-26,23:10-23:30,25.932360000000017
2025-02-26,23:50-24:00,0.8384699999999157
2025-02-27,01:00-01:20,18.73419999999976
2025-02-27,02:20-02:30,9.023329999999874
2025-02-27,03:20-03:40,13.267916666666451
2025-02-27,04:10-04:20,10.813723333333314
2025-02-27,06:30-06:40,0.9582599999999957
2025-02-27,07:30-07:50,7.647146666666572
2025-02-27,08:00-08:30,55.144160000000056
2025-02-27,08:40-10:00,424.0438066666666
2025-02-27,14:20-15:00,31.734275333333315
2025-02-27,15:20-15:40,42.39741666666646
2025-02-27,16:20-16:30,6.812080000000037
2025-02-27,17:30-17:50,21.46813666666651
2025-02-27,18:00-18:50,80.56847133333295
2025-02-27,19:50-20:10,11.726063333333173
2025-02-27,20:30-20:50,23.04960666666659
2025-02-27,21:10-21:30,50.526836666666554
2025-02-27,23:00-23:10,2.9887299999999186
2025-02-28,00:20-00:40,16.651426666666566
2025-02-28,01:00-01:20,52.06453666666664
2025-02-28,01:30-01:40,5.6577833333332705
2025-02-28,02:20-02:40,12.797193333333269
2025-02-28,03:50-04:00,4.166543333333323
2025-02-28,04:30-05:20,79.07451999999978
2025-02-28,07:20-07:40,74.94690999999989
2025-02-28,11:20-12:00,451.2914533333334
2025-02-28,12:30-14:00,532.7763200000004
2025-02-28,16:30-16:50,42.47763000000003
2025-02-28,17:50-18:00,5.99791666666664
2025-02-28,18:20-18:40,36.33382666666665
2025-02-28,19:10-19:30,45.15142666666662
2025-02-28,19:50-20:00,12.267856666666603
2025-02-28,20:10-20:30,36.676943333333384
2025-02-28,20:50-21:10,56.84852999999998
2025-02-28,21:30-22:10,69.1436546666668
2025-02-28,22:50-23:30,55.7432133333337
2025-02-28,23:50-24:00,11.937643333333313
2025-03-01,00:00-00:20,59.13146333333327
2025-03-01,00:30-00:50,4.342053333333297
2025-03-01,01:20-01:40,17.96610666666669
2025-03-01,07:40-08:00,30.287144333333345
2025-03-01,08:50-09:00,16.443333333333307
2025-03-01,11:30-11:50,205.9306566666666
2025-03-01,13:00-13:10,2.557790000000068
2025-03-01,13:30-13:50,38.93993333333333
2025-03-01,14:00-14:50,145.74300000000002
2025-03-01,15:40-16:30,162.51811109999997
2025-03-01,16:50-17:20,97.43070333333321
2025-03-01,18:10-18:40,95.58159333333322
2025-03-01,18:50-19:30,45.4047533333333
2025-03-01,19:40-20:00,12.022229999999979
2025-03-01,20:10-20:30,24.25120000000004
2025-03-01,20:50-21:20,59.45849333333331
2025-03-01,21:40-22:00,35.37243333333333
2025-03-01,22:20-22:40,18.140276666666978
2025-03-01,23:10-23:40,20.962906666666868
2025-03-02,00:20-00:30,6.53125
2025-03-02,01:10-01:30,16.6724466666667
2025-03-02,02:30-02:40,14.506779999999935
2025-03-02,08:20-09:20,104.58862999999994
2025-03-02,09:40-16:20,5430.500536666666
2025-03-02,16:30-16:50,54.98066333333327
2025-03-02,17:00-18:20,205.51008333333277
2025-03-02,18:40-19:00,20.639353333333318
2025-03-02,19:20-19:40,30.63071333333312
2025-03-02,20:10-20:30,10.003036666666503
2025-03-02,20:40-21:40,173.132243333333
2025-03-02,23:00-24:00,109.65350000000001
2025-03-03,00:00-00:40,56.84323333333293
2025-03-03,01:10-01:20,6.637673333333282
2025-03-03,01:30-02:00,67.6450933333333
2025-03-03,02:40-02:50,3.0020166666665773
2025-03-03,03:20-03:30,7.425829999999905
2025-03-03,07:10-07:30,18.233910000000037
2025-03-03,07:50-16:50,4411.179034333334
2025-03-03,17:00-17:20,19.63198333333321
2025-03-03,17:30-17:50,12.619253333333177
2025-03-03,18:20-18:40,24.198926666666694
2025-03-03,18:50-19:20,61.62721999999985
2025-03-03,20:30-21:40,234.74584666666635
2025-03-03,21:50-22:50,62.91500999999994
2025-03-03,23:30-23:50,32.21280000000013
2025-03-04,00:00-01:20,96.92878999999982
2025-03-04,01:40-02:10,83.50623333333328
2025-03-04,03:20-03:30,14.77884999999992
2025-03-04,04:00-04:10,14.410879999999906
2025-03-04,07:50-09:20,256.88422666666645
2025-03-04,09:30-09:50,44.8788733333333
2025-03-04,10:20-10:30,17.767082999999896
2025-03-04,10:50-11:50,525.9792333333338
2025-03-04,12:00-12:40,126.30578333333335
2025-03-04,13:30-13:40,10.463390666666566
2025-03-04,14:10-14:50,23.44460666666653
2025-03-04,15:30-16:20,193.78659333333314
2025-03-04,17:00-17:20,25.128459999999905
2025-03-04,18:50-19:00,2.1799333333332243
2025-03-04,19:30-19:50,26.787076666666735
2025-03-04,20:10-22:00,167.05950333333305
2025-03-04,22:20-22:30,16.737930000000006
2025-03-04,22:50-24:00,189.25509999999997
2025-03-05,00:00-00:20,14.07039333333364
2025-03-05,00:30-01:00,39.60423333333324
2025-03-05,05:50-06:00,6.300950000000057
2025-03-05,12:10-12:20,37.192313333333345
2025-03-05,12:40-14:20,304.82601466666694
2025-03-05,14:50-15:00,16.547900000000027
2025-03-05,17:00-17:20,5.916436666666414
2025-03-05,17:30-17:50,18.41305999999986
2025-03-05,18:30-18:50,25.564776666666603
2025-03-05,19:00-19:20,21.70790333333332
2025-03-05,19:40-20:50,129.827173333333
2025-03-05,21:10-21:20,16.582300000000032
2025-03-05,22:00-22:20,13.32704333333345
2025-03-05,22:30-22:50,24.370659999999816
2025-03-05,23:10-23:20,7.276679999999942
2025-03-05,23:40-24:00,42.91036333333318
2025-03-06,00:20-00:30,20.91328999999996
2025-03-06,01:50-02:10,37.45777999999996
2025-03-06,02:30-02:50,36.655996666666624
2025-03-06,14:20-16:50,401.07145666666605
2025-03-06,17:20-18:10,120.38043933333336
2025-03-06,18:40-19:00,29.51000333333343
2025-03-06,19:30-19:50,10.781006666666713
2025-03-06,20:10-20:20,1.9861566666667159
2025-03-06,20:30-21:10,70.97642666666638
2025-03-06,22:10-24:00,176.08468000000028
2025-03-07,00:00-00:20,59.72676999999999
2025-03-07,01:00-01:20,56.94201666666669
2025-03-07,12:50-14:30,301.70047333333326
2025-03-07,15:00-15:20,137.73837000000003
2025-03-07,15:40-16:10,85.00994400000008
2025-03-07,16:50-17:20,39.26823666666667
2025-03-07,17:40-17:50,7.551620000000014
2025-03-07,18:00-18:20,7.770156666666708
2025-03-07,18:30-18:50,19.45217999999994
2025-03-07,19:00-19:10,7.452986666666675
2025-03-07,20:40-22:30,195.28659599999992
2025-03-07,23:10-23:40,25.367609333333235
2025-03-08,00:00-00:30,46.780656666666516
2025-03-08,01:20-01:30,4.236003333333258
2025-03-08,01:40-02:10,61.047199999999975
2025-03-08,02:30-02:50,48.10761999999994
2025-03-08,04:30-04:50,10.111249999999927
2025-03-08,16:30-16:50,54.24903333333333
2025-03-08,17:40-18:00,17.81457666666671
2025-03-08,18:20-18:50,31.971879999999885
2025-03-08,19:20-19:30,3.6584766666666155
2025-03-08,20:00-20:10,5.339346666666643
2025-03-08,20:50-21:50,85.53506299999987
2025-03-08,22:00-22:20,30.32629666666668
2025-03-08,22:30-22:50,57.67700999999988
2025-03-08,23:40-23:50,4.258450000000039
2025-03-09,01:10-01:30,11.077576666666573
2025-03-09,01:50-02:20,76.02543000000003
2025-03-09,02:50-03:10,29.794656666666583
2025-03-09,03:20-03:30,1.5079166666665742
2025-03-09,03:40-04:00,28.59328999999991
2025-03-09,04:50-05:00,1.965663333333282
2025-03-09,07:50-08:00,9.016939999999863
2025-03-09,11:10-11:20,0.2495766666665986
2025-03-09,16:20-16:30,3.440180000000055
2025-03-09,18:20-18:50,103.82809866666672
2025-03-09,19:00-19:10,2.4373566666666875
2025-03-09,20:00-20:30,61.52842666666663
2025-03-09,20:40-21:10,54.96734333333336
2025-03-09,21:20-22:10,72.63742666666633
2025-03-09,22:30-22:50,9.262776666666696
2025-03-09,23:30-24:00,11.788026666666724
2025-03-10,00:00-00:30,55.16749666666681
2025-03-10,00:40-01:20,109.55510333333325
2025-03-10,01:30-01:50,8.983089999999947
2025-03-10,02:00-02:40,31.563666666666336
2025-03-10,03:20-03:30,12.948293333333254
2025-03-10,04:50-05:00,10.645869999999945
2025-03-10,05:20-05:30,1.1683366666666188
2025-03-10,07:20-07:30,46.86206333333331
2025-03-10,07:50-08:00,10.93240999999989
2025-03-10,08:30-09:20,102.06516333333343
2025-03-10,09:30-10:00,50.366536666666676
2025-03-10,10:40-13:20,1850.2018433333337
2025-03-10,14:50-15:20,74.59244000000007
2025-03-10,16:50-17:20,64.1329733333331
2025-03-10,17:40-18:00,26.824046666666504
2025-03-10,18:20-18:40,36.18558000000007
2025-03-10,18:50-20:00,167.42440666666653
2025-03-10,20:40-20:50,6.719683333333251
2025-03-10,21:00-21:30,40.45592999999985
2025-03-10,21:50-22:00,23.716263333333472
2025-03-10,22:20-23:30,133.49398333333284
2025-03-10,23:50-24:00,6.177496666666684
2025-03-11,00:00-00:40,82.33153666666624
2025-03-11,01:00-01:50,73.83283000000006
2025-03-11,02:50-03:00,1.9468899999999394
2025-03-11,04:10-04:20,9.253763333333268
2025-03-11,05:20-05:30,12.642496666666602
2025-03-11,10:00-10:20,76.8046865
2025-03-11,12:50-13:10,27.484685666666607
2025-03-11,14:30-17:10,723.4500166666655
2025-03-11,17:30-17:50,17.234993333333136
2025-03-11,18:00-18:30,44.95538999999974
2025-03-11,19:10-19:40,36.91603666666663
2025-03-11,19:50-20:10,4.025453333333189
2025-03-11,20:50-21:30,71.14255333333301
2025-03-11,21:50-22:50,109.41896999999972
2025-03-12,00:00-00:40,95.47828666666669
2025-03-12,01:30-02:20,115.46617666666634
2025-03-12,02:50-03:10,54.56204333333335
2025-03-12,03:30-03:50,27.36157666666668
2025-03-12,05:30-05:50,25.96288666666669
2025-03-12,06:30-06:40,2.135776666666743
2025-03-12,14:50-15:00,19.47547933333334
2025-03-12,15:20-15:30,8.271723333333341
2025-03-12,15:40-18:10,328.031619999999
2025-03-12,18:20-19:20,44.562540666666365
2025-03-12,19:30-19:40,3.0283266666666577
2025-03-12,20:00-20:30,55.1323000000001
2025-03-12,20:50-21:10,14.001673333333315
2025-03-12,21:40-23:30,229.40736000000004
2025-03-12,23:50-24:00,19.582643333333294
2025-03-13,00:00-00:40,115.70392666666669
2025-03-13,01:50-02:10,41.47108666666668
2025-03-13,02:20-03:10,88.69961666666654
2025-03-13,05:50-06:00,17.077216666666686
2025-03-13,09:30-13:50,3518.7162504666685
2025-03-13,16:10-17:20,203.4608333333332
2025-03-13,17:40-18:20,40.59623799999997
2025-03-13,18:40-20:10,238.51487666666628
2025-03-13,20:30-21:00,42.250223333333
2025-03-13,21:20-21:30,9.87749999999994
2025-03-13,21:50-22:40,97.83285666666688
2025-03-13,23:00-24:00,111.9003866666664
2025-03-14,00:10-00:30,8.728876666666622
2025-03-14,00:50-01:00,22.350836666666623
2025-03-14,01:30-02:10,83.65759666666656
2025-03-14,02:40-03:10,73.65587666666659
2025-03-14,04:00-04:10,14.97134666666659
2025-03-14,04:30-04:50,26.42819333333324
2025-03-14,05:50-06:00,19.52686
2025-03-14,13:40-13:50,5.963053333333278
2025-03-14,14:10-14:30,117.57992666666672
2025-03-14,14:40-15:10,197.72966333333335
2025-03-14,15:40-16:40,159.48740166666673
2025-03-14,17:10-17:40,53.49034333333327
2025-03-14,18:10-18:40,19.610723333333283
2025-03-14,19:30-20:50,133.12344333333306
2025-03-14,22:20-23:00,21.001056666666955
2025-03-14,23:20-23:40,48.818463333333455
2025-03-15,00:00-00:50,129.05373999999983
2025-03-15,01:00-01:30,38.617953333333276
2025-03-15,02:20-02:50,97.80746333333332
2025-03-15,03:00-03:10,4.408760000000029
2025-03-15,04:20-04:40,50.574053333333325
2025-03-15,05:00-05:20,59.69838333333337
2025-03-15,06:20-06:30,13.192979999999977
2025-03-15,06:50-07:50,120.78295133333339
2025-03-15,11:20-11:30,55.05944333333332
2025-03-15,11:40-13:10,975.5489266666673
2025-03-15,13:50-14:20,59.55102333333332
2025-03-15,14:30-14:40,16.507423333333406
2025-03-15,16:00-16:20,5.845985333333289
2025-03-15,17:20-17:30,0.18525666666658935
2025-03-15,17:50-19:20,151.99437333333316
2025-03-15,20:00-21:50,252.6917496666665
2025-03-15,22:00-22:20,33.16038666666657
2025-03-15,22:30-23:00,50.16643999999974
2025-03-15,23:20-24:00,141.98884000000032
2025-03-16,00:00-00:30,30.598763333333295
2025-03-16,00:40-01:30,105.59712666666633
2025-03-16,01:50-02:20,35.46659333333332
2025-03-16,02:30-03:20,91.08863999999971
2025-03-16,03:40-03:50,14.96077333333335
2025-03-16,04:30-04:40,1.0357233333332942
2025-03-16,05:40-06:10,48.372256666666544
2025-03-16,06:40-08:30,352.7973133333333
2025-03-16,10:30-10:50,12.728650666666582
2025-03-16,12:20-14:30,808.3847360000001
2025-03-16,14:50-15:00,1.6538133333333747
2025-03-16,15:20-16:10,105.01930666666635
2025-03-16,16:20-17:00,94.93065666666666
2025-03-16,17:20-17:30,14.718033333333324
2025-03-16,17:50-18:30,45.1347599999998
2025-03-16,20:40-21:00,42.62238333333323
2025-03-16,21:20-21:40,13.352663333333226
2025-03-16,21:50-22:50,87.81252000000018
2025-03-16,23:00-23:30,30.495913333333192
2025-03-16,23:40-24:00,53.58240999999987
2025-03-17,00:00-00:30,36.36536333333345
2025-03-17,01:00-01:30,19.461369999999988
2025-03-17,01:50-02:10,32.24032999999986
2025-03-17,02:20-03:00,63.01721666666674
2025-03-17,03:20-03:30,4.0595866666666325
2025-03-17,03:50-04:10,38.539179999999874
2025-03-17,04:30-04:50,39.655039999999985
2025-03-17,05:10-05:30,29.09962333333317
2025-03-17,15:40-16:40,103.77341666666672
2025-03-17,17:40-18:20,26.508306666666385
2025-03-17,18:40-18:50,2.3443849999998676
2025-03-17,19:40-20:10,81.49330999999984
2025-03-17,20:20-20:40,52.82840666666664
2025-03-17,20:50-21:10,24.73012333333338
2025-03-17,21:40-21:50,2.6500966666666272
2025-03-17,23:20-23:50,14.376939999999763
2025-03-18,00:20-00:40,51.54990999999984
2025-03-18,01:20-01:50,19.00643666666656
2025-03-18,02:10-02:30,19.96665666666661
2025-03-18,03:20-03:30,2.6245766666665986
2025-03-18,04:20-04:50,45.81005999999991
2025-03-18,05:10-05:20,7.286683333333258
2025-03-18,07:00-07:10,11.037476333333164
2025-03-18,07:30-10:10,1030.7038072666662
2025-03-18,11:20-11:30,9.330410000000143
2025-03-18,14:20-14:40,15.879504333333266
2025-03-18,16:30-16:50,27.729596666666566
2025-03-18,17:00-17:20,18.765919999999937
2025-03-18,17:30-17:50,5.689256666666779
2025-03-18,18:10-18:40,51.999549999999886
2025-03-18,19:00-19:30,38.35278666666659
2025-03-18,21:40-22:30,91.82226999999989
2025-03-18,22:40-23:10,53.4890799999996
2025-03-18,23:30-24:00,72.041603333333
2025-03-19,00:00-00:10,17.982613333333575
2025-03-19,00:40-00:50,9.988633333333382
2025-03-19,01:40-02:20,82.25078333333317
2025-03-19,02:30-03:10,26.497283333333144
2025-03-19,03:30-03:50,17.44184999999993
2025-03-19,05:30-06:10,29.150496666666413
2025-03-19,08:00-09:40,536.4845526666663
2025-03-19,14:30-14:50,73.30834633333338
2025-03-19,15:20-15:30,35.89896999999996
2025-03-19,16:20-16:30,6.33762333333334
2025-03-19,17:30-18:00,27.243293333333213
2025-03-19,18:40-19:00,50.05601199999994
2025-03-19,21:30-22:10,53.87617333333344
2025-03-19,23:00-23:20,10.951849999999922
2025-03-20,00:10-00:40,55.94370333333336
2025-03-20,01:00-02:00,135.88468999999975
2025-03-20,02:30-02:50,36.61339333333319
2025-03-20,03:00-03:40,127.5185399999998
2025-03-20,03:50-04:00,4.402759999999944
2025-03-20,04:50-05:20,48.443246666666596
2025-03-20,05:50-06:00,24.690230000000042
2025-03-20,08:10-09:20,199.80176666666642
2025-03-20,09:40-10:00,35.54765533333324
2025-03-20,11:00-11:50,260.61872000000017
2025-03-20,12:30-12:50,155.17287633333336
2025-03-20,13:00-13:40,88.18558333333362
2025-03-20,14:50-17:20,719.1623833333331
2025-03-20,18:00-18:20,17.4534299999998
2025-03-20,18:40-19:10,122.9001093333332
2025-03-20,19:50-20:20,69.64049666666665
2025-03-20,21:10-22:00,74.52100999999993
2025-03-20,23:30-23:50,89.23124666666655
2025-03-21,00:10-00:40,59.685253333333435
2025-03-21,01:10-01:50,61.98093666666654
2025-03-21,02:00-03:10,162.12657666666638
2025-03-21,03:20-04:00,57.03623666666658
2025-03-21,04:20-04:30,13.711253333333275
2025-03-21,05:00-06:00,48.08380666666642
2025-03-21,06:20-07:00,67.46327666666662
2025-03-21,14:20-14:50,66.85589666666681
2025-03-21,18:00-18:20,13.07104333333325
2025-03-21,18:40-19:10,63.72012333333328
2025-03-21,19:20-20:50,166.84359666666637
2025-03-21,21:20-21:40,25.58149000000003
2025-03-21,22:00-23:00,130.5655599999999
2025-03-21,23:20-23:40,39.6881566666666
2025-03-22,00:20-00:30,3.493753333333302
2025-03-22,00:50-01:00,10.22885333333329
2025-03-22,01:20-01:50,64.1635399999999
2025-03-22,02:30-03:10,71.37209999999988
2025-03-22,03:20-03:30,4.63970999999998
2025-03-22,04:00-06:00,252.26973333333314
2025-03-22,06:20-06:30,4.251966666666647
2025-03-22,06:50-07:10,30.2521633333333
2025-03-22,07:30-07:40,7.994076333333297
2025-03-22,12:10-12:50,222.25599000000045
2025-03-22,13:00-14:50,847.7453366666671
2025-03-22,15:50-16:20,134.74233533333333
2025-03-22,16:50-17:20,14.026843333333233
2025-03-22,18:10-18:30,12.195406666666656
2025-03-22,18:50-19:10,18.50574333333327
2025-03-22,19:50-20:00,5.924186666666628
2025-03-22,20:20-20:40,11.286293333333276
2025-03-22,22:20-22:40,29.004560000000083
2025-03-22,22:50-24:00,118.91357333333337
2025-03-23,00:00-00:10,6.089046666666718
2025-03-23,00:30-01:00,65.53726999999992
2025-03-23,01:20-03:00,145.4855333333329
2025-03-23,03:20-03:40,68.17718333333323
2025-03-23,04:00-05:30,161.29031999999984
2025-03-23,05:40-07:00,215.29805999999934
2025-03-23,07:20-08:10,96.79055666666665
2025-03-23,08:50-11:40,1084.3513403366674
2025-03-23,11:50-13:10,360.09597666666707
2025-03-23,15:50-16:00,5.848749999999882
2025-03-23,17:10-18:00,48.33308999999974
2025-03-23,18:30-19:30,64.25624333333326
2025-03-23,19:40-20:00,34.05818666666653
2025-03-23,20:20-21:00,92.06634666666662
2025-03-23,21:40-22:50,105.44136333333358
2025-03-24,00:00-00:20,38.10329333333357
2025-03-24,01:20-01:30,2.4245866666666416
2025-03-24,01:40-02:00,13.920516666666686
2025-03-24,02:20-02:30,33.678139999999985
2025-03-24,02:50-03:50,99.59742333333293
2025-03-24,04:10-04:40,32.1571399999998
2025-03-24,04:50-08:10,415.62384099999883
2025-03-24,08:20-08:50,64.19719999999992
2025-03-24,09:00-09:20,23.361883333333225
2025-03-24,11:40-12:00,57.919366666666974
2025-03-24,12:10-12:30,85.22217000000012
2025-03-24,13:50-16:00,855.5905649999995
2025-03-24,16:20-16:40,31.27970999999991
2025-03-24,17:10-17:30,15.368526666666526
2025-03-24,17:50-18:30,80.25297999999998
2025-03-24,22:10-22:30,14.586026666666726
2025-03-24,22:50-23:10,82.79898333333335
2025-03-24,23:30-24:00,138.26859999999988
2025-03-25,00:00-00:30,27.247796666666773
2025-03-25,00:40-01:00,47.41039666666666
2025-03-25,01:20-02:20,111.3189199999996
2025-03-25,02:30-03:20,129.38665666666657
2025-03-25,03:30-04:10,132.23360666666656
2025-03-25,04:40-04:50,3.918993333333333
2025-03-25,05:00-07:10,333.5291133333329
2025-03-25,07:20-07:30,1.9327399999999102
2025-03-25,08:20-08:30,17.113626666666732
2025-03-25,08:40-09:10,73.16189333333324
2025-03-25,09:30-12:30,2039.4420299000008
2025-03-25,13:00-13:10,17.35684333333336
2025-03-25,14:30-17:00,594.5528453333332
2025-03-25,17:40-17:50,1.0518899999999576
2025-03-25,18:30-19:00,17.138236666666558
2025-03-25,19:10-19:40,62.34676999999988
2025-03-25,19:50-20:30,79.1410066666665
2025-03-25,20:50-21:30,37.98962333333316
2025-03-25,21:50-22:10,9.536226666666607
2025-03-25,22:30-23:30,140.52730333333352
2025-03-25,23:50-24:00,11.059163333333345
2025-03-26,00:20-00:40,38.927799999999934
2025-03-26,01:00-01:20,31.224243333333334
2025-03-26,01:30-02:00,49.20385999999985
2025-03-26,02:10-02:30,22.788049999999885
2025-03-26,03:00-03:10,14.81529999999998
2025-03-26,03:30-05:50,253.22332333333281
2025-03-26,07:20-09:00,233.0241566666664
2025-03-26,12:00-12:10,4.374640000000227
2025-03-26,13:00-14:10,323.14683333333335
2025-03-26,15:10-15:30,32.94858999999988
2025-03-26,16:30-16:50,2.265316666666422
2025-03-26,17:50-18:00,19.260359999999878
2025-03-26,18:40-19:10,30.043975433333195
2025-03-26,19:20-19:40,16.72543666666661
2025-03-26,19:50-20:20,25.654939999999783
2025-03-26,21:00-21:10,1.7615066666666053
2025-03-26,21:30-21:40,14.250750000000039
2025-03-26,22:00-22:30,84.65431333333322
2025-03-26,22:40-22:50,4.119063333333315
2025-03-26,23:20-24:00,71.12354333333326
2025-03-27,00:30-00:50,5.663980000000038
2025-03-27,01:00-01:40,90.36881666666648
2025-03-27,01:50-03:00,275.4882766666665
2025-03-27,03:20-03:30,3.536383333333333
2025-03-27,03:40-04:10,49.97508999999991
2025-03-27,04:20-05:20,176.4791499999999
2025-03-27,05:30-05:50,11.420256666666774
2025-03-27,06:20-06:50,40.05080666666663
2025-03-27,07:50-08:30,112.57709333333338
2025-03-27,08:50-09:10,15.548289999999952
2025-03-27,10:00-10:20,70.72576999999984
2025-03-27,10:30-11:00,327.0920533333333
2025-03-27,11:30-11:40,8.434039999999868
2025-03-27,12:40-14:30,805.9706526666668
2025-03-27,15:00-15:10,9.30541999999997
2025-03-27,15:30-17:20,552.883533333333
2025-03-27,18:50-19:10,38.37409333333312
2025-03-27,19:40-20:00,35.588483333333215
2025-03-27,20:30-20:40,1.4821966666667095
2025-03-27,21:20-22:00,113.45608999999968
2025-03-27,22:20-23:30,110.77865333333318
2025-03-27,23:50-24:00,7.147916666666617
2025-03-28,00:30-01:20,105.77132666666665
2025-03-28,01:30-04:30,337.3470466666663
2025-03-28,05:20-05:50,64.58798333333328
2025-03-28,06:10-06:30,19.24484999999993
2025-03-28,06:50-07:50,314.27523499999984
2025-03-28,13:50-14:10,25.993916666666905
2025-03-28,14:40-14:50,19.914523333333364
2025-03-28,16:10-16:20,8.343167333333312
2025-03-28,16:30-17:00,19.11687999999998
2025-03-28,17:30-17:50,14.838106666666533
2025-03-28,18:00-18:30,38.50890333333331
2025-03-28,19:10-19:40,48.628446666666605
2025-03-28,20:20-20:30,9.873333333333278
2025-03-28,21:00-21:40,89.1566899999998
2025-03-28,22:30-22:50,46.99139000000008
2025-03-28,23:20-24:00,87.64864999999992
2025-03-29,00:00-00:20,17.924673333333317
2025-03-29,00:40-01:40,116.79008666666658
2025-03-29,01:50-02:30,50.77930666666657
2025-03-29,02:40-03:50,141.94187999999974
2025-03-29,04:00-05:40,274.2223699999995
2025-03-29,06:20-07:40,149.43883533333326
2025-03-29,16:00-17:30,317.1739966666665
2025-03-29,18:00-18:20,30.096109999999953
2025-03-29,18:40-18:50,9.310723333333328
2025-03-29,19:20-19:30,12.190626666666674
2025-03-29,19:50-20:50,107.30264333333315
2025-03-29,21:50-22:00,3.8722300000001724
2025-03-29,22:10-22:30,21.43831666666682
2025-03-29,22:40-23:00,18.68822666666688
2025-03-29,23:50-24:00,14.781669999999963
2025-03-30,00:00-00:40,83.19022333333305
2025-03-30,01:30-02:20,189.5339233333333
2025-03-30,02:50-03:10,60.012086666666505
2025-03-30,03:30-05:50,469.8774866666661
2025-03-30,06:00-06:20,47.19251999999983
2025-03-30,07:00-07:20,31.393886666666674
2025-03-30,07:40-07:50,1.605546666666669
2025-03-30,08:10-09:10,151.09115666666634
2025-03-30,09:50-10:30,204.6182503333333
2025-03-30,11:30-12:10,163.08561333333353
2025-03-30,13:50-15:30,603.4558226666664
2025-03-30,15:40-16:00,46.05956666666674
2025-03-30,16:50-17:00,7.519283333333306
2025-03-30,17:30-17:40,0.3492800000000216
2025-03-30,18:10-18:30,43.75761333333321
2025-03-30,19:00-19:20,52.45180999999991
2025-03-30,19:50-20:00,8.976670000000013
2025-03-30,20:30-20:40,14.074983333333307
2025-03-30,21:10-21:20,7.169866666666621
2025-03-30,22:00-22:20,43.94550000000015
2025-03-30,22:40-23:00,10.121443333333445
2025-03-30,23:20-24:00,52.83656999999994
2025-03-31,00:00-01:00,121.1190133333331
2025-03-31,01:30-03:20,132.56112333333294
2025-03-31,03:30-03:40,1.304589999999962
2025-03-31,04:00-04:20,19.017266666666615
2025-03-31,04:30-06:00,302.3984633333333
2025-03-31,06:20-06:30,8.533566666666616
2025-03-31,10:10-10:50,220.43656666666678
2025-03-31,11:00-16:00,3211.645367
2025-03-31,16:20-17:40,273.46104666666656
2025-03-31,19:20-19:40,18.925299999999993
2025-03-31,19:50-20:20,34.58603333333326
2025-03-31,20:50-21:00,26.14209666666659
2025-03-31,21:20-21:30,17.990009999999984
2025-03-31,21:50-22:00,5.923696666666729
2025-03-31,23:20-23:30,23.215529999999944
2025-04-01,00:00-00:20,35.797076666666726
2025-04-01,00:30-01:00,65.56107666666662
2025-04-01,01:10-01:30,51.375673333333225
2025-04-01,01:50-04:00,440.2068933333327
2025-04-01,04:10-05:50,396.76419999999973
2025-04-01,06:00-06:20,12.786309999999844
2025-04-01,06:30-07:00,27.398163333333116
2025-04-01,09:10-16:40,5535.824015
2025-04-01,16:50-17:20,44.568476666666584
2025-04-01,17:30-18:10,98.28112333333354
2025-04-01,18:50-19:20,32.82093333333319
2025-04-01,19:30-19:40,10.326063333333309
2025-04-01,20:00-20:50,121.26375333333317
2025-04-01,21:30-21:50,73.00635
2025-04-01,22:50-23:10,18.106349999999793
2025-04-01,23:20-23:30,4.059596666666721
2025-04-01,23:50-24:00,17.284166666666692
2025-04-02,00:00-01:40,125.270213333333
2025-04-02,02:00-02:20,49.21678999999983
2025-04-02,02:30-02:50,64.85871666666651
2025-04-02,03:00-06:50,743.4005166666658
2025-04-02,07:00-13:30,6053.167691799999
2025-04-02,13:50-14:00,31.162033333333397
2025-04-02,14:20-14:40,39.57973266666652
2025-04-02,17:50-18:40,40.01013999999975
2025-04-02,19:20-19:50,74.14543666666657
2025-04-02,20:10-20:40,87.09524666666653
2025-04-02,21:30-21:50,13.198969999999917
2025-04-02,23:00-23:20,45.96126666666669
2025-04-02,23:30-23:50,41.464770000000044
2025-04-03,00:10-00:30,33.06518333333338
2025-04-03,00:40-01:00,25.44226666666657
2025-04-03,01:20-02:50,203.4982266666666
2025-04-03,03:00-04:40,236.77712333333307
2025-04-03,04:50-05:40,185.74901999999986
2025-04-03,05:50-09:30,1130.6012469999991
2025-04-03,10:30-10:50,9.744053333333483
2025-04-03,13:40-16:40,694.037379833333
2025-04-03,18:20-18:30,13.718496666666624
2025-04-03,18:50-19:30,75.50978333333319
2025-04-03,20:20-20:40,45.41278
2025-04-03,21:00-21:20,10.772083333333057
2025-04-03,22:40-23:10,29.142923333333215
2025-04-03,23:20-23:50,105.43095333333326
2025-04-04,00:10-00:30,39.46633666666668
2025-04-04,00:40-01:00,26.57684999999998
2025-04-04,01:20-01:50,48.391686666666544
2025-04-04,02:10-02:50,113.58318999999995
2025-04-04,03:20-05:40,411.5344399999997
2025-04-04,06:10-07:30,307.4013656666666
2025-04-04,18:10-18:40,36.5060666666667
2025-04-04,19:50-20:20,71.96436333333327
2025-04-04,20:50-21:00,7.679579999999987
2025-04-04,21:20-21:30,2.0149966666666046
2025-04-04,21:50-22:00,3.0397199999999316
2025-04-04,22:30-23:10,53.61001666666664
2025-04-04,23:40-24:00,3.408529999999928
2025-04-05,00:20-00:40,48.98539333333321
2025-04-05,01:00-01:50,140.19884333333334
2025-04-05,02:00-02:30,80.86810333333324
2025-04-05,02:50-05:00,308.8342366666665
2025-04-05,05:20-07:00,140.79942666666648
2025-04-05,12:30-12:40,12.532120000000077
2025-04-05,13:00-15:10,1163.4229233333338
2025-04-05,16:20-16:30,10.936355666666685
2025-04-05,17:00-17:50,107.02241999999987
2025-04-05,18:40-18:50,5.398063333333312
2025-04-05,19:20-19:50,50.62160999999992
2025-04-05,20:20-21:10,58.319523333333166
2025-04-05,21:50-22:10,25.62536
2025-04-05,22:40-22:50,0.8772800000001553
2025-04-05,23:00-23:40,79.54254333333347
2025-04-06,01:00-02:10,89.28312999999957
2025-04-06,02:30-02:50,52.12498333333326
2025-04-06,03:00-03:20,30.66462666666655
2025-04-06,03:40-05:50,355.9872166666663
2025-04-06,06:00-06:20,5.202136666666661
2025-04-06,06:30-08:10,427.7739166666665
2025-04-06,08:30-09:00,58.9633199999999
2025-04-06,10:50-12:20,175.97835666666737
2025-04-06,13:20-13:30,23.02508000000006
2025-04-06,13:50-14:00,11.85774333333336
2025-04-06,14:40-16:00,296.6671439999998
2025-04-06,17:20-17:30,13.947039999999902
2025-04-06,18:50-19:10,49.37715999999989
2025-04-06,19:20-20:30,66.90762333333294
2025-04-06,20:50-21:00,13.541246666666666
2025-04-06,21:20-21:50,31.512046666666606
2025-04-06,23:00-23:40,35.947993333333216
2025-04-07,00:20-00:30,1.2762533333333295
2025-04-07,01:00-01:20,61.966133333333346
2025-04-07,01:40-02:00,9.637096666666594
2025-04-07,02:20-04:50,425.527049999999
2025-04-07,05:00-05:40,77.42560666666668
2025-04-07,06:10-06:30,9.375596666666524
2025-04-07,06:50-07:20,43.72776666666658
2025-04-07,07:30-07:50,21.447679999999934
2025-04-07,08:00-08:20,9.318470000000104
2025-04-07,11:40-15:30,1261.5589246666661
2025-04-07,18:10-18:30,10.022933333333299
2025-04-07,18:50-19:00,6.960620000000063
2025-04-07,20:00-20:20,40.80825666666658
2025-04-07,20:50-21:10,26.13661999999988
2025-04-07,21:30-21:50,29.94917666666663
2025-04-07,22:00-22:20,27.680163333333326
2025-04-07,22:40-23:30,90.47804000000042
2025-04-07,23:50-24:00,7.812496666666675
2025-04-08,00:00-00:20,29.22329333333346
2025-04-08,00:40-01:00,27.411766666666608
2025-04-08,01:20-02:00,36.22214666666639
2025-04-08,02:20-02:50,46.003016666666554
2025-04-08,03:00-04:00,87.38595666666629
2025-04-08,04:10-04:50,112.2113999999998
2025-04-08,05:00-05:20,25.70225999999991
2025-04-08,05:30-07:50,643.228096666666
2025-04-08,08:00-09:00,351.2215666666665
2025-04-08,09:20-09:50,115.69860156666664
2025-04-08,10:10-10:40,123.20064333333332
2025-04-08,14:00-14:20,89.31485333333342
2025-04-08,15:20-19:00,547.0246226666658
2025-04-08,19:40-20:00,43.379099999999994
2025-04-08,20:20-20:50,41.97823666666659
2025-04-08,21:00-21:30,27.617433333333224
2025-04-08,22:10-22:30,24.22349333333318
2025-04-08,22:40-24:00,150.3078933333337
2025-04-09,00:00-00:40,55.64944333333335
2025-04-09,01:00-01:30,69.70185000000004
2025-04-09,01:50-02:00,4.269443333333356
2025-04-09,02:20-03:10,60.61444666666637
2025-04-09,03:20-05:00,245.3942333333331
2025-04-09,05:20-05:30,10.753446666666605
2025-04-09,06:00-08:00,492.864726666666
2025-04-09,08:20-08:30,11.741063333333386
2025-04-09,08:50-16:30,5025.833608566667
2025-04-09,17:00-17:10,2.0924533333331965
2025-04-09,18:00-18:30,36.3538833333331
2025-04-09,19:00-19:10,1.33653333333325
2025-04-09,20:00-20:20,7.963966666666465
2025-04-09,20:30-21:00,40.14549333333321
2025-04-09,21:50-22:00,36.09626333333358
2025-04-09,22:20-22:40,71.43106000000012
2025-04-09,23:10-23:50,62.2514933333332
2025-04-10,00:30-01:00,73.97558333333325
2025-04-10,01:20-01:50,58.00787999999977
2025-04-10,02:00-02:20,16.131086666666647
2025-04-10,03:00-03:50,138.02313999999978
2025-04-10,04:00-05:30,202.40373999999952
2025-04-10,05:50-07:30,251.620633333333
2025-04-10,07:40-08:10,36.92289000000005
2025-04-10,09:00-10:50,975.8261575333337
2025-04-10,12:40-13:40,178.4464033333335
2025-04-10,14:10-14:40,79.63778293333328
2025-04-10,14:50-15:00,14.502261666666612
2025-04-10,15:50-17:30,477.27363333333324
2025-04-10,17:50-18:20,38.25726666666674
2025-04-10,18:30-18:40,3.2274699999999257
2025-04-10,19:00-19:20,48.518973333333065
2025-04-10,20:30-21:00,15.970686666666438
2025-04-10,21:30-22:00,66.23602999999991
2025-04-10,22:10-22:30,3.804309999999873
2025-04-10,23:20-23:30,19.27875333333327
2025-04-11,00:00-00:40,26.567059999999856
2025-04-11,01:00-01:30,116.17313666666661
2025-04-11,03:00-06:50,643.1991966666662
2025-04-11,16:30-16:50,25.445249999999973
2025-04-11,17:20-17:30,9.20132666666666
2025-04-11,17:50-18:00,0.822430000000054
2025-04-11,18:30-19:40,188.39755999999988
2025-04-11,21:10-21:30,15.181083333333333
2025-04-11,21:50-22:40,117.38210666666686
2025-04-11,23:00-23:20,60.49707999999998
2025-04-11,23:40-24:00,20.32787666666667
2025-04-12,00:20-00:50,57.2578166666666
2025-04-12,01:40-01:50,14.70823333333334
2025-04-12,02:30-02:40,0.023656666666681758
2025-04-12,03:00-03:50,152.83904333333322
2025-04-12,04:30-04:50,20.162866666666503
2025-04-12,05:10-06:00,62.3999633333334
2025-04-12,07:10-07:20,7.707605000000022
2025-04-12,12:10-14:20,1064.4812100000008
2025-04-12,14:30-14:40,30.17385000000013
2025-04-12,14:50-15:00,35.16527333333329
2025-04-12,16:10-16:50,109.58482070000002
2025-04-12,17:30-18:00,89.49683666666658
2025-04-12,19:30-19:50,7.327126666666572
2025-04-12,20:00-20:30,23.585816666666688
2025-04-12,22:00-22:10,3.6391966666667486
2025-04-12,22:30-23:20,46.33230666666668
2025-04-13,00:00-00:20,5.1277766666664775
2025-04-13,00:40-01:00,11.360616666666488
2025-04-13,01:20-02:00,12.231746666666481
2025-04-13,02:20-02:40,84.91197333333321
2025-04-13,03:10-03:20,9.80528333333325
2025-04-13,03:30-03:40,1.9393066666666527
2025-04-13,04:20-04:40,34.36827999999991
2025-04-13,04:50-05:20,80.3333633333333
2025-04-13,05:40-07:20,363.2005966666663
2025-04-13,07:50-08:20,74.47195666666659
2025-04-13,08:40-11:00,747.2618473
2025-04-13,11:10-13:50,879.342376666667
2025-04-13,15:40-15:50,5.315949999999873
2025-04-13,16:00-17:50,336.73140666666643
2025-04-13,18:30-18:40,1.8077933333331657
2025-04-13,19:10-19:30,51.403949999999895
2025-04-13,19:50-20:10,25.379890000000046
2025-04-13,20:30-21:20,108.31128999999964
2025-04-13,21:50-22:00,6.244896666666818
2025-04-13,22:40-23:00,37.30966000000035
2025-04-14,00:20-00:50,105.43379333333314
2025-04-14,01:00-01:40,76.14560666666648
2025-04-14,02:00-03:10,181.80263999999977
2025-04-14,03:30-04:20,120.20335999999998
2025-04-14,04:30-05:20,146.3060366666665
2025-04-14,05:30-06:10,114.22550666666643
2025-04-14,06:40-07:50,332.6135133333329
2025-04-14,08:20-08:40,32.04221333333331
2025-04-14,08:50-09:30,51.213611666666715
2025-04-14,09:50-10:00,9.976786666666555
2025-04-14,10:20-11:00,240.88117666666682
2025-04-14,11:20-11:40,19.79491333333351
2025-04-14,11:50-12:30,330.8158566666669
2025-04-14,13:40-13:50,23.650883333333297
2025-04-14,14:00-14:30,79.00157966666666
2025-04-14,18:30-18:50,78.76018666666664
2025-04-14,19:00-19:20,32.01701000000003
2025-04-14,19:30-19:50,46.58041333333324
2025-04-14,20:30-20:40,20.572749999999928
2025-04-14,21:30-21:50,31.84685333333323
2025-04-14,22:10-22:30,12.819286666666699
2025-04-14,23:00-23:20,28.678333333333285
2025-04-14,23:30-23:50,5.319176666666749
2025-04-15,01:10-01:30,40.84710666666672
2025-04-15,01:50-02:00,10.825919999999996
2025-04-15,02:20-02:30,30.684586666666632
2025-04-15,02:50-03:20,37.82936999999981
2025-04-15,03:50-04:00,25.9934833333333
2025-04-15,04:40-04:50,1.7837866666667423
2025-04-15,05:10-05:40,30.354243333333102
2025-04-15,05:50-06:10,11.955263333333278
2025-04-15,06:30-07:00,62.066746666666575
2025-04-15,07:30-07:50,69.52977999999999
2025-04-15,12:50-15:50,1168.9801025000002
2025-04-15,16:00-16:20,21.643786666666813
2025-04-15,16:50-17:00,17.59914666666657
2025-04-15,19:00-19:20,24.52647999999988
2025-04-15,19:30-20:00,56.919140000000084
2025-04-15,20:30-21:10,44.928429999999935
2025-04-15,21:30-22:00,46.13349333333326
2025-04-15,22:50-23:00,13.842463333333399
2025-04-15,23:30-23:40,1.1714633333333495
2025-04-16,00:10-00:20,4.8592133333334
2025-04-16,00:30-02:00,199.2938766666664
2025-04-16,02:20-02:40,48.1889799999999
2025-04-16,03:10-03:30,9.285543333333408
2025-04-16,03:40-04:10,116.71639333333326
2025-04-16,04:50-05:30,65.91016000000002
2025-04-16,05:50-06:00,12.04418666666652
2025-04-16,06:50-07:50,280.7416033333334
2025-04-16,08:00-09:00,311.26560000000006
2025-04-16,09:20-13:00,2163.1819227666665
2025-04-16,13:20-15:50,602.2307157666663
2025-04-16,16:00-16:20,64.2147533333333
2025-04-16,16:50-17:00,4.661883333333321
2025-04-16,18:30-19:30,71.67608266666626
2025-04-16,20:50-21:20,46.29272999999989
2025-04-16,21:30-21:50,12.026706666666541
2025-04-16,22:40-23:10,55.82248000000027
2025-04-16,23:20-24:00,55.523479999999836
2025-04-17,00:00-00:10,1.6755466666668326
2025-04-17,00:40-01:10,54.21605333333321
2025-04-17,01:30-01:50,17.39326666666659
2025-04-17,02:10-02:30,18.754943333333244
2025-04-17,02:50-03:10,35.52434999999991
2025-04-17,03:20-04:10,76.48028666666653
2025-04-17,04:30-04:50,1.0620433333332358
2025-04-17,05:20-05:50,28.24041999999963
2025-04-17,06:00-06:20,8.644696666666732
2025-04-17,06:30-08:50,558.3130839999999
2025-04-17,10:20-11:10,436.97037333333344
2025-04-17,12:40-15:10,704.6111041999999
2025-04-17,15:50-17:30,218.77464999999984
2025-04-17,17:50-18:20,32.00529333333316
2025-04-17,19:10-19:30,12.689276666666615
2025-04-17,19:40-20:00,20.261199999999917
2025-04-17,20:20-20:40,19.236236666666628
2025-04-17,21:10-21:30,12.923186666666652
2025-04-17,22:40-23:00,20.85834333333321
2025-04-18,00:00-00:20,28.830823333333285
2025-04-18,00:30-01:20,15.16001999999986
2025-04-18,01:40-03:10,205.74659333333318
2025-04-18,03:20-05:20,187.9423533333332
2025-04-18,05:40-06:40,36.7327466666666
2025-04-18,12:30-13:10,114.3356866666669
2025-04-18,14:20-15:30,337.30046000000004
2025-04-18,16:50-17:00,3.123510333333307
2025-04-18,18:10-18:50,65.64575333333323
2025-04-18,20:30-20:50,14.28031999999996
2025-04-18,21:40-22:00,23.69214999999997
2025-04-18,23:00-23:20,37.83379333333329
2025-04-19,00:00-00:20,48.28491999999994
2025-04-19,00:50-01:00,11.141253333333282
2025-04-19,01:50-02:30,143.25030999999996
2025-04-19,03:00-03:20,14.098276666666663
2025-04-19,03:30-04:20,103.67796666666658
2025-04-19,04:40-04:50,3.518769999999961
2025-04-19,05:10-05:50,37.952909999999974
2025-04-19,06:10-06:30,24.23215666666661
2025-04-19,06:50-07:30,136.1467793333333
2025-04-19,12:30-12:50,38.888673333333486
2025-04-19,17:20-17:30,8.358883333333324
2025-04-19,18:40-19:20,77.84793000000002
2025-04-19,22:00-22:30,77.81149333333349
2025-04-19,23:40-24:00,15.901726666666661
2025-04-20,00:30-00:50,24.7342033333332
2025-04-20,01:00-01:30,30.532253333333074
2025-04-20,02:00-02:30,42.652863333333244
2025-04-20,02:50-03:10,16.30999999999983
2025-04-20,03:30-04:20,86.08668666666642
2025-04-20,04:30-05:10,80.53755333333322
2025-04-20,05:20-06:40,125.1213433333329
2025-04-20,07:10-09:40,961.6501544333332
2025-04-20,12:00-13:00,325.62796666666645
2025-04-20,13:50-14:40,357.8787696666667
2025-04-20,16:10-17:20,211.48933333333304
2025-04-20,17:40-18:00,15.989413333333346
2025-04-20,21:20-21:30,3.105413333333331
2025-04-20,22:00-22:20,0.5349633333333941
2025-04-20,23:00-23:20,28.60236666666674
2025-04-20,23:40-24:00,34.31114000000002
2025-04-21,00:00-00:10,2.190713333333406
2025-04-21,00:20-01:00,81.81200666666643
2025-04-21,01:10-01:40,51.406369999999924
2025-04-21,02:30-02:50,41.963829999999916
2025-04-21,03:00-03:50,127.76984999999956
2025-04-21,04:00-05:40,275.03195333333304
2025-04-21,06:00-06:40,109.617633333333
2025-04-21,08:00-08:20,75.81184999999988
2025-04-21,09:30-10:30,191.68322699999982
2025-04-21,11:10-11:30,112.2173633333336
2025-04-21,17:50-18:10,22.442049666666776
2025-04-21,18:40-19:10,32.31792666666661
2025-04-21,20:00-20:50,94.5125633333331
2025-04-21,21:00-21:30,46.35367999999983
2025-04-21,22:00-22:20,8.457396666666796
2025-04-21,22:30-23:10,110.08197666666683
2025-04-22,00:30-00:50,52.12084666666658
2025-04-22,01:00-01:20,17.67049666666651
2025-04-22,01:30-02:20,31.44104333333314
2025-04-22,02:40-03:00,21.308036666666567
2025-04-22,03:20-04:30,156.73743999999976
2025-04-22,04:50-05:20,88.94253666666657
2025-04-22,05:50-06:30,41.34526333333315
2025-04-22,06:40-08:10,350.84654999999987
2025-04-22,09:00-09:10,2.295225000000123
2025-04-22,10:10-10:50,116.86120333333346
2025-04-22,11:30-13:00,1016.1747900000005
2025-04-22,13:20-15:40,802.8080474999999
2025-04-22,18:20-18:40,44.057943333333355
2025-04-22,19:40-19:50,5.030833333333362
2025-04-22,21:10-21:50,82.0830166666666
2025-04-22,22:10-22:40,21.29951666666659
2025-04-22,23:00-23:20,11.98100999999997
2025-04-22,23:40-24:00,61.391149999999925
2025-04-23,00:00-01:10,207.06803333333312
2025-04-23,01:40-02:20,70.37412999999992
2025-04-23,02:50-03:50,66.80679333333308
2025-04-23,04:00-04:30,34.477336666666474
2025-04-23,04:50-05:20,56.91198333333318
2025-04-23,05:30-05:50,58.49420999999984
2025-04-23,06:00-06:20,21.135996666666642
2025-04-23,07:00-07:30,157.68456999999998
2025-04-23,07:50-08:00,24.99077333333338
2025-04-23,08:30-08:50,61.61626999999979
2025-04-23,11:10-15:10,1487.8188261430003
2025-04-23,17:10-17:30,4.949453333333281
2025-04-23,18:20-18:40,39.99950999999999
2025-04-23,19:50-20:10,36.47089333333304
2025-04-23,21:00-21:50,72.10067999999978
2025-04-23,22:40-23:10,20.256963333333033
2025-04-23,23:50-24:00,10.464580000000069
2025-04-24,00:00-00:10,21.83231333333356
2025-04-24,00:30-00:50,31.593976666666663
2025-04-24,01:00-01:20,30.47840333333329
2025-04-24,01:40-02:30,49.60394999999983
2025-04-24,02:50-03:00,8.586310000000026
2025-04-24,03:20-03:50,42.76107999999999
2025-04-24,04:00-04:20,8.645209999999793
2025-04-24,05:20-06:40,202.8185966666664
2025-04-24,07:00-07:20,14.168219999999963
2025-04-24,07:30-07:40,5.886173333333261
2025-04-24,10:00-10:20,50.07556333333346
2025-04-24,10:30-10:50,38.614486666666664
2025-04-24,11:00-11:30,86.25516000000022
2025-04-24,11:40-12:00,43.902949999999805
2025-04-24,17:00-17:20,35.147753333333185
2025-04-24,17:30-17:50,34.646989999999846
2025-04-24,18:10-18:40,58.221699999999714
2025-04-24,18:50-19:00,1.7265599999999495
2025-04-24,19:20-19:40,22.507606666666675
2025-04-24,20:20-20:40,22.249183333333235
2025-04-24,21:10-21:40,54.60839999999985
2025-04-24,23:50-24:00,20.99042000000003
2025-04-25,00:00-00:10,6.998279999999966
2025-04-25,00:30-00:50,62.11159999999995
2025-04-25,01:20-01:30,11.683809999999994
2025-04-25,02:10-02:20,2.7492966666666803
2025-04-25,02:50-03:00,0.9363033333333419
2025-04-25,04:00-04:20,64.32149666666663
2025-04-25,04:40-05:10,27.169856666666647
2025-04-25,05:20-05:40,10.644033333333311
2025-04-25,06:20-06:50,60.604924333333315
2025-04-25,12:50-13:30,253.63140333333365
2025-04-25,17:00-17:10,4.034645666666719
2025-04-25,18:30-19:00,56.444879999999955
2025-04-25,19:10-19:30,11.786183333333213
2025-04-25,20:00-20:30,59.03115333333335
2025-04-25,20:50-21:00,10.773333333333312
2025-04-25,21:30-21:50,23.492386666666604
2025-04-25,22:00-22:10,16.41881333333322
2025-04-25,22:40-23:10,48.16332666666648
2025-04-25,23:30-23:50,50.34037666666654
2025-04-26,00:30-01:20,92.11113333333327
2025-04-26,01:40-02:00,21.579016666666632
2025-04-26,02:30-02:50,47.31510666666662
2025-04-26,03:10-03:30,21.89387333333326
2025-04-26,04:20-04:30,41.39715000000001
2025-04-26,04:50-05:20,61.60412333333329
2025-04-26,05:40-06:10,95.8864299999999
2025-04-26,06:50-07:00,8.183035999999959
2025-04-26,13:00-13:30,117.7846199999999
2025-04-26,13:50-15:10,421.5450166666669
2025-04-26,16:20-17:50,237.9519031666666
2025-04-26,18:20-19:10,128.00695333333323
2025-04-26,19:30-19:40,13.570269999999994
2025-04-26,20:10-20:20,8.024079999999913
2025-04-26,20:50-21:00,23.859163333333356
2025-04-26,21:40-22:00,7.830116666666868
2025-04-26,22:20-23:00,71.24623666666662
2025-04-26,23:30-23:50,27.396470000000022
2025-04-27,00:10-00:50,120.39080333333311
2025-04-27,01:00-01:20,27.93130333333329
2025-04-27,02:10-02:20,2.8656866666666474
2025-04-27,03:20-04:00,126.58602333333295
2025-04-27,04:20-04:30,2.160486666666543
2025-04-27,05:40-06:00,31.52951999999982
2025-04-27,06:10-06:40,77.44537333333307
2025-04-27,06:50-09:20,773.9630457000002
2025-04-27,10:30-11:00,74.65228666666661
2025-04-27,12:50-13:20,76.48406333333321
2025-04-27,13:30-14:00,73.47261999999998
2025-04-27,14:40-17:40,1169.5252397666661
2025-04-27,17:50-18:10,67.90802066666663
2025-04-27,18:30-18:50,18.715360000000032
2025-04-27,19:30-20:20,53.43370666666624
2025-04-27,21:00-21:20,14.490626666666572
2025-04-27,22:10-22:30,9.860509999999863
2025-04-27,22:50-23:20,57.26483666666661
2025-04-27,23:50-24:00,39.09291666666661
2025-04-28,00:00-00:10,14.754806666666582
2025-04-28,00:20-01:20,83.7801099999997
2025-04-28,01:40-02:00,87.92304666666655
2025-04-28,02:20-02:30,2.439719999999852
2025-04-28,02:50-03:00,16.71539333333328
2025-04-28,03:20-03:30,19.44208666666657
2025-04-28,03:50-04:00,13.357086666666646
2025-04-28,04:10-04:40,48.45299999999986
2025-04-28,05:40-06:10,21.6809966666666
2025-04-28,06:50-18:00,9076.853587999998
2025-04-28,18:20-18:30,7.200096666666582
2025-04-28,18:50-19:10,20.743486666666627
2025-04-28,20:30-21:10,73.03337666666664
2025-04-28,21:50-22:20,34.196823333333214
2025-04-28,23:50-24:00,8.392913333333354
2025-04-29,00:20-00:40,21.451819999999998
2025-04-29,01:00-01:20,12.044246666666595
2025-04-29,02:00-02:10,1.9851999999999634
2025-04-29,02:40-02:50,8.933763333333332
2025-04-29,03:40-04:10,53.24838333333332
2025-04-29,04:20-05:00,20.129219999999805
2025-04-29,06:30-06:50,9.599743333333265
2025-04-29,11:20-12:00,184.79851333333323
2025-04-29,12:30-12:40,20.551290000000222
2025-04-29,14:40-17:20,1154.5764483333328
2025-04-29,18:00-18:20,12.012506666666695
2025-04-29,18:30-18:50,11.841857999999974
2025-04-29,19:10-19:20,13.014156666666622
2025-04-29,20:00-20:30,45.30073666666647
2025-04-29,22:20-22:40,24.829110000000128
2025-04-29,23:30-23:50,18.937913333333313
2025-04-30,00:10-00:20,0.615482666666594
2025-04-30,01:10-01:40,27.6582333333331
2025-04-30,02:10-02:50,110.55917666666653
2025-04-30,03:40-03:50,3.4842700000000377
2025-04-30,04:30-04:40,1.8161766666665926
2025-04-30,06:00-06:20,60.615093333333334
2025-04-30,06:30-07:50,288.3013933333332
2025-04-30,10:00-13:10,2406.7564433333337
2025-04-30,19:10-20:10,71.51108999999974
2025-04-30,20:40-21:20,113.14509333333308
2025-04-30,22:10-22:20,10.462429999999927
2025-04-30,23:40-24:00,86.70332666666661
2025-05-01,00:00-00:40,52.524403333333225
2025-05-01,01:00-01:10,1.4299333333332243
2025-05-01,02:10-02:40,33.4480566666665
2025-05-01,03:00-04:10,139.06916999999953
2025-05-01,04:20-04:40,61.298253333333264
2025-05-01,05:10-05:20,19.29979333333324
2025-05-01,06:00-09:30,1339.9262649999994
2025-05-01,12:10-12:20,15.53722333333343
2025-05-01,13:10-13:40,75.33643333333333
2025-05-01,14:40-15:00,79.81168566666676
2025-05-01,15:20-15:30,43.99333666666665
2025-05-01,15:50-24:00,3034.2203899999986
2025-05-02,00:00-00:20,22.393058666666604
2025-05-02,01:20-01:50,44.90387333333325
2025-05-02,02:00-02:20,7.890116666666586
2025-05-02,02:40-03:00,32.242549999999994
2025-05-02,03:30-03:50,10.14479666666665
2025-05-02,04:10-05:30,134.54343999999975
2025-05-02,05:50-07:30,484.025155
2025-05-02,12:40-15:40,3064.5526266666666
2025-05-02,16:10-23:20,2902.4183452333327
2025-05-02,23:30-24:00,158.54971999999992
2025-05-03,00:00-00:10,4.302479999999946
2025-05-03,00:30-00:40,11.464290000000005
2025-05-03,01:00-02:00,176.57387999999975
2025-05-03,03:40-04:30,59.610243333333244
2025-05-03,04:50-05:10,26.282709999999952
2025-05-03,05:30-06:00,42.66747666666657
2025-05-03,06:30-07:20,178.6956373333334
2025-05-03,12:20-14:10,683.3397200000002
2025-05-03,14:30-14:50,41.08976333333345
2025-05-03,15:00-15:10,74.32725666666664
2025-05-03,16:10-16:30,59.12286733333336
2025-05-03,16:40-17:40,218.92157166666667
2025-05-03,18:10-22:00,1671.103449666666
2025-05-03,22:10-22:40,122.24540666666667
2025-05-03,22:50-24:00,196.76685333333353
2025-05-04,00:00-01:30,258.7167566666667
2025-05-04,01:40-02:00,16.226383333333274
2025-05-04,02:50-03:30,86.12731666666662
2025-05-04,04:00-04:20,57.00748666666664
2025-05-04,05:00-05:20,44.44374999999991
2025-05-04,05:30-05:50,37.48162666666656
2025-05-04,06:40-06:50,9.813583333333384
2025-05-04,10:50-13:40,1314.9878000000006
2025-05-04,16:20-24:00,2379.7364699999994
2025-05-05,00:00-00:30,147.57575666666617
2025-05-05,00:50-01:00,30.3271666666667
2025-05-05,01:30-01:40,6.139269999999897
2025-05-05,02:00-02:20,104.36176999999975
2025-05-05,03:40-04:00,27.010549999999853
2025-05-05,04:40-05:10,43.74270666666666
2025-05-05,05:20-05:50,39.844626666666386
2025-05-05,06:00-10:30,2482.9483087999997
2025-05-05,10:50-11:00,16.547683333333225
2025-05-05,12:40-14:00,584.6081833333334
2025-05-05,16:20-17:50,709.0833899999999
2025-05-05,18:00-24:00,1812.1885279999997
2025-05-06,00:20-01:30,200.8925166666662
2025-05-06,02:00-02:40,82.9346366666665
2025-05-06,03:00-03:30,63.193976666666686
2025-05-06,03:50-05:40,253.6900566666659
2025-05-06,06:00-10:20,2239.6328229000005
2025-05-06,14:20-14:40,25.867109333333474
2025-05-06,15:40-15:50,18.492503333333303
2025-05-06,16:30-24:00,2405.0080599999974
2025-05-07,00:20-01:00,146.71410333333313
2025-05-07,01:40-01:50,0.3348366666666607
2025-05-07,02:20-03:10,50.81698999999969
2025-05-07,03:30-03:40,3.3698866666666163
2025-05-07,04:10-04:20,10.939356666666527
2025-05-07,05:00-05:50,85.98327666666614
2025-05-07,06:20-07:40,267.4091866666663
2025-05-07,07:50-09:30,470.0909730333333
2025-05-07,09:50-11:30,449.38070666666704
2025-05-07,13:50-23:20,3702.0186559999993
2025-05-07,23:50-24:00,23.297919999999976
2025-05-08,00:00-00:40,120.7349029999998
2025-05-08,00:50-01:10,12.313113333333263
2025-05-08,02:20-02:50,39.94626333333315
2025-05-08,03:00-03:20,24.609389999999962
2025-05-08,04:50-05:20,119.70654666666655
2025-05-08,05:40-05:50,5.2102266666665855
2025-05-08,06:00-06:10,7.479143333333241
2025-05-08,07:20-07:30,3.9044666666666785
2025-05-08,08:30-09:40,172.65498286666667
2025-05-08,09:50-16:10,3078.2109816333345
2025-05-08,17:30-18:00,135.75495666666666
2025-05-08,18:30-23:10,1293.624736666665
2025-05-08,23:30-24:00,121.5975499999999
2025-05-09,00:00-00:20,25.801206666666644
2025-05-09,00:30-01:10,147.4417366666665
2025-05-09,01:30-02:00,29.576520000000016
2025-05-09,02:20-03:10,94.3824133333332
2025-05-09,05:20-05:40,5.162879999999802
2025-05-09,06:00-07:30,164.92666713333324
2025-05-09,14:00-14:20,18.9438233333334
2025-05-09,15:40-16:10,149.49577000000016
2025-05-09,16:20-16:30,3.704358336666688
2025-05-09,16:40-17:40,295.33835166666677
2025-05-09,18:00-18:20,80.38624666666652
2025-05-09,18:30-18:50,40.12406999999985
2025-05-09,19:00-22:20,915.4173099999996
2025-05-09,22:50-23:20,20.706583333333185
2025-05-10,00:30-00:40,4.266816666666614
2025-05-10,01:10-01:20,9.372423333333245
2025-05-10,01:50-02:00,13.40667000000002
2025-05-10,02:20-02:30,17.366666666666617
2025-05-10,02:50-03:30,59.83324666666658
2025-05-10,03:50-04:20,64.1562199999999
2025-05-10,04:40-05:00,8.058493333333217
2025-05-10,05:20-05:50,50.26985000000002
2025-05-10,06:20-07:00,12.011141666666674
2025-05-10,07:30-07:50,25.89413333333338
2025-05-10,12:30-14:40,1191.0675866666672
2025-05-10,15:00-15:10,29.690519999999992
2025-05-10,15:20-16:00,194.8547500000002
2025-05-10,16:10-17:10,271.74144233333334
2025-05-10,17:40-19:00,258.2011699999998
2025-05-10,19:20-23:30,1260.3471599999996
2025-05-11,00:50-02:20,187.5308333333329
2025-05-11,02:30-02:50,48.58820333333313
2025-05-11,03:10-03:30,32.61551666666662
2025-05-11,03:50-04:10,31.008603333333213
2025-05-11,04:20-05:20,94.86210666666648
2025-05-11,09:30-10:20,507.4975730000001
2025-05-11,10:30-12:30,980.6057833333332
2025-05-11,13:30-16:00,867.0707917333332
2025-05-11,17:00-17:20,54.88777333333314
2025-05-11,17:30-22:00,1269.867509999999
2025-05-11,22:10-22:40,102.8698433333335
2025-05-11,22:50-24:00,297.70822666666663
2025-05-12,00:00-00:10,4.823496666666642
2025-05-12,00:50-01:10,30.26635999999985
2025-05-12,01:20-01:50,77.7931966666664
2025-05-12,02:20-02:30,18.706249999999955
2025-05-12,02:50-03:20,69.1700566666666
2025-05-12,04:10-04:30,22.808596666666517
2025-05-12,05:50-06:10,13.313016666666613
2025-05-12,11:00-13:10,1613.77782
2025-05-12,13:20-13:30,5.2089666666665835
2025-05-12,15:50-18:40,847.0700533333332
2025-05-12,18:50-19:50,300.82883666666623
2025-05-12,20:00-21:10,241.9051233333331
2025-05-12,21:30-22:30,153.76746000000003
2025-05-12,22:50-23:10,41.85134999999991
2025-05-12,23:20-23:40,20.58750999999984
2025-05-13,00:50-01:10,56.5384233333333
2025-05-13,01:40-02:00,12.59664333333319
2025-05-13,02:30-02:40,4.2145066666666935
2025-05-13,04:10-04:30,58.36661666666657
2025-05-13,04:50-05:00,5.979163333333304
2025-05-13,05:40-06:10,57.60744333333321
2025-05-13,06:20-06:30,5.493453333333321
2025-05-13,07:00-07:20,76.31212666666653
2025-05-13,08:10-08:40,85.95842666666661
2025-05-13,10:10-10:40,156.14183000000017
2025-05-13,11:30-12:10,373.49325000000016
2025-05-13,12:50-13:10,18.374270000000053
2025-05-13,14:20-14:30,9.741767999999993
2025-05-13,16:00-16:40,98.5501999999999
2025-05-13,17:20-18:00,114.57228666666651
2025-05-13,18:20-18:30,8.313033333333465
2025-05-13,18:40-21:40,747.9223166666654
2025-05-13,22:20-23:40,151.7807800000005
2025-05-14,02:00-02:10,2.232243333333372
2025-05-14,03:10-04:10,105.83477333333315
2025-05-14,04:30-05:00,61.97406999999987
2025-05-14,05:40-06:50,217.96334999999937
2025-05-14,07:10-07:30,21.964813333333154
2025-05-14,10:20-10:30,22.400056666666643
2025-05-14,10:40-12:00,264.58460666666673
2025-05-14,13:10-13:30,24.168666666666695
2025-05-14,13:50-14:00,14.427496666666656
2025-05-14,16:10-16:20,1.6019033333332686
2025-05-14,17:00-19:20,666.9581833333327
2025-05-14,19:40-22:50,661.4903166666664
2025-05-14,23:00-23:20,59.43743333333305
2025-05-14,23:30-23:50,53.58828333333338
2025-05-15,01:40-02:10,53.98049000000003
2025-05-15,02:30-03:10,65.18871999999965
2025-05-15,04:20-04:50,57.85376333333318
2025-05-15,05:20-05:30,0.46096333333321127
2025-05-15,05:50-06:30,75.3227199999996
2025-05-15,06:40-08:00,411.2144499999999
2025-05-15,10:20-10:30,16.633630000000068
2025-05-15,12:40-13:00,43.981709999999936
2025-05-15,14:10-15:30,298.94962116666653
2025-05-15,15:40-17:00,553.9856266666667
2025-05-15,17:10-17:40,119.16564666666659
2025-05-15,18:40-19:10,84.81415066666636
2025-05-15,20:00-20:20,13.526423333333355
2025-05-15,20:50-21:30,176.8052533333331
2025-05-15,21:40-22:40,190.95512499999984
2025-05-15,23:10-23:30,24.729613333333305
2025-05-15,23:50-24:00,8.83791333333329
2025-05-16,00:10-00:40,86.54958999999997
2025-05-16,01:20-01:50,30.46551666666653
2025-05-16,02:00-02:20,10.156103333333306
2025-05-16,03:10-03:20,3.95267999999993
2025-05-16,03:50-04:00,4.043043333333344
2025-05-16,04:40-05:20,46.341969999999776
2025-05-16,05:50-06:10,33.54489999999993
2025-05-16,13:10-13:30,49.416560000000004
2025-05-16,17:30-17:50,48.844909999999885
2025-05-16,18:10-19:00,136.58381333333324
2025-05-16,19:10-19:40,17.252013333333252
2025-05-16,20:00-20:40,108.36559999999974
2025-05-16,21:00-22:10,378.88640666666663
2025-05-16,22:20-24:00,311.33315999999996
2025-05-17,00:00-00:30,53.65023333333335
2025-05-17,01:10-01:50,28.879616666666664
2025-05-17,02:00-02:20,22.844876666666664
2025-05-17,02:40-03:00,12.279573333333303
2025-05-17,03:20-04:30,114.92275333333322
2025-05-17,04:40-05:20,40.20283333333322
2025-05-17,05:50-06:00,5.369883333333291
2025-05-17,12:10-12:30,112.5868633333331
2025-05-17,12:50-15:00,1339.7912700000004
2025-05-17,16:20-17:40,414.6029633333332
2025-05-17,18:00-18:50,241.61839999999972
2025-05-17,19:10-21:20,457.57081666666613
2025-05-17,21:50-22:20,60.5429266666668
2025-05-17,22:30-23:00,149.7258066666668
2025-05-17,23:20-24:00,54.7182966666669
2025-05-18,00:00-00:40,40.427486666666255
2025-05-18,01:20-02:30,188.7138333333329
2025-05-18,02:40-03:10,46.458283333333156
2025-05-18,03:30-04:00,56.4219866666665
2025-05-18,04:10-04:40,39.124443333333375
2025-05-18,04:50-05:00,6.707083333333344
2025-05-18,05:20-06:00,52.971259999999916
2025-05-18,06:20-07:10,128.31538999999987
2025-05-18,07:20-08:50,861.1966976666664
2025-05-18,10:50-11:20,73.52843333333342
2025-05-18,11:40-13:10,1133.7906099999998
2025-05-18,14:00-14:20,24.041775666666652
2025-05-18,16:50-17:00,8.908873333333304
2025-05-18,17:30-18:40,184.15298333333283
2025-05-18,19:30-20:00,37.38185999999973
2025-05-18,20:10-20:40,113.46627999999987
2025-05-18,21:00-21:50,139.96488666666653
2025-05-18,22:00-22:30,106.70921666666663
2025-05-18,23:00-23:20,57.86065000000008
2025-05-19,00:20-00:40,7.639726666666661
2025-05-19,01:40-02:10,23.385019999999827
2025-05-19,03:00-03:20,18.793896666666683
2025-05-19,05:30-05:50,14.81271333333325
2025-05-19,06:10-06:30,50.43150333333341
2025-05-19,06:50-07:00,5.7702333333332945
2025-05-19,07:50-08:20,82.90379333333331
2025-05-19,09:00-09:30,128.21672199999995
2025-05-19,09:40-10:00,60.40110666666661
2025-05-19,10:30-10:50,135.1333533333333
2025-05-19,15:50-16:30,97.40289000000004
2025-05-19,17:40-18:10,98.37612666666632
2025-05-19,18:40-19:50,145.96059333333324
2025-05-19,20:10-20:40,261.83218999999997
2025-05-19,21:10-21:40,114.81463999999983
2025-05-19,21:50-22:40,43.564346666666665
2025-05-19,23:10-24:00,95.58319999999958
2025-05-20,00:00-00:30,57.501686666666956
2025-05-20,02:10-02:30,22.10694666666666
2025-05-20,02:50-03:00,4.301669999999945
2025-05-20,05:30-05:50,12.074833333333345
2025-05-20,06:10-07:00,80.95084333333335
2025-05-20,07:10-07:30,57.13276000000005
2025-05-20,08:30-08:50,99.08585766666667
2025-05-20,10:50-14:20,2040.647638333334
2025-05-20,14:30-16:00,500.26312999999993
2025-05-20,16:10-16:20,4.201480000000004
2025-05-20,16:30-16:40,6.393006666666736
2025-05-20,17:40-18:20,141.1447599999998
2025-05-20,18:30-21:00,449.4729199999997
2025-05-20,21:20-22:20,161.23352999999963
2025-05-20,22:30-23:00,59.17422333333343
2025-05-20,23:10-23:50,78.03227333333314
2025-05-21,00:40-00:50,4.776883333333217
2025-05-21,01:50-02:00,4.916246666666666
2025-05-21,02:30-03:00,99.13816666666662
2025-05-21,04:30-04:50,40.90764333333334
2025-05-21,08:40-11:10,923.2904024
2025-05-21,14:30-17:20,993.365837666666
2025-05-21,17:40-19:00,179.4765333333329
2025-05-21,19:20-19:50,135.96218666666675
2025-05-21,20:30-21:10,155.1646099999998
2025-05-21,21:30-21:50,49.334243333333234
2025-05-21,22:20-23:00,94.69443666666689
2025-05-21,23:10-23:50,162.26010666666662
2025-05-22,01:00-01:40,40.003646666666555
2025-05-22,03:00-03:20,11.864133333333257
2025-05-22,03:50-04:20,28.51838666666663
2025-05-22,04:30-04:50,20.64436999999998
2025-05-22,05:30-05:50,62.93022333333323
2025-05-22,06:10-07:00,103.16960666666648
2025-05-22,07:30-07:40,0.7549100000000806
2025-05-22,08:10-08:20,4.245409999999993
2025-05-22,08:40-09:00,65.71141333333333
2025-05-22,09:50-10:20,171.1906233333335
2025-05-22,11:00-12:20,150.09966666666668
2025-05-22,12:40-12:50,29.608246666666673
2025-05-22,15:00-15:10,2.17628899999994
2025-05-22,15:40-17:00,207.5518233333332
2025-05-22,17:20-17:30,7.966656666666495
2025-05-22,18:00-18:30,143.1667666666666
2025-05-22,19:20-19:30,13.382499999999936
2025-05-22,19:50-20:00,6.445419999999899
2025-05-22,20:20-20:30,25.370143333333317
2025-05-22,21:50-22:00,1.71708000000001
2025-05-22,22:10-22:40,46.19661999999994
2025-05-23,00:10-00:40,28.029853333333165
2025-05-23,00:50-01:20,51.766676666666626
2025-05-23,01:50-02:40,54.245313333333115
2025-05-23,03:00-03:40,115.74504666666667
2025-05-23,04:40-04:50,0.7228599999999687
2025-05-23,05:30-05:50,17.982676666666748
2025-05-23,06:00-06:30,20.311826666666605
2025-05-23,06:40-07:00,37.13683766666661
2025-05-23,12:30-13:20,359.35907333333375
2025-05-23,13:30-13:50,22.579416666666816
2025-05-23,14:10-14:30,89.27903666666663
2025-05-23,14:50-15:50,282.2147933333333
2025-05-23,16:00-16:10,83.53997000000001
2025-05-23,16:20-16:30,30.043750000000045
2025-05-23,17:00-17:10,5.540842666666691
2025-05-23,17:40-18:00,34.73038999999994
2025-05-23,18:30-18:50,50.47034999999988
2025-05-23,19:00-19:20,50.61827999999997
2025-05-23,19:40-19:50,14.264760000000024
2025-05-23,20:30-21:00,33.341406666666416
2025-05-23,22:00-22:20,55.59786333333335
2025-05-23,22:40-23:00,32.74083999999999
2025-05-23,23:50-24:00,3.716669999999965
2025-05-24,00:00-00:30,46.177883333333284
2025-05-24,00:50-01:10,36.32877999999994
2025-05-24,01:40-02:50,128.0481366666665
2025-05-24,03:40-04:10,57.74748333333315
2025-05-24,04:30-04:50,55.472620000000006
2025-05-24,06:00-06:20,25.03561333333323
2025-05-24,14:20-14:40,125.36930333333345
2025-05-24,17:50-18:10,14.445896666666556
2025-05-24,19:00-19:30,73.82768333333331
2025-05-24,20:20-20:50,23.032186666666576
2025-05-24,21:00-21:40,70.48058333333313
2025-05-24,23:30-23:50,41.504136666666795
2025-05-25,00:10-00:20,17.406646666666802
2025-05-25,01:10-01:30,17.090526666666506
2025-05-25,01:50-02:00,1.1500733333333528
2025-05-25,02:30-02:50,17.342629999999986
2025-05-25,04:00-04:10,12.801536666666607
2025-05-25,04:30-04:50,20.962750000000028
2025-05-25,05:30-06:20,100.29352333333355
2025-05-25,06:30-07:10,127.18371666666658
2025-05-25,08:40-09:00,99.15069533333327
2025-05-25,09:20-09:30,29.434781666666716
2025-05-25,12:30-12:40,17.65145666666683
2025-05-25,13:40-14:00,30.280969999999996
2025-05-25,16:00-16:30,58.95462666666674
2025-05-25,16:50-17:00,26.469139999999925
2025-05-25,17:20-17:50,87.13447666666639
2025-05-25,18:20-18:30,25.529526666666698
2025-05-25,19:30-19:50,57.53974333333338
2025-05-25,20:00-20:20,9.268359333333244
2025-05-25,20:40-21:10,128.5921466666664
2025-05-25,21:30-21:50,56.496456666666745
2025-05-25,22:30-22:50,44.67705999999998
2025-05-26,01:20-01:40,48.37088666666659
2025-05-26,02:00-02:10,14.154186666666646
2025-05-26,02:40-02:50,4.695510000000013
2025-05-26,04:20-05:20,97.01945666666643
2025-05-26,05:30-05:50,9.108296666666547
2025-05-26,06:30-09:10,1161.8667366999998
2025-05-26,09:20-13:10,3012.9046730000005
2025-05-26,13:20-13:50,82.80919666666685
2025-05-26,16:20-16:30,6.672973333333346
2025-05-26,16:50-17:30,115.30827999999997
2025-05-26,17:50-18:00,9.56463999999994
2025-05-26,18:20-19:10,112.37402333333296
2025-05-26,20:30-20:40,9.84172999999987
2025-05-26,21:10-21:20,11.5157333333334
2025-05-26,21:30-21:50,48.71746666666661
2025-05-26,22:30-23:00,95.33903999999984
2025-05-27,00:00-00:20,48.31467666666663
2025-05-27,01:20-01:40,19.720309999999927
2025-05-27,02:10-02:30,27.46028000000001
2025-05-27,02:40-04:00,147.61994333333303
2025-05-27,04:20-04:50,25.780043333333197
2025-05-27,07:10-08:30,148.9595996666667
2025-05-27,09:10-09:40,69.28507700000014
2025-05-27,10:10-11:00,251.61860333333334
2025-05-27,13:20-14:00,144.57847666666657
2025-05-27,16:00-16:20,38.41040666666652
2025-05-27,17:50-18:10,33.96719666666661
2025-05-27,19:00-19:10,5.2881133333332855
2025-05-27,19:30-19:50,43.02100666666672
2025-05-27,20:00-20:40,61.14471999999975
2025-05-27,22:10-22:30,64.04802333333339
2025-05-27,22:50-23:00,19.323763333333318
2025-05-27,23:30-24:00,51.859023333333425
2025-05-28,00:10-00:40,73.6031366666665
2025-05-28,00:50-01:30,47.888836666666634
2025-05-28,02:00-02:10,11.525559999999928
2025-05-28,02:50-03:50,85.81273999999985
2025-05-28,05:10-05:30,7.475896666666586
2025-05-28,05:40-06:10,55.95399000000009
2025-05-28,06:20-08:20,688.6406423333331
2025-05-28,08:30-08:40,1.1958999999999378
2025-05-28,09:00-12:40,2373.7686100000005
2025-05-28,16:40-17:10,116.49730666666653
2025-05-28,17:20-18:00,90.39964999999972
2025-05-28,18:20-18:30,2.129406666666682
2025-05-28,18:50-19:00,28.513973333333183
2025-05-28,19:30-19:50,56.07017333333329
2025-05-28,20:00-20:20,27.26322999999995
2025-05-28,21:40-22:10,26.289339999999925
2025-05-28,22:30-22:40,8.268479999999954
2025-05-28,23:10-23:20,19.83912999999984
2025-05-29,00:00-01:00,64.89283633333343
2025-05-29,01:20-01:30,23.19708333333324
2025-05-29,02:30-03:00,67.45068333333325
2025-05-29,04:10-05:10,102.23834666666653
2025-05-29,05:20-06:30,163.90435999999943
2025-05-29,06:50-08:40,1058.9259799999993
2025-05-29,08:50-12:20,1655.7546277999993
2025-05-29,13:50-14:30,238.21532133333338
2025-05-29,15:40-16:10,48.369343333333376
2025-05-29,16:20-17:50,202.81102999999968
2025-05-29,18:10-18:40,76.62917333333326
2025-05-29,19:10-19:30,73.71731
2025-05-29,19:50-20:00,15.592700000000036
2025-05-30,02:00-02:20,21.88435999999996
2025-05-30,02:40-03:00,1.6048999999999296
2025-05-30,03:20-03:50,163.87751333333318
2025-05-30,04:50-05:00,13.81916666666666
2025-05-30,05:40-07:00,181.18395433333342
2025-05-30,13:00-14:20,556.64619
2025-05-30,14:30-17:50,1121.8905729999997
2025-05-30,18:50-19:00,16.261636666666675
2025-05-30,21:50-22:10,27.964043333333223
2025-05-30,22:30-22:50,26.135253333333253
2025-05-31,00:00-00:10,9.37133666666665
2025-05-31,00:40-01:00,76.40154666666666
2025-05-31,01:30-01:40,6.053379999999947
2025-05-31,02:30-03:30,138.36551333333313
2025-05-31,03:50-05:20,123.05317333333318
2025-05-31,06:00-07:20,232.588117
2025-05-31,12:40-15:20,1353.02202
2025-05-31,15:40-16:00,62.910060000000044
2025-05-31,17:50-18:00,22.294760000000053
2025-05-31,18:50-19:10,33.5564733333332
2025-05-31,20:00-20:10,4.453679999999963
2025-05-31,20:40-20:50,16.04156633333332
2025-05-31,23:00-23:10,7.72113666666678
2025-05-31,23:40-24:00,137.14018666666647
2025-06-01,00:00-03:40,1332.575996666666
2025-06-01,03:50-04:00,6.100246666666521
2025-06-01,04:20-04:50,31.14756999999986
2025-06-01,05:20-06:20,126.9864999999997
2025-06-01,06:50-07:20,35.271896666666635
2025-06-01,07:40-24:00,15229.339220633332
2025-06-02,00:00-03:50,1315.6225266666663
2025-06-02,04:10-04:50,143.69808333333322
2025-06-02,05:10-05:30,43.96675333333326
2025-06-02,05:40-09:30,1802.640615666666
2025-06-02,11:50-24:00,10028.03855195
2025-06-03,00:00-03:50,1311.3555066666654
2025-06-03,04:00-04:20,25.81679999999983
2025-06-03,04:30-04:50,25.676136666666594
2025-06-03,05:10-06:10,293.9136733333331
2025-06-03,06:20-12:00,3076.5140205999983
2025-06-03,12:10-12:50,257.6446233333336
2025-06-03,13:10-22:30,4843.919742666666
2025-06-03,22:40-24:00,584.5119400000001
2025-06-04,00:00-02:30,1414.395516666666
2025-06-04,03:00-05:40,555.8987499999992
2025-06-04,05:50-06:20,55.817660000000046
2025-06-04,06:50-07:50,282.10006333333314
2025-06-04,08:00-08:20,51.26136666666656
2025-06-04,08:30-08:50,57.72858000000008
2025-06-04,09:40-10:10,25.801382999999994
2025-06-04,10:30-24:00,7716.496516933331
2025-06-05,00:00-04:30,1588.3575799999999
2025-06-05,04:40-06:00,241.7582133333333
2025-06-05,06:10-09:20,1386.2343033333327
2025-06-05,09:40-10:20,64.76723423333308
2025-06-05,10:50-13:10,1411.944893333334
2025-06-05,13:30-21:00,4617.160702766664
2025-06-05,21:10-24:00,1335.4252966666656
2025-06-06,00:00-02:20,1129.9437433333328
2025-06-06,02:40-03:40,156.80248000000006
2025-06-06,04:00-04:20,58.84471333333329
2025-06-06,04:30-05:00,26.58569666666648
2025-06-06,05:10-07:40,562.6546376666663
2025-06-06,11:30-24:00,9978.126414333328
2025-06-07,00:00-02:50,1051.433063333333
2025-06-07,03:00-03:50,139.3828366666665
2025-06-07,04:00-04:40,42.325819999999794
2025-06-07,05:00-06:50,332.6778333333333
2025-06-07,07:10-07:40,170.0537229999999
2025-06-07,10:50-13:20,2170.5776900000005
2025-06-07,13:30-14:40,1036.5806033333333
2025-06-07,15:20-20:50,2515.1622743333332
2025-06-07,21:00-23:00,566.5045799999998
2025-06-07,23:10-24:00,361.65178000000026
2025-06-08,00:00-01:10,408.2380266666664
2025-06-08,01:30-02:00,97.51847999999973
2025-06-08,02:20-03:10,140.89824999999973
2025-06-08,03:20-03:30,10.55869999999993
2025-06-08,04:00-04:20,64.16841999999997
2025-06-08,05:20-05:40,38.48644666666655
2025-06-08,06:10-07:20,189.14994333333306
2025-06-08,14:40-14:50,25.253396666666674
2025-06-08,15:50-16:30,76.75262333333313
2025-06-08,17:10-18:10,263.6351299999993
2025-06-08,18:20-18:30,17.198260000000005
2025-06-08,18:40-20:20,470.9624045666661
2025-06-08,20:40-24:00,904.4055233333326
2025-06-09,00:00-01:50,598.0945866666659
2025-06-09,02:00-02:30,48.042603333333204
2025-06-09,02:40-03:00,69.09037999999987
2025-06-09,03:20-04:10,304.84123999999974
2025-06-09,04:20-04:50,74.81208999999978
2025-06-09,05:10-05:50,57.95218333333321
2025-06-09,06:00-06:50,183.3093466666665
2025-06-09,07:10-07:20,4.2306800000000635
2025-06-09,07:30-08:20,117.86365333333327
2025-06-09,08:30-08:40,13.520716666666658
2025-06-09,10:50-11:50,424.7476566666671
2025-06-09,13:10-13:50,275.7948233333333
2025-06-09,14:30-15:00,107.35016000000005
2025-06-09,15:20-21:00,2127.8354243333315
2025-06-09,21:20-24:00,629.9885233333331
2025-06-10,00:00-02:50,856.1367666666663
2025-06-10,03:00-03:20,39.887629999999945
2025-06-10,03:30-04:00,54.259763333333126
2025-06-10,04:30-05:10,140.5575899999999
2025-06-10,05:20-05:40,31.415376666666816
2025-06-10,06:10-06:20,2.480890000000045
2025-06-10,07:40-08:00,92.26218999999998
2025-06-10,08:30-09:40,322.5187023333333
2025-06-10,11:10-12:00,379.109156666667
2025-06-10,12:20-12:30,24.893096666666793
2025-06-10,13:40-14:20,186.41803600000003
2025-06-10,14:50-17:50,1295.6876799999995
2025-06-10,18:10-19:20,241.76929799999962
2025-06-10,19:40-21:20,354.95329799999945
2025-06-10,21:30-22:20,199.1859366666664
2025-06-10,22:30-24:00,486.1828266666664
2025-06-11,00:00-02:20,864.2766866666665
2025-06-11,02:30-02:50,35.086436666666486
2025-06-11,04:10-04:50,12.398366666666334
2025-06-11,05:00-05:20,11.948579999999993
2025-06-11,05:50-08:30,520.9509069999993
2025-06-11,08:40-10:50,1759.7834357999996
2025-06-11,11:30-11:40,3.1008100000001377
2025-06-11,12:40-16:00,1854.1446963333326
2025-06-11,16:10-19:40,1214.756980319999
2025-06-11,20:00-20:50,83.35802899999982
2025-06-11,21:00-22:50,420.2978999999996
2025-06-11,23:00-24:00,169.85571666666635
2025-06-12,00:00-00:50,341.7978899999998
2025-06-12,01:00-02:00,159.4421799999999
2025-06-12,02:10-02:30,86.72217666666666
2025-06-12,02:50-04:10,251.2557766666664
2025-06-12,05:50-06:10,40.681789999999864
2025-06-12,06:30-06:40,9.953333333333205
2025-06-12,07:20-07:30,2.53033999999991
2025-06-12,08:00-08:20,25.296649999999943
2025-06-12,11:30-11:50,41.30683666666664
2025-06-12,12:40-14:00,432.6463394666667
2025-06-12,14:20-16:20,870.6711699999996
2025-06-12,16:30-20:10,779.7856271666653
2025-06-12,20:30-22:00,260.7659236666661
2025-06-12,22:20-23:50,380.6052983333327
2025-06-13,00:00-01:00,91.4153099999998
2025-06-13,01:10-03:20,361.0674199999997
2025-06-13,03:40-04:00,8.095729999999946
2025-06-13,04:10-05:00,42.79853333333324
2025-06-13,05:30-06:00,40.244470000000035
2025-06-13,06:20-07:10,62.96713666666659
2025-06-13,07:20-07:30,5.746807000000018
2025-06-13,08:00-08:10,13.859816666666726
2025-06-13,10:10-11:30,621.5471266666668
2025-06-13,13:20-13:40,13.831053333333386
2025-06-13,14:30-14:50,30.467976666666715
2025-06-13,15:20-17:50,731.931683
2025-06-13,18:20-20:10,344.32220999999953
2025-06-13,20:30-21:00,167.76003333333324
2025-06-13,21:20-21:30,6.8206533333333255
2025-06-13,22:00-22:50,131.59924276666675
2025-06-13,23:10-23:40,155.83058999999986
2025-06-13,23:50-24:00,49.459163333333265
2025-06-14,00:00-01:50,537.7717989999999
2025-06-14,02:00-04:00,197.8105233333331
2025-06-14,04:20-04:30,20.731823333333296
2025-06-14,05:20-05:40,19.08540666666653
2025-06-14,06:00-06:10,1.9020899999999585
2025-06-14,10:50-12:20,669.7953333333335
2025-06-14,13:00-13:10,2.5428733333332616
2025-06-14,14:20-14:30,9.038966666666738
2025-06-14,15:30-18:20,649.5590883333332
2025-06-14,18:40-19:20,136.4685333333332
2025-06-14,20:00-21:10,223.50404333333313
2025-06-14,21:40-23:10,466.97371666666595
2025-06-14,23:20-23:50,90.13083333333338
2025-06-15,00:00-00:20,29.78197666666665
2025-06-15,01:30-01:50,40.67982666666671
2025-06-15,02:10-02:30,17.340273333333243
2025-06-15,03:10-03:40,35.476579999999785
2025-06-15,04:10-04:20,0.44680000000005293
2025-06-15,08:30-09:20,149.67807666666644
2025-06-15,10:10-11:00,371.5765016666669
2025-06-15,11:20-11:30,34.18789333333348
2025-06-15,12:30-13:30,254.25794446666688
2025-06-15,14:00-14:30,156.56758666666664
2025-06-15,17:00-17:30,29.76720000000023
2025-06-15,18:20-18:50,37.75012000000004
2025-06-15,19:30-19:50,25.774320666666583
2025-06-15,21:20-21:40,68.6029566666665
2025-06-15,22:00-22:10,0.030013333333272385
2025-06-15,22:30-23:00,106.05389000000014
2025-06-15,23:20-24:00,54.64390666666657
2025-06-16,00:00-01:40,372.94713999999976
2025-06-16,02:00-02:50,123.18460666666658
2025-06-16,03:30-03:50,25.791466666666565
2025-06-16,04:00-04:20,28.690630000000056
2025-06-16,05:00-06:50,331.24689999999987
2025-06-16,07:30-07:50,16.143176666666562
2025-06-16,08:20-08:30,11.872230000000059
2025-06-16,08:50-09:00,28.40582999999998
2025-06-16,09:30-10:10,191.44143199999996
2025-06-16,12:30-13:00,294.0192670000001
2025-06-16,14:00-14:50,331.7099066666666
2025-06-16,15:10-15:50,146.85462699999988
2025-06-16,16:00-16:10,3.969549999999913
2025-06-16,16:30-16:50,16.5177299999998
2025-06-16,17:50-18:00,20.948213333333342
2025-06-16,18:20-18:40,13.455219999999827
2025-06-16,19:10-19:30,28.736692666666364
2025-06-16,19:50-20:10,78.2982329999999
2025-06-16,20:40-21:30,60.02404666666655
2025-06-16,22:30-23:10,85.18907666666678
2025-06-17,00:10-01:10,231.27165666666656
2025-06-17,01:20-01:30,9.012926666666544
2025-06-17,01:50-02:10,35.7908533333333
2025-06-17,02:20-02:30,11.68583666666666
2025-06-17,02:50-03:10,57.23752666666644
2025-06-17,03:30-03:50,16.091963333333297
2025-06-17,04:50-05:20,86.84868999999992
2025-06-17,05:30-05:50,5.565069999999764
2025-06-17,06:00-06:20,59.92374333333305
2025-06-17,07:50-08:00,31.091206666666665
2025-06-17,10:20-11:00,161.36093106666672
2025-06-17,11:20-11:50,82.91385000000014
2025-06-17,12:20-14:40,1779.315755333333
2025-06-17,15:20-15:30,16.127560000000017
2025-06-17,15:50-16:30,222.43149000000005
2025-06-17,16:50-17:00,41.521310000000085
2025-06-17,17:50-18:00,8.676666666666506
2025-06-17,18:10-18:40,101.52651333333324
2025-06-17,19:20-19:30,41.63287633333333
2025-06-17,19:50-20:00,15.134311999999973
2025-06-17,20:20-20:40,46.76372666666652
2025-06-17,21:00-21:30,80.78964333333317
2025-06-17,21:50-22:00,14.445196666666561
2025-06-17,22:20-22:50,46.4391733333332
2025-06-17,23:00-23:30,147.01649666666685
2025-06-18,00:10-00:30,9.35988999999995
2025-06-18,01:00-01:10,1.7145766666666304
2025-06-18,01:40-02:00,49.55033666666668
2025-06-18,02:20-02:50,78.47880999999984
2025-06-18,04:20-04:50,8.907399999999711
2025-06-18,05:30-05:40,3.6711800000000494
2025-06-18,06:00-06:50,139.6103599999998
2025-06-18,09:50-10:00,8.65862666666672
2025-06-18,11:50-12:30,209.54134666666687
2025-06-18,13:20-13:30,19.072006666666624
2025-06-18,15:40-17:10,236.76184999999998
2025-06-18,17:40-18:40,124.31326666666644
2025-06-18,19:50-20:00,22.64889466666648
2025-06-18,20:20-20:30,27.62208666666661
2025-06-18,21:20-21:40,38.00747999999999
2025-06-18,21:50-22:00,3.6002633333332597
2025-06-18,22:20-22:30,1.9400966666667046
2025-06-18,22:40-23:00,29.563776666666627
2025-06-18,23:50-24:00,0.33666333333314924
2025-06-19,00:00-00:20,54.77246000000014
2025-06-19,00:30-01:30,96.62716666666643
2025-06-19,01:50-02:50,107.2959099999996
2025-06-19,04:20-05:10,98.04343666666625
2025-06-19,05:20-06:30,163.9469666666663
2025-06-19,08:20-09:00,147.48473666666672
2025-06-19,15:50-16:30,147.2104899999996
2025-06-19,17:30-17:50,48.41286666666633
2025-06-19,18:10-18:30,29.584876666666787
2025-06-19,19:10-19:30,92.52172499999975
2025-06-19,20:40-21:10,49.056583333333265
2025-06-19,21:20-21:50,20.902169999999728
2025-06-19,22:50-23:20,95.6587833333333
2025-06-19,23:50-24:00,74.35333000000003
2025-06-20,00:00-00:10,56.29399333333339
2025-06-20,01:00-01:50,197.36885999999993
2025-06-20,02:10-02:20,8.096379999999954
2025-06-20,03:50-04:30,38.2639466666667
2025-06-20,05:20-05:30,3.1429599999999027
2025-06-20,12:00-12:20,39.85623000000004
2025-06-20,16:30-17:10,85.99235333333314
2025-06-20,17:50-18:20,39.03894666666645
2025-06-20,19:20-19:30,6.847920000000045
2025-06-20,19:50-20:10,26.736859999999865
2025-06-20,20:50-21:00,9.07048999999995
2025-06-20,21:20-22:00,36.45417333333319
2025-06-20,22:40-23:00,16.595500000000015
2025-06-20,23:20-24:00,160.94006333333311
2025-06-21,00:00-00:40,114.99219999999974
2025-06-21,01:10-02:30,198.00525666666647
2025-06-21,02:50-03:30,112.4012433333333
2025-06-21,04:00-04:20,1.5049733333333393
2025-06-21,04:50-05:00,0.8322666666666692
2025-06-21,05:20-06:20,123.86701666666656
2025-06-21,08:20-08:40,28.5861266666667
2025-06-21,09:00-09:20,83.50367999999995
2025-06-21,17:30-17:50,22.920923333333235
2025-06-21,18:50-19:10,66.53411999999992
2025-06-21,20:20-20:30,30.579586666666614
2025-06-21,21:40-22:40,97.14725333333365
2025-06-22,00:00-00:20,41.01962666666668
2025-06-22,00:50-01:40,128.6247299999999
2025-06-22,02:00-02:10,6.378813333333255
2025-06-22,02:30-03:00,62.21749666666665
2025-06-22,03:30-03:40,9.061809999999923
2025-06-22,11:20-11:30,6.427420000000097
2025-06-22,12:10-12:30,47.18521333333342
2025-06-22,13:00-13:40,63.38258833333333
2025-06-22,14:00-14:50,282.64641999999986
2025-06-22,15:30-15:40,2.3745266666665543
2025-06-22,22:30-22:50,18.81910999999991
2025-06-22,23:40-23:50,10.98413000000005
2025-06-23,00:20-00:30,8.447083333333353
2025-06-23,02:20-02:30,45.332613333333256
2025-06-23,03:00-03:30,44.194956666666485
2025-06-23,03:40-04:00,20.590586666666468
2025-06-23,04:20-04:30,10.541246666666552
2025-06-23,04:50-05:00,18.134583333333353
2025-06-23,05:20-05:30,11.565003333333266
2025-06-23,06:00-06:10,7.812456666666662
2025-06-23,13:40-14:40,289.1799433333333
2025-06-23,16:20-16:40,9.41874666666672
2025-06-23,22:10-22:20,4.562336666666511
2025-06-24,01:10-02:10,225.5192699999999
2025-06-24,03:20-03:30,13.915419999999926
2025-06-24,05:00-06:00,77.31531333333317
2025-06-24,06:20-12:40,4741.270241666668
2025-06-24,13:00-13:50,278.61490650000013
2025-06-24,14:20-15:50,366.3186633333334
2025-06-24,16:10-16:30,63.44630333333339
2025-06-24,17:10-17:30,55.25425999999982
2025-06-24,17:50-18:10,16.074076666666656
2025-06-24,20:40-20:50,8.601723333333325
2025-06-24,23:20-23:30,25.643730000000005
2025-06-24,23:50-24:00,1.8012499999999818
2025-06-25,00:50-01:00,7.122639999999933
2025-06-25,01:30-01:50,13.180946666666614
2025-06-25,02:30-03:20,53.3229666666665
2025-06-25,04:10-04:30,16.907969999999864
2025-06-25,06:20-06:50,141.30691999999988
2025-06-25,08:00-08:20,5.556649999999877
2025-06-25,09:20-09:30,1.258276666666717
2025-06-25,09:40-11:40,1319.969783966667
2025-06-25,12:40-13:10,109.49629166666674
2025-06-25,14:20-14:50,249.03923666666668
2025-06-25,21:40-22:00,57.29044666666675
2025-06-26,00:10-00:20,3.921596666666801
2025-06-26,01:00-01:10,9.796346666666636
2025-06-26,01:30-01:50,59.0077133333333
2025-06-26,04:00-04:20,9.559169999999995
2025-06-26,05:20-05:30,10.647263333333285
2025-06-26,06:00-07:30,201.31761999999983
2025-06-26,08:20-08:30,20.99583000000007
2025-06-26,08:40-09:20,130.92611
2025-06-26,09:30-09:50,80.37487333333324
2025-06-26,10:00-10:30,74.16172433333311
2025-06-26,10:40-11:00,71.11631233333325
2025-06-26,13:00-13:10,0.7410313333332983
2025-06-26,17:00-17:10,21.700276666666696
2025-06-26,21:10-21:30,8.924256666666679
2025-06-26,22:50-23:10,8.660633333333294
2025-06-27,00:00-00:20,82.651974
2025-06-27,02:20-02:40,14.990819999999985
2025-06-27,03:50-04:00,9.167519999999968
2025-06-27,04:20-04:40,14.043826666666689
2025-06-27,05:30-06:30,73.11571999999975
2025-06-27,07:00-07:20,6.621504666666638
2025-06-27,21:20-21:40,22.65642666666656
2025-06-28,00:50-01:00,20.837223333333213
2025-06-28,01:50-02:00,8.677226666666684
2025-06-28,04:30-05:00,92.49596666666656
2025-06-28,05:20-05:30,5.878036666666674
2025-06-28,05:50-06:00,17.799073333333354
2025-06-28,06:40-07:00,2.435319999999976
2025-06-28,07:20-07:50,50.37232766666675
2025-06-28,15:40-16:00,39.05162266666668
2025-06-28,16:20-16:40,91.53673666666654
2025-06-28,21:00-21:10,6.634913333333316
2025-06-28,23:20-23:30,17.56612999999993
2025-06-29,01:50-02:00,48.431396666666615
2025-06-29,02:30-02:40,8.038233333333324
2025-06-29,04:10-04:50,59.36403333333328
2025-06-29,05:40-05:50,0.1864266666666481
2025-06-29,06:00-06:10,0.9644933333332801
2025-06-29,06:50-07:50,191.41327033333334
2025-06-29,08:10-08:40,79.68532999999985
2025-06-29,09:20-09:40,87.1239233333335
2025-06-29,11:10-13:00,942.1247063333338
2025-06-29,16:10-16:30,51.03656666666677
2025-06-30,02:50-03:00,4.708333333333371
2025-06-30,04:30-04:50,24.27933999999982
2025-06-30,06:00-06:30,74.72213999999991
2025-06-30,06:40-07:50,510.15936999999946
2025-06-30,09:50-10:50,301.1022936666666
2025-06-30,11:40-13:00,221.177460233334
2025-06-30,15:30-15:50,72.64865333333324
2025-06-30,23:50-24:00,104.19875000000002
2025-07-01,00:00-06:20,2895.787903333332
2025-07-01,06:30-07:00,91.59879666666654
2025-07-01,07:20-07:40,58.52927666666656
2025-07-01,08:40-09:00,20.328569999999957
2025-07-01,09:50-10:00,4.816543333333328
2025-07-01,11:10-12:00,164.8271766666669
2025-07-01,13:50-14:00,21.64869000000003
2025-07-01,14:50-15:30,286.93636
2025-07-01,16:30-16:50,56.869083333333265
2025-07-01,17:00-18:00,162.42666999999972
2025-07-01,18:20-24:00,1782.078539999999
2025-07-02,00:00-06:10,3011.975903333332
2025-07-02,15:50-17:30,415.61569333333284
2025-07-02,17:50-21:20,1100.9734333333317
2025-07-02,21:30-24:00,868.1744966666664
2025-07-03,00:00-06:10,3128.0884699999997
2025-07-03,07:10-08:30,510.91270666666645
2025-07-03,09:10-09:50,112.31425399999992
2025-07-03,10:10-12:10,1038.9439940000002
2025-07-03,13:30-15:40,741.1262086666668
2025-07-03,16:00-19:10,1170.7619253333323
2025-07-03,19:30-20:50,424.3431739999997
2025-07-03,21:00-24:00,1211.3288033333329
2025-07-04,00:00-07:20,3430.4704539999993
2025-07-04,13:30-13:50,70.98824000000013
2025-07-04,14:00-14:50,289.4591066666669
2025-07-04,15:30-16:10,89.2270536666668
2025-07-04,16:30-16:50,35.58531000000016
2025-07-04,17:10-19:20,583.4702233333329
2025-07-04,19:30-24:00,1877.4988433333328
2025-07-05,00:00-06:50,3114.142336666665
2025-07-05,07:10-07:30,72.64374266666664
2025-07-05,12:00-12:20,157.86536
2025-07-05,14:10-14:30,32.84585000000004
2025-07-05,15:50-16:00,39.28917899999999
2025-07-05,16:20-24:00,2818.2814499999986
2025-07-06,00:00-07:20,3267.2931733333326
2025-07-06,07:50-08:20,112.46749666666659
2025-07-06,09:10-09:30,116.38801933333306
2025-07-06,09:50-10:20,241.92546019999986
2025-07-06,10:30-11:20,287.6727866666669
2025-07-06,12:10-21:30,5759.258084999995
2025-07-06,21:40-23:00,561.1878033333328
2025-07-06,23:10-24:00,271.02213666666637
2025-07-07,00:00-06:40,3092.6528033333316
2025-07-07,08:10-08:30,15.11282
2025-07-07,10:20-11:40,470.60108000000025
2025-07-07,12:30-13:10,283.05922666666663
2025-07-07,13:30-13:40,11.039249666666663
2025-07-07,16:20-17:30,250.56627666666623
2025-07-07,17:50-19:20,403.4340726666666
2025-07-07,19:30-22:50,1337.0074436666662
2025-07-07,23:00-24:00,278.26544666666643
2025-07-08,00:20-02:20,631.1769933333328
2025-07-08,02:30-09:00,2305.806593333333
2025-07-08,09:30-10:40,391.08975699999996
2025-07-08,11:10-11:30,119.07037333333344
2025-07-08,14:00-15:20,413.56324466666644
2025-07-08,15:30-19:10,1376.4146066666653
2025-07-08,19:20-20:50,253.75771999999924
2025-07-08,21:10-23:10,409.74763666666627
2025-07-08,23:30-24:00,46.61092666666684
2025-07-09,00:20-08:30,2440.2023999999983
2025-07-09,10:40-11:20,414.03295999999966
2025-07-09,11:30-14:30,1137.5003450333336
2025-07-09,16:20-16:30,32.4217900000001
2025-07-09,17:20-19:00,467.977503333333
2025-07-09,19:20-20:00,160.81600566666623
2025-07-09,20:20-21:40,227.18426333333244
2025-07-09,22:00-22:30,104.54187666666678
2025-07-09,23:00-23:50,176.53270999999972
2025-07-10,00:10-00:30,76.14469666666673
2025-07-10,00:50-01:10,39.66193666666652
2025-07-10,01:30-02:20,243.65543666666633
2025-07-10,02:30-03:50,409.6360233333329
2025-07-10,04:00-05:50,720.3542499999999
2025-07-10,06:10-06:50,117.88444999999984
2025-07-10,07:00-07:50,105.86089666666655
2025-07-10,08:40-09:10,87.47840999999997
2025-07-10,09:20-10:20,145.0894156666667
2025-07-10,12:10-12:50,248.32389333333325
2025-07-10,14:10-14:20,14.38854666666677
2025-07-10,15:00-15:10,11.707679999999982
2025-07-10,15:30-16:10,238.58288666666652
2025-07-10,16:40-17:40,181.0722466666665
2025-07-10,17:50-18:00,7.195619999999963
2025-07-10,18:40-19:40,154.89453999999955
2025-07-10,19:50-20:00,26.037353333333144
2025-07-10,20:10-21:00,191.57696333333269
2025-07-10,21:20-22:20,288.40549999999973
2025-07-10,22:30-23:20,232.09678999999971
2025-07-11,00:10-07:40,2541.367554766666
2025-07-11,11:30-13:40,2257.8469966666667
2025-07-11,14:00-14:10,2.3850333333334675
2025-07-11,16:20-16:40,54.78067333333328
2025-07-11,17:30-19:20,312.4804599999994
2025-07-11,19:30-20:00,73.92217666666659
2025-07-11,20:40-21:30,193.88790999999992
2025-07-11,21:40-23:20,240.30632333333324
2025-07-11,23:30-24:00,122.57529666666653
2025-07-12,00:00-00:10,21.241466666666724
2025-07-12,00:20-01:00,89.64659999999992
2025-07-12,01:10-04:50,960.2943099999991
2025-07-12,05:00-07:10,499.72335199999986
2025-07-12,07:20-07:40,74.79261663333332
2025-07-12,11:10-11:20,119.70699333333346
2025-07-12,11:40-12:00,27.01427000000001
2025-07-12,12:20-12:40,76.25639999999999
2025-07-12,13:40-14:30,211.39933666666684
2025-07-12,15:30-15:50,92.6218896666665
2025-07-12,16:00-16:30,143.93180999999996
2025-07-12,17:00-17:20,88.91288333333324
2025-07-12,17:30-20:30,474.7353266666663
2025-07-12,20:50-22:30,354.53043999999954
2025-07-12,22:50-24:00,188.71984333333342
2025-07-13,00:00-01:30,140.3487833333328
2025-07-13,01:50-02:10,64.78409333333332
2025-07-13,02:20-05:30,701.1970266666657
2025-07-13,05:50-06:10,46.093136666666624
2025-07-13,06:40-07:10,103.25881333333331
2025-07-13,07:30-07:50,112.19813000000005
2025-07-13,08:00-08:20,10.747526666666602
2025-07-13,09:20-09:30,14.990096666666659
2025-07-13,15:00-15:20,77.6080533333332
2025-07-13,17:50-18:40,210.0667433333332
2025-07-13,19:00-19:30,184.23338999999976
2025-07-13,19:40-20:10,92.97286666666642
2025-07-13,20:30-21:20,120.3005233333331
2025-07-13,21:50-22:20,70.3306500000001
2025-07-13,22:30-23:00,41.27117333333331
2025-07-13,23:10-23:50,153.06811000000027
2025-07-14,00:00-00:20,22.516309999999976
2025-07-14,00:30-01:20,134.02533666666648
2025-07-14,01:30-02:00,103.7166833333331
2025-07-14,02:10-06:00,1016.720649999999
2025-07-14,06:30-06:50,23.783396666666647
2025-07-14,09:00-09:30,51.5336976666665
2025-07-14,09:50-10:30,126.84560533333344
2025-07-14,10:50-11:10,63.453616666666704
2025-07-14,12:30-12:40,2.2656600000000253
2025-07-14,13:00-14:10,442.54904999999997
2025-07-14,15:50-16:10,34.3655866666665
2025-07-14,16:30-16:50,23.752696666666452
2025-07-14,17:00-17:20,21.94204000000002
2025-07-14,17:30-19:10,440.75208999999995
2025-07-14,19:20-20:30,183.54506333333273
2025-07-14,20:40-21:20,87.12602666666635
2025-07-14,21:40-23:30,199.72175000000016
2025-07-15,00:00-00:10,6.845730000000231
2025-07-15,00:30-00:50,24.84933999999987
2025-07-15,02:00-02:40,174.8007166666664
2025-07-15,03:00-04:40,325.8493933333332
2025-07-15,05:10-05:30,64.49221
2025-07-15,05:50-06:40,155.58753333333323
2025-07-15,07:00-07:20,56.298460000000034
2025-07-15,11:20-14:00,2397.323365
2025-07-15,16:00-16:10,7.779346666666584
2025-07-15,17:20-17:30,22.226733333333186
2025-07-15,18:00-18:20,53.025179999999864
2025-07-15,18:50-19:10,15.91091999999972
2025-07-15,21:20-21:40,12.475016666666647
2025-07-15,22:50-23:00,26.39339666666683
2025-07-16,01:40-02:40,203.35211999999956
2025-07-16,03:20-06:20,742.8449733333329
2025-07-16,07:20-07:40,64.96236333333323
2025-07-16,11:00-11:20,37.096573333333424
2025-07-16,12:00-12:20,211.88209333333361
2025-07-16,12:30-13:20,278.4948466666665
2025-07-16,13:50-14:00,13.37922666666669
2025-07-16,14:20-14:30,5.4276433333332506
2025-07-16,14:50-16:30,600.2931033333327
2025-07-16,17:30-17:50,43.836853333333124
2025-07-16,18:20-18:30,45.032816666666804
2025-07-16,18:50-19:00,19.993386666666538
2025-07-16,20:00-20:20,40.49225666666635
2025-07-16,21:50-22:00,43.2645633333334
2025-07-16,22:10-22:30,64.55533333333335
2025-07-16,22:50-23:00,5.159663333333356
2025-07-17,00:40-01:30,75.36807999999974
2025-07-17,01:50-02:00,27.890743333333376
2025-07-17,03:20-05:10,453.4315466666661
2025-07-17,05:40-06:10,62.6033799999999
2025-07-17,06:40-07:00,73.54318999999998
2025-07-17,08:20-09:40,599.2308733333332
2025-07-17,10:00-10:20,23.92404966666686
2025-07-17,14:00-14:40,187.00651399999998
2025-07-17,15:30-15:40,19.222423333333268
2025-07-17,16:10-17:10,410.3781933333331
2025-07-17,20:00-20:20,28.33593666666667
2025-07-17,22:30-23:00,38.54404333333321
2025-07-17,23:20-23:50,115.84967666666671
2025-07-18,01:00-01:20,11.299293333333253
2025-07-18,02:10-02:30,52.440573333333305
2025-07-18,02:50-03:00,41.07598000000007
2025-07-18,03:20-03:40,23.655246666666585
2025-07-18,04:10-04:30,69.22497999999996
2025-07-18,05:00-06:20,121.79514333333336
2025-07-18,07:10-07:40,59.46435399999994
2025-07-18,11:30-12:40,805.2445133333335
2025-07-18,13:10-13:40,74.6271300000003
2025-07-18,14:00-15:00,393.03250999999983
2025-07-18,15:40-16:00,143.07608783333316
2025-07-18,17:00-17:20,20.91913999999997
2025-07-18,17:30-18:10,52.54411666666641
2025-07-18,19:10-19:30,39.63961999999981
2025-07-18,22:00-22:20,46.4076
2025-07-18,22:50-23:10,16.737533333333317
2025-07-19,01:10-01:20,27.943383333333372
2025-07-19,02:20-03:00,195.01061666666658
2025-07-19,03:20-03:50,103.60805666666658
2025-07-19,04:00-04:40,102.43917666666664
2025-07-19,04:50-05:30,191.86848999999984
2025-07-19,11:30-11:40,23.136336666666807
2025-07-19,16:10-16:30,35.02517000000003
2025-07-19,16:50-17:10,33.39986666666661
2025-07-19,17:20-18:20,74.40036333333296
2025-07-19,18:40-18:50,8.999509333333364
2025-07-19,19:20-19:40,75.04822333333334
2025-07-19,20:00-20:10,1.3708299999999554
2025-07-19,20:50-21:20,21.813239999999837
2025-07-19,21:40-21:50,1.7123299999999517
2025-07-19,23:30-24:00,85.51409666666677
2025-07-20,01:40-01:50,5.2550366666665695
2025-07-20,02:30-03:20,108.39583333333337
2025-07-20,03:30-04:00,65.80033333333336
2025-07-20,04:20-04:50,123.63974999999982
2025-07-20,05:00-05:20,34.05324000000007
2025-07-20,06:10-07:40,291.01773999999955
2025-07-20,08:30-08:40,4.334783333333178
2025-07-20,09:40-10:30,158.0104323333333
2025-07-20,11:00-11:50,460.82654000000014
2025-07-20,12:20-12:30,19.0785066666665
2025-07-20,12:50-13:10,21.48317000000003
2025-07-20,13:20-13:50,129.8375856666666
2025-07-20,14:10-14:20,7.166811666666568
2025-07-20,14:40-15:00,19.041586666666717
2025-07-20,15:20-15:30,3.967856666666762
2025-07-20,17:40-18:00,46.4826333333333
2025-07-20,20:30-20:50,9.187146666666678
2025-07-20,21:20-21:30,15.57743333333326
2025-07-20,22:20-22:30,14.350363333333462
2025-07-20,22:50-23:10,12.400300000000016
2025-07-21,01:10-01:30,57.37031000000002
2025-07-21,01:50-02:50,183.27972333333298
2025-07-21,03:30-03:50,33.391986666666526
2025-07-21,04:00-04:20,27.954683333333264
2025-07-21,04:30-04:50,43.685966666666445
2025-07-21,05:00-06:00,192.54973333333317
2025-07-21,06:20-06:40,137.2166966666665
2025-07-21,06:50-07:10,49.73021999999986
2025-07-21,07:30-08:00,206.98578333333325
2025-07-21,08:20-08:30,31.87035999999995
2025-07-21,09:10-09:40,161.3006623333332
2025-07-21,11:20-11:30,6.780836666666801
2025-07-21,11:50-13:30,874.6927300000003
2025-07-21,14:40-14:50,13.645129999999938
2025-07-21,15:40-16:10,196.17132999999978
2025-07-21,17:10-18:00,175.77944333333335
2025-07-21,18:40-18:50,3.2327699999999595
2025-07-21,21:10-21:20,1.9822333333332836
2025-07-22,00:50-01:10,21.20668333333333
2025-07-22,03:00-03:20,30.449339999999893
2025-07-22,03:30-03:50,11.734996666666689
2025-07-22,04:00-04:20,80.77465999999981
2025-07-22,05:10-05:30,8.303819999999973
2025-07-22,05:50-06:20,55.47263666666663
2025-07-22,06:30-06:50,22.370443333333355
2025-07-22,07:20-07:30,4.887796666666645
2025-07-22,10:00-11:10,246.55394000000004
2025-07-22,12:40-14:00,727.2447581666665
2025-07-22,16:20-16:30,1.7495933333333369
2025-07-22,19:50-20:00,8.372919999999908
2025-07-22,22:20-22:30,3.517796666666527
2025-07-23,03:00-03:20,35.423130000000015
2025-07-23,05:20-05:30,45.53809333333322
2025-07-23,06:10-06:30,47.97359999999992
2025-07-23,06:50-07:30,253.24713666666673
2025-07-23,07:40-08:30,223.51223999999996
2025-07-23,10:50-11:50,221.84264333333374
2025-07-23,13:20-13:40,45.70939299999985
2025-07-23,14:10-14:50,109.09770666666644
2025-07-23,15:30-16:00,89.51755666666679
2025-07-23,19:30-19:40,6.151146666666591
2025-07-24,03:10-03:20,10.365859999999998
2025-07-24,03:30-03:50,10.711726666666664
2025-07-24,04:40-04:50,15.866553333333286
2025-07-24,05:00-05:30,67.91400333333331
2025-07-24,05:40-06:20,73.65503999999987
2025-07-24,12:20-14:00,1189.4646436
2025-07-24,14:40-14:50,3.661599999999993
2025-07-24,15:50-16:10,88.02860999999996
2025-07-24,16:20-16:30,9.032209999999964
2025-07-24,16:50-17:00,11.889466666666635
2025-07-24,17:50-18:00,12.15012333333334
2025-07-25,03:30-03:40,31.59480333333329
2025-07-25,04:00-04:20,30.673566666666716
2025-07-25,04:40-04:50,20.237693333333254
2025-07-25,05:00-05:10,3.444443333333311
2025-07-25,07:30-07:50,92.85376666666662
2025-07-25,18:20-18:30,9.973586666666733
2025-07-26,02:30-03:00,82.99736666666661
2025-07-26,03:50-04:00,38.306659999999965
2025-07-26,05:30-05:50,45.16455666666678
2025-07-26,06:10-06:40,79.2228733333333
2025-07-26,10:40-11:00,75.03800666666666
2025-07-26,11:10-13:00,645.6369466666672
2025-07-26,22:30-22:40,3.6487966666666125
2025-07-27,01:20-01:40,74.20205999999996
2025-07-27,03:30-03:40,0.3253700000000208
2025-07-27,04:30-05:00,62.5705366666665
2025-07-27,05:10-06:40,255.51795666666624
2025-07-27,07:00-09:20,1060.2408119999996
2025-07-27,10:40-10:50,7.349716666666666
2025-07-27,22:50-23:00,20.69403000000011
2025-07-28,02:30-02:40,11.738259999999968
2025-07-28,03:00-03:20,18.117569999999887
2025-07-28,06:10-07:00,119.11014999999975
2025-07-28,07:50-08:00,0.5417400000000043
2025-07-28,08:10-10:50,1224.5757606666666
2025-07-28,11:10-13:20,1333.998175666667
2025-07-28,16:10-16:40,76.42958666666664
2025-07-28,17:00-17:10,33.912313333333145
2025-07-28,17:30-17:50,36.10228333333316
2025-07-28,21:10-21:30,6.571249999999736
2025-07-28,23:10-23:30,52.49865999999997
2025-07-29,07:00-07:10,4.3316466666667
2025-07-29,08:20-08:30,2.945989999999995
2025-07-29,09:10-12:30,1521.8901992000003
2025-07-29,16:40-16:50,2.908326666666653
2025-07-30,03:00-03:20,10.185553333333246
2025-07-30,06:10-06:20,7.269336666666618
2025-07-30,06:30-06:50,14.573356666666541
2025-07-30,07:20-07:40,46.5020199999999
2025-07-30,07:50-09:10,283.79743333333306
2025-07-30,09:50-10:10,22.59625199999989
2025-07-30,15:10-15:20,3.9760799999999676
2025-07-31,02:10-02:30,8.146726666666495
2025-07-31,04:20-04:30,3.9524566666666487
2025-07-31,08:00-08:30,117.4787666666665
2025-07-31,09:30-10:00,195.9809123333333
2025-07-31,12:40-12:50,1.4162200000000666
2025-07-31,14:20-14:30,3.8920366666666553
2025-08-01,04:50-05:20,56.094409999999925
2025-08-02,03:50-04:00,1.8556433333333189
2025-08-03,05:30-06:00,29.609366666666688
2025-08-03,06:30-06:50,4.223836666666614
2025-08-03,22:10-22:20,0.4950900000000047
2025-08-04,04:20-04:30,29.948096666666515
2025-08-05,05:40-06:00,16.10033333333331
2025-08-05,06:20-06:40,15.766706666666664
2025-08-05,08:10-08:20,2.198093333333304
2025-08-05,10:20-10:40,77.81274666666664
2025-08-06,03:10-03:30,7.209469999999897
2025-08-06,05:30-05:50,8.33596666666665
2025-08-06,13:00-16:10,1297.345005999999
2025-08-06,23:50-24:00,27.459166666666647
2025-08-07,05:00-05:10,10.633303333333401
2025-08-07,06:50-07:00,35.784820000000025
2025-08-07,07:20-08:00,109.23399666666651
2025-08-07,22:00-22:10,4.5843633333333855
2025-08-08,06:20-07:00,107.42283333333341
2025-08-08,07:10-07:30,5.362166000000002
2025-08-09,05:20-05:30,6.951849999999979
2025-08-09,06:00-06:10,24.769066666666674
2025-08-09,06:50-07:20,162.32483949999994
2025-08-09,12:10-13:30,597.5361600000009
2025-08-10,05:40-05:50,4.756443333333436
2025-08-10,08:20-08:30,0.9096600000000876
2025-08-10,09:30-10:00,201.10853666666648
2025-08-10,11:40-14:10,1566.0773293333339
2025-08-10,15:50-16:00,2.985716666666633
2025-08-10,16:40-16:50,1.599403333333271
2025-08-10,17:20-17:30,6.3577966666666725
2025-08-10,22:10-22:20,8.12214333333327
2025-08-11,00:20-00:30,14.576930000000061
2025-08-11,01:00-01:10,0.4265733333332946
2025-08-11,07:10-07:50,134.2842800000001
2025-08-11,08:30-10:10,721.7459710000003
2025-08-11,11:50-12:00,29.32755999999989
2025-08-11,12:20-12:30,17.023570000000234
2025-08-11,12:40-13:00,52.421893333333514
2025-08-11,19:20-19:30,13.167583333333226
2025-08-11,22:00-22:20,44.25713666666661
2025-08-12,00:10-00:20,1.7223633333333055
2025-08-12,04:50-05:10,19.21244333333334
2025-08-12,08:50-09:10,33.4404230000001
2025-08-12,09:20-11:20,1274.8894596666669
2025-08-12,12:20-12:50,35.09786666666662
2025-08-12,13:20-14:50,398.34178466666674
2025-08-12,15:00-15:40,182.6166800000002
2025-08-12,16:10-16:40,71.17780333333315
2025-08-12,17:30-17:50,17.072013333333416
2025-08-13,00:50-01:00,37.08240333333322
2025-08-13,01:20-01:30,8.872086666666519
2025-08-13,02:40-02:50,2.536356666666734
2025-08-13,05:50-06:00,12.355653333333294
2025-08-13,09:20-09:30,0.047202666666635196
2025-08-13,09:40-12:00,1155.492096666667
2025-08-13,12:20-12:30,1.1709466666668504
2025-08-13,12:50-13:00,22.2778133333332
2025-08-13,13:30-14:20,459.3576899999999
2025-08-14,03:30-03:50,5.41375000000005
2025-08-14,05:50-06:00,4.198039999999992
2025-08-14,06:20-07:10,130.8883133333332
2025-08-14,07:30-09:00,648.9901133333333
2025-08-14,09:50-10:10,75.74767000000008
2025-08-14,10:20-10:40,40.44693666666669
2025-08-14,11:50-12:20,178.2818900000005
2025-08-14,16:50-17:00,2.854876666666655
2025-08-14,18:50-19:00,3.5970233333332544
2025-08-14,20:30-20:50,7.103443333333246
2025-08-15,00:40-00:50,1.3666600000000244
2025-08-15,04:00-04:10,20.50786999999991
2025-08-15,05:30-05:40,8.685130000000072
2025-08-15,06:20-07:20,173.79035166666665
2025-08-15,15:30-15:40,3.949652666666708
2025-08-15,16:10-16:30,32.38602866666659
2025-08-15,23:50-24:00,7.632499999999936
2025-08-16,04:50-05:00,6.874586666666573
2025-08-16,05:40-06:00,21.764426666666623
2025-08-16,06:50-07:20,52.19926966666661
2025-08-16,13:10-13:20,1.9600900000000365
2025-08-16,13:50-14:00,54.36785999999995
2025-08-16,14:20-14:40,71.09992333333332
2025-08-16,18:30-18:50,1.5335083333331951
2025-08-16,20:10-20:30,12.84692999999993
2025-08-17,02:10-02:30,11.971166666666704
2025-08-17,03:00-03:10,3.2739299999998366
2025-08-17,06:40-07:30,241.01387333333304
2025-08-17,08:20-08:30,29.960473333333226
2025-08-17,09:20-09:30,13.029643000000078
2025-08-17,12:20-12:30,4.1356000000001245
2025-08-17,16:10-16:20,14.28997666666669
2025-08-17,18:20-18:40,41.408950000000004
2025-08-17,19:10-19:20,17.636389999999835
2025-08-18,00:00-00:10,3.614480000000185
2025-08-18,01:20-01:40,52.32166333333316
2025-08-18,02:10-02:20,1.3755566666666255
2025-08-18,03:50-04:00,13.36436666666657
2025-08-18,05:50-06:10,63.770613333333245
2025-08-18,07:20-07:30,39.234926666666695
2025-08-18,08:00-09:20,294.26508596666673
2025-08-18,13:30-14:30,281.9273093333334
2025-08-18,16:20-16:30,1.994103333333328
2025-08-18,17:20-17:30,50.79321666666658
2025-08-18,19:00-19:20,20.57247333333322
2025-08-18,20:20-20:30,22.31209000000004
2025-08-18,22:50-23:00,2.129929999999831
2025-08-19,01:50-02:00,30.450759999999946
2025-08-19,02:20-02:30,5.601669999999899
2025-08-19,04:30-04:40,9.582563333333383
2025-08-19,08:20-08:40,67.39710666666662
2025-08-19,11:00-11:50,207.33921666666635
2025-08-19,12:10-12:20,3.404856666666774
2025-08-19,13:50-14:20,124.6293333333335
2025-08-19,14:40-15:10,56.7697463333334
2025-08-19,15:40-16:00,33.13986666666659
2025-08-19,18:20-18:30,10.413326666666649
2025-08-19,19:20-19:40,31.56801999999982
2025-08-19,21:20-21:40,41.39674000000002
2025-08-20,00:20-00:30,17.7809166666666
2025-08-20,01:50-02:00,0.13295666666670058
2025-08-20,05:20-06:00,19.877537333333123
2025-08-20,06:20-09:50,2015.7225433333326
2025-08-20,10:00-12:40,1772.5925200000006
2025-08-20,13:10-15:00,727.4760135000001
2025-08-20,16:20-16:30,4.466483333333258
2025-08-20,17:10-17:20,12.274093333333212
2025-08-20,17:50-18:00,27.677589999999896
2025-08-20,20:00-20:10,7.891676666666541
2025-08-20,20:50-21:00,24.558336666666605
2025-08-20,23:10-23:20,1.398296666666738
2025-08-21,02:40-03:00,26.58089999999993
2025-08-21,04:50-05:00,10.516669999999976
2025-08-21,09:30-09:50,50.05520333333328
2025-08-21,10:10-10:20,2.417763333333312
2025-08-21,11:10-12:40,502.71146666666675
2025-08-21,13:00-14:40,833.101025333333
2025-08-21,15:10-15:30,94.86887333333326
2025-08-21,18:00-18:20,61.36392333333322
2025-08-21,20:50-21:00,1.8433366666665734
2025-08-22,01:30-01:50,40.54510999999991
2025-08-22,02:40-03:00,14.328499999999963
2025-08-22,03:40-04:00,53.51228999999978
2025-08-22,05:20-05:40,28.180399999999906
2025-08-22,12:40-12:50,6.158666666666818
2025-08-22,13:00-14:00,196.59910000000013
2025-08-22,14:10-15:10,361.44721000000044
2025-08-22,15:50-16:50,165.96148699999992
2025-08-22,17:00-17:10,3.924986666666598
2025-08-22,18:50-19:10,51.925629999999956
2025-08-22,20:20-20:40,65.93368999999984
2025-08-22,21:00-21:10,3.815876666666668
2025-08-22,22:10-22:30,49.16307333333316
2025-08-23,00:20-00:30,3.102996666666513
2025-08-23,03:00-03:10,24.229563333333317
2025-08-23,04:10-04:20,7.983759999999961
2025-08-23,04:50-05:00,11.05916666666667
2025-08-23,05:30-05:40,3.991206666666585
2025-08-23,12:00-12:20,132.80080333333342
2025-08-23,13:20-13:40,156.37931666666668
2025-08-23,14:00-14:10,34.29697666666664
2025-08-23,15:50-16:00,13.950974403333369
2025-08-23,21:30-21:50,75.63481999999988
2025-08-23,22:50-23:00,5.594063333333452
2025-08-24,02:10-02:20,5.767409999999927
2025-08-24,06:00-06:20,15.700729999999908
2025-08-24,06:40-06:50,3.5090999999999326
2025-08-24,07:30-07:50,29.05113000000003
2025-08-24,08:50-09:00,51.258373333333296
2025-08-24,09:20-09:30,22.566079333333462
2025-08-24,14:10-14:20,0.9794436666666044
2025-08-24,14:40-14:50,6.324566666666669
2025-08-24,15:00-15:30,103.02698333333336
2025-08-24,16:10-16:30,47.141503333333276
2025-08-24,17:20-17:30,3.559246666666695
2025-08-24,18:00-18:10,3.712383333333264
2025-08-24,21:20-21:30,4.061040000000048
2025-08-24,23:10-23:20,19.82214666666664
2025-08-25,03:50-04:10,36.802603333333195
2025-08-25,04:50-05:00,4.543753333333143
2025-08-25,06:10-06:50,95.74496666666653
2025-08-25,07:00-07:30,130.0523
2025-08-25,07:50-08:00,5.354436666666686
2025-08-25,10:00-11:00,290.35637
2025-08-25,11:30-13:40,1417.0630800000001
2025-08-25,14:10-17:00,994.6629713333326
2025-08-26,01:10-01:20,2.221646666666743
2025-08-26,02:40-03:00,17.804556666666485
2025-08-26,04:10-04:30,7.400526666666451
2025-08-26,06:00-06:10,1.2524399999999787
2025-08-26,07:10-08:00,42.14873666666671
2025-08-26,08:10-08:40,94.00561999999982
2025-08-26,13:00-13:20,67.2474066666667
2025-08-26,16:00-16:20,122.81328333333329
2025-08-26,16:40-17:20,141.14342666666676
2025-08-27,02:10-02:20,8.780123333333336
2025-08-27,06:00-06:10,7.124533333333261
2025-08-27,06:50-07:00,19.437486666666587
2025-08-27,07:50-09:40,612.9718549999999
2025-08-27,10:50-11:00,21.16047666666657
2025-08-27,11:20-11:50,99.48821566666697
2025-08-27,13:50-14:00,13.591726666666688
2025-08-27,14:20-14:30,71.8573763333333
2025-08-27,15:20-15:40,34.939829999999915
2025-08-27,16:10-16:40,48.185460000000035
2025-08-27,17:10-17:20,8.663419999999974
2025-08-27,18:20-18:30,5.203866666666499
2025-08-27,18:50-19:00,1.2308333333332513
2025-08-27,19:20-19:30,3.708086666666631
2025-08-28,01:00-01:10,25.61202666666668
2025-08-28,02:50-03:10,11.11834999999985
2025-08-28,05:50-06:10,14.844130000000064
2025-08-28,07:30-08:00,56.98815999999985
2025-08-28,08:50-12:40,3728.3483306666662
2025-08-28,13:30-13:40,8.897013333333447
2025-08-28,17:00-17:20,105.79309666666677
2025-08-28,18:50-19:00,19.440884999999824
2025-08-28,19:50-20:00,19.222086666666485
2025-08-28,21:20-21:50,39.258116666666524
2025-08-28,22:50-23:00,52.3605
2025-08-29,05:50-06:30,99.0352566666665
2025-08-29,06:50-07:40,306.07988866666676
2025-08-29,12:50-13:00,36.580943333333266
2025-08-29,16:50-17:00,14.414076666666631
2025-08-29,20:00-20:10,26.128893333333167
2025-08-29,21:50-22:00,5.309953333333283
2025-08-29,22:40-22:50,2.0225033333333613
2025-08-29,23:30-23:40,3.668800000000033
2025-08-30,00:00-00:20,7.630976666666697
2025-08-30,00:40-01:00,53.346286666666515
2025-08-30,01:30-01:50,22.4611533333333
2025-08-30,02:10-02:20,2.1597666666666555
2025-08-30,04:00-04:30,23.31813666666659
2025-08-30,05:10-05:40,23.75575999999967
2025-08-30,14:40-15:00,103.49326333333349
2025-08-30,16:20-16:30,10.010153333333392
2025-08-30,17:30-17:40,2.2043500000000336
2025-08-30,18:10-18:20,0.6352933333332658
2025-08-30,20:30-20:50,38.49621666666667
2025-08-30,21:30-21:50,46.2646566666665
2025-08-30,22:30-22:50,48.25235999999995
2025-08-30,23:10-23:40,63.634423333333416
2025-08-31,01:50-02:00,4.066449999999918
2025-08-31,04:20-04:30,7.336123333333148
2025-08-31,05:40-06:30,35.36087000000009
2025-08-31,07:00-07:50,211.08231000000004
2025-08-31,09:30-10:00,186.42431199999987
2025-08-31,10:20-11:00,80.74855000000022
2025-08-31,11:40-12:20,171.02173000000022
2025-08-31,12:30-13:00,51.72439333333324
2025-08-31,15:30-15:50,31.93649333333326
2025-08-31,18:00-18:10,6.187526666666713
2025-08-31,20:00-20:10,4.569443333333226
2025-08-31,22:50-23:00,9.782096666666575
2025-09-01,09:50-10:20,203.35461666666666
2025-09-01,11:30-12:00,114.2532766666667
2025-09-02,06:40-06:50,0.2194866666666826
2025-09-02,08:30-08:50,52.008893333333475
2025-09-02,09:00-09:10,6.379845000000117
2025-09-03,15:40-15:50,21.932726666666667
2025-09-04,07:40-08:00,32.63804999999985
2025-09-05,06:00-06:20,28.468646666666586
2025-09-05,12:20-12:50,126.58208000000013
2025-09-06,06:30-06:40,6.3020600000000115
2025-09-06,07:10-07:40,47.273745999999946
2025-09-07,07:50-08:30,238.7123366666665
2025-09-07,08:50-09:20,78.36688016666665
2025-09-07,10:00-10:20,25.097573333333344
2025-09-07,12:20-13:30,349.1062999999998
2025-09-08,05:00-05:20,15.23320666666666
2025-09-08,07:00-07:10,9.258533333333276
2025-09-08,08:10-08:20,7.429443333333211
2025-09-08,09:00-09:20,5.730458000000056
2025-09-08,09:30-10:50,549.0665893333332
2025-09-08,11:00-11:20,29.625416666666695
2025-09-08,11:50-12:30,94.96390000000042
2025-09-08,12:50-15:40,1301.4856340000003
2025-09-09,06:30-06:50,9.80158333333327
2025-09-09,07:10-07:40,56.842426666666654
2025-09-09,14:40-14:50,3.8362800000000163
2025-09-10,05:50-06:00,14.139203333333171
2025-09-10,06:10-11:10,2408.3429859333337
2025-09-10,11:50-12:10,58.05230999999986
2025-09-10,12:30-14:30,1486.5221142000003
2025-09-11,08:10-08:50,306.69032333333325
2025-09-12,05:00-05:10,12.263370000000009
2025-09-12,06:40-07:40,200.73375333333325
2025-09-12,12:10-12:30,58.817930000000274
2025-09-12,13:20-13:30,6.834996666666825
2025-09-13,06:10-06:50,77.12984333333327
2025-09-13,16:00-16:10,0.5749019999999803
2025-09-13,16:50-17:10,38.64324666666667
2025-09-14,04:00-04:10,9.117453333333401
2025-09-14,04:40-04:50,13.6489633333332
2025-09-14,05:20-05:30,11.73889666666662
2025-09-14,06:20-06:30,21.38653666666653
2025-09-14,07:30-08:20,116.06995999999992
2025-09-14,08:30-13:10,2052.0323411333334
2025-09-14,13:40-13:50,12.807329999999979
2025-09-15,00:40-00:50,6.641439999999989
2025-09-15,05:40-06:00,31.83925333333343
2025-09-15,06:20-08:10,421.29045666666696
2025-09-15,08:40-09:00,76.81085366666673
2025-09-15,15:00-15:20,36.26116666666678
2025-09-15,17:50-18:00,21.811619999999834
2025-09-16,03:00-03:10,5.160619999999994
2025-09-16,03:50-04:20,33.86229999999989
2025-09-16,06:50-07:00,17.93366000000009
2025-09-16,07:30-07:50,42.33372333333341
2025-09-16,09:10-09:20,0.4493940000000265
2025-09-16,09:50-10:00,10.929246666666671
2025-09-16,10:30-13:10,1735.1524766666666
2025-09-16,13:40-13:50,14.255190000000027
2025-09-16,14:20-14:40,30.484642333333355
2025-09-16,15:10-15:40,75.78667666666652
2025-09-16,20:20-20:30,2.107083333333321
2025-09-16,23:50-24:00,19.216249999999945
2025-09-17,03:20-03:30,6.875413333333313
2025-09-17,04:50-05:00,9.97090333333324
2025-09-17,05:50-06:00,32.99364000000014
2025-09-17,06:30-06:50,13.08745666666664
2025-09-17,07:00-07:10,0.25521666666656984
2025-09-17,07:20-12:10,2341.9408063333335
2025-09-17,13:20-13:50,108.86230666666671
2025-09-17,14:00-14:20,22.769228333333402
2025-09-17,15:50-16:00,12.61439999999999
2025-09-17,22:30-22:50,28.930059999999912
2025-09-18,05:10-05:30,42.222673333333205
2025-09-18,05:50-06:20,48.32957333333354
2025-09-18,08:40-11:00,974.5079543333336
2025-09-18,11:50-12:10,62.20463333333345
2025-09-18,12:30-13:20,333.3430566666667
2025-09-18,13:40-13:50,16.2817
2025-09-18,21:30-21:40,23.178996666666535
2025-09-19,01:00-01:10,17.293866666666702
2025-09-19,01:40-02:00,40.51587333333333
2025-09-19,04:20-05:00,35.267639999999915
2025-09-19,06:10-06:30,5.921929999999975
2025-09-19,07:30-07:50,47.62891843333343
2025-09-19,12:10-12:50,191.17817000000002
2025-09-19,13:30-14:00,70.1998633333335
2025-09-19,14:50-15:10,39.61962000000014
2025-09-19,15:50-16:20,146.55855066666675
2025-09-19,16:50-17:00,26.70017999999996
2025-09-20,03:10-03:40,62.895119999999906
2025-09-20,04:50-05:00,1.0602999999999838
2025-09-20,05:50-07:50,321.3817841333332
2025-09-20,11:50-12:00,14.371129999999994
2025-09-20,13:10-14:00,240.82286666666698
2025-09-20,14:20-14:30,36.9438233333334
2025-09-20,15:40-15:50,12.984249999999975
2025-09-20,16:30-16:50,2.9352233333332265
2025-09-20,19:00-19:10,2.453046666666637
2025-09-20,20:50-21:00,2.414170000000013
2025-09-21,03:00-03:20,14.88438333333329
2025-09-21,03:50-04:00,3.304936666666663
2025-09-21,04:20-04:50,24.12919333333332
2025-09-21,05:20-05:50,16.493656666666425
2025-09-21,06:00-06:30,18.260286666666502
2025-09-21,10:40-12:00,692.1227926666668
2025-09-21,12:20-12:40,69.90190999999993
2025-09-21,12:50-13:20,63.01495333333327
2025-09-21,16:40-17:20,61.09009666666668
2025-09-22,00:00-00:20,27.702726666666422
2025-09-22,00:30-00:50,83.80676000000005
2025-09-22,01:30-02:10,85.82699333333312
2025-09-22,02:30-03:00,84.87111666666647
2025-09-22,03:20-03:50,76.38745333333327
2025-09-22,04:00-04:20,19.751183333333188
2025-09-22,05:00-05:30,40.45758333333322
2025-09-22,06:00-06:20,15.292409999999904
2025-09-22,06:50-07:00,28.02911000000006
2025-09-22,07:20-07:30,4.507801333333248
2025-09-22,07:40-08:10,50.424036666666495
2025-09-22,10:30-11:10,144.2721333333333
2025-09-22,11:20-11:50,107.18056633333327
2025-09-22,12:10-12:50,283.6469666666671
2025-09-22,13:00-13:30,128.23522333333327
2025-09-22,13:50-14:00,13.270106666666635
2025-09-22,14:20-14:40,31.425938299999906
2025-09-22,15:20-16:40,362.59175999999985
2025-09-22,16:50-17:30,168.39583666666636
2025-09-22,19:40-20:10,99.65266999999994
2025-09-22,21:00-22:00,159.94061333333286
2025-09-22,22:50-23:00,40.112163333333456
2025-09-22,23:20-23:40,52.3427099999999
2025-09-23,00:30-01:10,31.66367666666656
2025-09-23,01:40-02:20,63.47869333333301
2025-09-23,03:40-04:00,25.467166666666685
2025-09-23,04:50-05:20,71.6303233333332
2025-09-23,05:40-05:50,10.698833333333255
2025-09-23,06:00-06:30,65.22511999999972
2025-09-23,06:40-08:00,210.39664666666658
2025-09-23,09:20-11:10,951.4476033333334
2025-09-23,12:50-13:00,25.1636933333333
2025-09-23,13:20-15:30,713.9413286666663
2025-09-23,15:50-16:50,356.9327533333332
2025-09-23,17:00-17:40,79.12585666666644
2025-09-23,18:10-18:40,32.70335333333355
2025-09-23,19:10-19:30,8.53819333333331
2025-09-23,20:00-20:30,104.05678
2025-09-23,20:50-22:00,163.33826666666653
2025-09-23,22:20-22:30,57.5913966666667
2025-09-23,23:30-23:40,7.848130000000083
2025-09-24,01:20-01:50,26.493523333333314
2025-09-24,02:00-03:50,228.81750333333287
2025-09-24,04:00-05:30,198.5430566666663
2025-09-24,06:00-08:40,613.3883899999994
2025-09-24,08:50-09:40,230.76726766666658
2025-09-24,10:10-10:20,35.37598333333338
2025-09-24,11:20-13:10,733.7013183333338
2025-09-24,15:10-15:20,3.904726666666761
2025-09-24,16:50-17:20,51.60969666666631
2025-09-24,18:10-18:30,43.10777666666661
2025-09-24,19:00-19:10,15.684889999999996
2025-09-24,19:40-20:00,54.57673
2025-09-24,20:20-20:30,11.382293333333337
2025-09-24,21:10-21:30,44.2331999999999
2025-09-24,23:40-23:50,24.6179433333333
2025-09-25,00:20-00:50,156.5243733333333
2025-09-25,01:10-01:30,33.115833333333285
2025-09-25,02:00-02:20,47.637546666666594
2025-09-25,02:50-03:30,76.25632333333306
2025-09-25,04:00-04:10,6.035673333333307
2025-09-25,04:30-05:10,103.46141666666665
2025-09-25,06:10-06:50,84.49045333333333
2025-09-25,07:00-08:00,162.1534413333332
2025-09-25,12:00-13:00,210.04941666666662
2025-09-25,14:10-15:10,97.35268573333337
2025-09-25,15:30-16:40,278.0329299999996
2025-09-25,17:10-17:20,5.082063333333394
2025-09-25,17:40-18:00,35.824113333333344
2025-09-25,18:30-19:10,133.5484266666665
2025-09-25,20:20-20:30,9.614579999999933
2025-09-25,20:50-21:30,191.47907999999973
2025-09-25,22:30-23:30,148.8721326666663
2025-09-25,23:40-24:00,7.61898333333329
2025-09-26,00:20-00:30,7.698749999999961
2025-09-26,01:50-02:10,44.564263333333315
2025-09-26,02:20-03:00,30.85498999999993
2025-09-26,03:20-03:30,21.659583333333273
2025-09-26,04:00-04:20,25.350529999999992
2025-09-26,04:40-05:40,117.83668333333316
2025-09-26,07:10-07:30,55.81116633333336
2025-09-26,12:10-13:00,304.70892666666657
2025-09-26,13:20-14:50,413.1801066666667
2025-09-26,15:00-15:10,40.7207166666667
2025-09-26,16:00-16:20,41.034882333333385
2025-09-26,16:30-16:50,23.555623333333244
2025-09-26,17:20-17:30,10.042683333333343
2025-09-26,19:10-19:30,8.821949999999902
2025-09-26,19:50-20:00,18.540776666666602
2025-09-26,21:30-22:00,53.72703666666655
2025-09-26,23:30-23:50,24.092793333333248
2025-09-27,00:30-00:40,26.335170000000005
2025-09-27,01:00-01:20,86.12729666666667
2025-09-27,02:10-02:20,1.8712733333332494
2025-09-27,02:50-03:20,95.07044333333334
2025-09-27,03:40-04:00,59.80915999999996
2025-09-27,04:20-04:50,65.56490999999994
2025-09-27,05:00-05:20,21.39440666666661
2025-09-27,05:30-05:50,40.88225666666665
2025-09-27,06:00-07:10,268.30544999999984
2025-09-27,07:20-07:30,3.412559999999985
2025-09-27,11:50-12:00,24.24380666666673
2025-09-27,12:10-14:30,1397.2647500000005
2025-09-27,15:40-17:00,411.33299833333314
2025-09-27,17:30-17:50,47.19729333333328
2025-09-27,18:10-19:30,114.82407666666654
2025-09-27,20:20-20:30,4.408333333333303
2025-09-27,21:00-21:20,50.615013333333195
2025-09-27,21:30-21:40,2.168836666666607
2025-09-27,23:00-23:50,97.88676333333359
2025-09-28,00:10-00:30,8.722753333333344
2025-09-28,00:50-01:00,1.7488166666666984
2025-09-28,01:30-01:50,14.543039999999905
2025-09-28,02:00-02:50,131.34510999999986
2025-09-28,03:20-04:00,84.74357666666651
2025-09-28,04:20-04:30,2.7405566666666346
2025-09-28,04:40-05:10,51.64635333333342
2025-09-28,06:20-07:50,198.0444929999997
2025-09-28,08:00-11:20,1282.3158331666668
2025-09-28,12:30-14:40,866.236835466667
2025-09-28,15:00-15:30,56.56367999999989
2025-09-28,17:10-17:50,149.8165399999998
2025-09-28,19:20-19:40,69.22282333333328
2025-09-28,21:00-21:20,12.752090000000067
2025-09-28,21:40-22:30,79.24491999999975
2025-09-28,23:00-23:20,30.073799999999892
2025-09-28,23:40-24:00,98.91538333333324
2025-09-29,00:00-01:40,251.14237333333347
2025-09-29,02:00-03:20,351.6384633333332
2025-09-29,03:40-05:30,275.750453333333
2025-09-29,05:40-06:30,125.47684333333336
2025-09-29,06:40-07:10,36.47665000000001
2025-09-29,07:30-07:50,29.71414333333331
2025-09-29,08:00-08:30,46.58077666666651
2025-09-29,08:50-09:10,36.59400000000008
2025-09-29,09:20-09:50,172.1928809000001
2025-09-29,10:20-11:20,298.39116000000024
2025-09-29,12:40-14:00,427.62027333333367
2025-09-29,14:10-14:40,72.57709499999986
2025-09-29,15:10-15:40,69.19802666666675
2025-09-29,15:50-16:30,140.8512233333331
2025-09-29,16:50-17:30,151.59760666666637
2025-09-29,18:10-19:40,380.74692333333303
2025-09-29,20:00-20:50,245.3046866666666
2025-09-29,21:20-21:50,94.92308333333312
2025-09-29,22:10-23:00,183.7017199999999
2025-09-29,23:20-24:00,180.56051666666667
2025-09-30,00:00-01:30,336.74053999999956
2025-09-30,02:10-05:20,620.3906333333323
2025-09-30,06:30-07:20,216.694750333333
2025-09-30,07:30-11:50,1396.3011716666667
2025-09-30,12:00-12:10,8.083430000000078
2025-09-30,13:00-18:00,1918.5621436666665
2025-09-30,18:10-18:30,44.37896666666654
2025-09-30,18:50-19:10,52.20535333333328
2025-09-30,19:50-21:20,401.5462399999998
2025-09-30,21:50-22:20,42.89724333333345
2025-09-30,22:40-24:00,242.1347399999995
2025-10-01,00:30-00:50,32.1592733333332
2025-10-01,01:00-01:20,17.000639999999976
2025-10-01,01:40-04:40,525.7721299999995
2025-10-01,04:50-05:20,52.665933333333214
2025-10-01,22:20-22:30,22.91496333333339
2025-10-01,23:30-24:00,48.61430333333328
2025-10-02,00:00-00:30,57.35151000000019
2025-10-02,00:40-04:10,618.1760699999992
2025-10-02,04:20-04:50,94.06717666666634
2025-10-02,05:30-06:00,76.76322333333326
2025-10-02,06:50-07:00,3.8481566666665685
2025-10-02,17:10-17:20,1.5462299999999232
2025-10-02,22:20-22:30,5.7995633333332535
2025-10-03,00:30-01:50,191.8573666666665
2025-10-03,02:20-02:50,73.75397333333325
2025-10-03,03:10-04:40,217.78283999999985
2025-10-03,05:20-06:10,71.20950333333332
2025-10-03,06:30-06:50,11.554646666666713
2025-10-03,14:00-14:20,26.020263333333446
2025-10-03,17:20-17:30,5.159166666666692
2025-10-03,23:20-24:00,51.132516666666504
2025-10-04,00:00-01:50,145.52650333333304
2025-10-04,02:10-05:30,459.5714899999998
2025-10-04,05:50-06:40,190.23769666666652
2025-10-04,07:00-07:40,179.63877100000002
2025-10-04,12:30-14:10,302.69374000000084
2025-10-04,15:10-15:40,88.13788000000002
2025-10-04,16:10-16:20,0.07981666666670151
2025-10-04,22:10-22:20,8.252083333333303
2025-10-04,23:00-23:20,10.978766666666843
2025-10-04,23:30-24:00,32.56388666666669
2025-10-05,00:00-01:30,355.5537833333333
2025-10-05,01:50-03:00,227.35797999999988
2025-10-05,03:20-05:20,272.03316999999936
2025-10-05,06:00-06:40,40.89135999999996
2025-10-05,07:50-08:00,13.317616666666595
2025-10-05,09:50-10:10,54.36000900000012
2025-10-05,15:00-15:20,52.24365466666677
2025-10-05,21:10-21:30,19.33486333333326
2025-10-05,22:20-22:50,79.47494000000006
2025-10-06,00:10-00:40,68.61332666666658
2025-10-06,00:50-01:10,22.65112666666664
2025-10-06,01:30-04:10,369.7592399999992
2025-10-06,04:20-04:30,15.271466666666697
2025-10-06,04:50-05:30,91.13826666666671
2025-10-06,06:10-06:40,64.03189666666663
2025-10-06,07:00-07:20,25.818283333333284
2025-10-06,08:10-08:20,5.653810000000078
2025-10-06,09:00-09:40,47.15791866666681
2025-10-06,10:40-14:30,1432.1551100000004
2025-10-06,14:40-15:10,57.17836866666673
2025-10-06,15:30-16:30,173.52479333333298
2025-10-06,16:40-17:30,59.31777999999974
2025-10-06,19:20-19:30,0.018873333333203846
2025-10-06,22:00-22:20,41.69303000000002
2025-10-06,23:10-23:40,35.4999233333333
2025-10-07,00:10-02:10,282.6215899999993
2025-10-07,02:20-03:10,130.47022333333314
2025-10-07,03:20-03:30,2.248746666666648
2025-10-07,03:50-04:00,13.719163333333313
2025-10-07,04:20-04:30,0.9848066666666
2025-10-07,04:50-06:00,121.83588333333319
2025-10-07,06:10-06:40,24.31629333333308
2025-10-07,07:00-07:30,56.01968699999986
2025-10-07,07:50-13:30,1933.2993329000005
2025-10-07,14:20-14:30,3.441740333333321
2025-10-07,14:40-15:00,26.129150666666476
2025-10-07,15:20-16:00,123.61675333333329
2025-10-07,22:10-22:20,8.558299999999917
2025-10-07,22:50-23:10,30.441833333333307
2025-10-07,23:50-24:00,15.664996666666639
2025-10-08,00:00-00:30,32.976613333333376
2025-10-08,00:50-01:10,29.776193333333254
2025-10-08,01:30-05:20,469.13312666666593
2025-10-08,05:30-05:40,0.9602299999999104
2025-10-08,06:00-08:20,620.8649019999993
2025-10-08,08:50-09:00,7.0646766666666565
2025-10-08,10:00-13:20,1491.1345433333342
2025-10-08,13:30-13:40,3.8414099999998825
2025-10-08,15:20-15:50,51.66492000000005
2025-10-08,16:00-16:10,20.160996666666733
2025-10-08,17:00-17:20,21.718116666666674
2025-10-08,17:40-18:30,70.30811666666636
2025-10-08,19:30-19:40,0.47659333333331233
2025-10-08,20:30-20:40,6.434106666666594
2025-10-08,22:00-22:40,93.42530999999985
2025-10-08,23:10-23:30,16.737693333333482
2025-10-09,00:10-03:20,370.77225
2025-10-09,03:30-03:50,56.466710000000035
2025-10-09,04:10-05:00,112.8022066666664
2025-10-09,05:20-05:50,66.30144333333328
2025-10-09,06:00-06:20,27.526423333333355
2025-10-09,06:30-08:20,326.6249456666665
2025-10-09,08:30-08:40,3.6504800000000728
2025-10-09,09:30-09:50,18.877251666666517
2025-10-09,10:10-11:20,315.6002599999999
2025-10-09,14:20-15:50,286.508497333333
2025-10-09,16:00-16:50,92.35056666666634
2025-10-09,17:00-18:00,96.77209666666647
2025-10-09,19:20-19:30,19.74854999999991
2025-10-09,20:30-20:50,23.717096666666635
2025-10-09,22:00-22:30,25.32940666666684
2025-10-09,22:50-23:00,16.16699666666659
2025-10-09,23:20-23:30,4.690046666666717
2025-10-09,23:50-24:00,10.207913333333238
2025-10-10,00:00-00:20,124.93286666666665
2025-10-10,00:30-02:40,318.0774266666663
2025-10-10,03:00-03:50,143.62062999999995
2025-10-10,04:30-05:20,93.83446666666663
2025-10-10,05:40-06:00,31.908646666666698
2025-10-10,06:20-06:40,35.982050000000015
2025-10-10,06:50-07:30,174.2378433333333
2025-10-10,14:20-14:40,0.923020000000065
2025-10-10,15:10-15:30,19.38891333333345
2025-10-10,15:50-16:50,200.31922699999993
2025-10-10,17:00-17:50,159.30342766666664
2025-10-10,18:10-18:30,1.841923333333284
2025-10-10,19:20-19:30,10.612083333333317
2025-10-10,20:10-20:20,7.166636666666648
2025-10-10,20:40-21:00,41.87437999999992
2025-10-10,21:20-21:30,14.730413333333274
2025-10-10,22:00-23:00,129.7530866666669
2025-10-10,23:10-23:30,26.808306666666454
2025-10-10,23:40-24:00,77.84209666666658
2025-10-11,00:00-00:10,32.680980000000034
2025-10-11,00:30-00:50,13.247299999999939
2025-10-11,01:10-01:50,97.6287866666666
2025-10-11,02:00-03:10,146.23512333333326
2025-10-11,03:20-04:20,130.3670399999998
2025-10-11,04:30-04:50,17.75458999999995
2025-10-11,05:10-05:30,37.26586666666668
2025-10-11,05:50-06:00,11.193690000000004
2025-10-11,06:20-07:50,203.62320499999979
2025-10-11,12:30-12:50,93.81821000000036
2025-10-11,13:10-14:30,314.47708666666756
2025-10-11,14:40-15:10,182.8851433333334
2025-10-11,16:00-16:30,56.07808866666663
2025-10-11,16:50-17:00,2.0413099999999815
2025-10-11,17:20-17:40,41.41972333333331
2025-10-11,17:50-18:00,2.089523333333318
2025-10-11,18:20-18:30,13.158529999999928
2025-10-11,18:50-19:30,71.70501333333334
2025-10-11,19:50-20:30,24.222649999999874
2025-10-11,21:10-21:30,28.345080000000053
2025-10-11,22:20-22:40,64.29882666666663
2025-10-11,22:50-23:10,27.60095000000001
2025-10-11,23:30-24:00,95.7055033333333
2025-10-12,00:20-00:40,10.284733333333293
2025-10-12,01:00-01:20,30.5004366666667
2025-10-12,01:30-02:10,117.15344333333292
2025-10-12,02:20-03:10,126.72816666666677
2025-10-12,03:30-03:50,54.598319999999944
2025-10-12,04:00-04:10,4.613216666666631
2025-10-12,05:00-05:20,70.55451333333338
2025-10-12,05:40-05:50,0.9948866666666163
2025-10-12,06:00-06:20,77.18020666666655
2025-10-12,06:30-06:50,23.31844666666666
2025-10-12,07:00-07:10,6.861140000000091
2025-10-12,07:40-08:10,64.32458999999994
2025-10-12,08:40-09:00,31.481790000000046
2025-10-12,11:00-14:50,1869.5420790000005
2025-10-12,16:00-16:20,18.279663333333247
2025-10-12,16:40-17:30,32.68188333333319
2025-10-12,18:00-18:20,55.95880333333321
2025-10-12,18:50-19:10,26.328959999999938
2025-10-12,19:50-20:10,17.496956666666506
2025-10-12,21:10-21:20,4.182923333333406
2025-10-12,21:50-22:20,29.372643333333258
2025-10-12,22:30-24:00,209.38318666666623
2025-10-13,00:00-00:30,42.19542000000001
2025-10-13,00:50-01:30,71.94285999999977
2025-10-13,01:50-02:10,79.7796199999998
2025-10-13,02:30-03:40,44.6609999999996
2025-10-13,04:10-05:10,198.43402999999978
2025-10-13,05:40-06:00,18.338143333333278
2025-10-13,06:20-06:30,3.94399999999996
2025-10-13,10:10-10:20,14.418943333333289
2025-10-13,12:10-13:00,279.2041000000002
2025-10-13,13:20-15:00,502.86636466666675
2025-10-13,15:40-16:10,72.54229999999984
2025-10-13,16:30-17:30,115.73575666666648
2025-10-13,19:10-19:40,67.48215666666658
2025-10-13,20:20-20:30,6.892500000000041
2025-10-13,20:50-21:00,5.361043333333214
2025-10-13,21:40-22:30,110.59574333333319
2025-10-13,23:00-23:20,12.169466666666722
2025-10-14,00:20-00:40,25.50131999999985
2025-10-14,00:50-02:40,293.48578666666606
2025-10-14,03:00-04:00,138.62749333333306
2025-10-14,04:30-05:50,165.60867999999982
2025-10-14,06:00-06:40,59.60092666666651
2025-10-14,07:00-09:50,841.4096359999996
2025-10-14,10:10-10:50,215.2688633333332
2025-10-14,11:00-11:20,53.537046666666754
2025-10-14,11:40-12:10,82.61065333333335
2025-10-14,12:50-14:20,948.2957600000001
2025-10-14,14:30-17:10,613.3745836666661
2025-10-14,17:50-18:10,27.773183333333236
2025-10-14,18:50-19:10,45.60502333333329
2025-10-14,19:50-20:00,3.004163333333281
2025-10-14,20:20-20:30,1.981173333333345
2025-10-14,21:20-21:50,37.59355999999991
2025-10-14,22:00-22:30,104.89438000000018
2025-10-14,22:40-23:00,17.359710000000177
2025-10-14,23:20-24:00,75.30066333333355
2025-10-15,00:00-00:20,51.4978100000003
2025-10-15,00:30-02:10,282.897383333333
2025-10-15,02:20-03:20,162.23436333333314
2025-10-15,03:30-04:20,125.46623666666665
2025-10-15,04:30-05:00,69.07069333333334
2025-10-15,05:30-05:50,20.99860999999987
2025-10-15,06:10-06:50,41.46678333333318
2025-10-15,07:10-09:00,169.64758000000015
2025-10-15,09:20-09:30,24.571434999999944
2025-10-15,09:50-15:10,3421.988029166667
2025-10-15,15:20-15:40,7.187720000000013
2025-10-15,16:10-17:20,102.69652999999994
2025-10-15,17:30-18:20,125.87835999999993
2025-10-15,18:30-19:00,76.35611999999969
2025-10-15,19:10-19:50,79.4375799999998
2025-10-15,20:10-22:30,280.30792666666616
2025-10-15,23:00-23:30,66.63986333333332
2025-10-15,23:50-24:00,1.3737466666666478
2025-10-16,00:00-02:00,361.50952333333305
2025-10-16,02:20-02:50,117.99997333333329
2025-10-16,03:00-03:20,25.177666666666596
2025-10-16,03:30-06:00,295.301876666666
2025-10-16,06:10-06:20,1.2755066666666153
2025-10-16,06:50-09:10,547.3094699999998
2025-10-16,09:30-09:50,55.866191666666666
2025-10-16,11:30-17:10,3730.495535666666
2025-10-16,17:20-17:40,34.84549999999979
2025-10-16,17:50-19:00,142.56705999999974
2025-10-16,19:10-20:10,165.0106266666662
2025-10-16,20:30-20:50,22.49744666666652
2025-10-16,21:20-22:00,75.75044333333346
2025-10-16,22:20-23:00,101.95174000000009
2025-10-16,23:20-23:30,2.7985966666667537
2025-10-16,23:50-24:00,49.38624999999996
2025-10-17,00:00-01:50,266.7614139999998
2025-10-17,02:00-02:40,97.31050666666647
2025-10-17,03:00-03:40,90.45931333333317
2025-10-17,03:50-04:30,16.413593333333324
2025-10-17,04:40-05:40,61.535373333333496
2025-10-17,06:30-06:50,45.65695000000005
2025-10-17,12:30-15:00,1108.2111200000002
2025-10-17,15:50-16:10,68.04869966666669
2025-10-17,16:30-16:50,44.048986666666565
2025-10-17,17:00-17:20,26.45729
2025-10-17,17:30-18:20,78.25849666666664
2025-10-17,18:30-18:50,81.57327666666657
2025-10-17,19:00-19:30,79.27923333333331
2025-10-17,19:40-22:10,306.1906186666665
2025-10-17,22:30-23:50,316.154933333333
2025-10-18,00:10-01:30,220.78627733333303
2025-10-18,01:40-02:30,60.75217999999984
2025-10-18,02:40-03:00,100.91032333333334
2025-10-18,03:20-04:10,96.73693333333335
2025-10-18,04:30-05:40,130.21509333333302
2025-10-18,06:20-06:30,7.639106666666635
2025-10-18,07:50-08:00,7.239859666666652
2025-10-18,12:10-13:00,198.79950000000042
2025-10-18,13:20-15:30,861.0647933333337
2025-10-18,15:40-17:00,230.0681309999997
2025-10-18,17:20-18:00,47.65244333333328
2025-10-18,18:20-18:30,4.256246666666698
2025-10-18,18:50-19:00,1.941443333333325
2025-10-18,19:20-19:50,23.42623999999995
2025-10-18,20:40-21:10,33.74139666666662
2025-10-18,21:20-24:00,426.30183000000045
2025-10-19,00:00-01:50,282.6138900000001
2025-10-19,02:20-03:20,124.3868633333334
2025-10-19,03:30-04:00,74.71300999999983
2025-10-19,04:10-05:10,105.68902666666679
2025-10-19,05:40-06:00,46.708326666666494
2025-10-19,06:20-06:40,55.986383333333265
2025-10-19,07:10-08:20,177.37515999999982
2025-10-19,08:30-09:00,34.802866666666546
2025-10-19,09:20-10:40,303.31797036666615
2025-10-19,12:10-12:40,30.160430000000417
2025-10-19,12:50-17:30,2258.0075910233327
2025-10-19,17:50-19:20,308.80273333333275
2025-10-19,19:40-21:00,164.04299333333313
2025-10-19,21:10-21:40,80.2308099999999
2025-10-19,21:50-22:00,2.2370633333332535
2025-10-19,22:10-24:00,229.66475999999977
2025-10-20,00:00-00:10,26.21774666666647
2025-10-20,00:50-01:20,115.04565666666667
2025-10-20,01:40-02:50,128.57310999999947
2025-10-20,03:10-04:00,96.20011999999997
2025-10-20,04:20-04:50,38.01756666666654
2025-10-20,05:30-05:50,56.82347666666635
2025-10-20,06:10-06:40,12.428159999999934
2025-10-20,07:10-07:30,54.91000333333335
2025-10-20,07:50-08:10,48.63030333333336
2025-10-20,08:20-11:20,1775.8839629999998
2025-10-20,11:30-12:10,156.94773000000015
2025-10-20,13:00-14:00,335.82210800000007
2025-10-20,14:40-15:20,36.2591166666665
2025-10-20,16:30-16:50,26.614029999999957
2025-10-20,17:20-19:20,227.94142233333287
2025-10-20,19:30-19:50,19.09109999999987
2025-10-20,20:00-21:30,166.67213999999956
2025-10-20,21:50-24:00,360.2287033333331
2025-10-21,00:00-00:10,15.639113333333398
2025-10-21,00:20-01:00,50.57955666666646
2025-10-21,01:20-03:10,196.3533033333331
2025-10-21,03:30-03:50,57.42366666666669
2025-10-21,04:00-04:50,61.571766666666576
2025-10-21,05:10-06:00,235.78298000000007
2025-10-21,06:20-07:30,198.02077666666628
2025-10-21,08:10-08:50,116.09392666666662
2025-10-21,09:00-15:00,2920.7525622099997
2025-10-21,15:40-15:50,5.649826666666627
2025-10-21,16:50-17:00,19.490269999999896
2025-10-21,17:20-18:20,116.23249333333308
2025-10-21,18:40-19:00,15.69708999999989
2025-10-21,19:20-19:50,41.24844666666661
2025-10-21,20:00-20:10,0.5229899999999361
2025-10-21,20:30-20:50,22.095799999999826
2025-10-21,21:20-21:50,50.80290333333312
2025-10-21,22:00-22:20,42.40447999999992
2025-10-21,22:30-24:00,335.2036333333332
2025-10-22,00:00-01:50,331.1659199999991
2025-10-22,02:00-02:20,36.88279666666665
2025-10-22,02:40-03:00,14.88352999999995
2025-10-22,03:20-04:30,82.94438999999966
2025-10-22,04:50-05:10,23.31817999999987
2025-10-22,05:20-06:10,83.22705333333317
2025-10-22,07:00-07:40,131.65313666666646
2025-10-22,07:50-10:40,1736.8014433333333
2025-10-22,11:10-11:20,8.838036666666767
2025-10-22,11:30-12:10,186.3413100000002
2025-10-22,12:20-12:40,90.20551666666671
2025-10-22,15:30-24:00,1747.5161366666655
2025-10-23,00:00-00:40,88.52860999999996
2025-10-23,01:20-02:50,223.46893999999952
2025-10-23,03:10-03:50,90.4791133333332
2025-10-23,04:00-04:50,78.72830999999996
2025-10-23,05:10-05:50,60.01412999999991
2025-10-23,06:00-07:00,71.15296999999993
2025-10-23,08:30-09:30,261.30443333333324
2025-10-23,12:00-12:20,143.06322
2025-10-23,12:30-13:30,174.88334000000026
2025-10-23,13:40-14:40,119.37821533333344
2025-10-23,15:30-16:00,76.04787333333337
2025-10-23,16:20-16:30,3.453256666666448
2025-10-23,16:40-19:20,445.56531333333265
2025-10-23,19:30-20:30,295.8670733333329
2025-10-23,20:50-21:20,38.2885533333332
2025-10-23,21:30-23:20,372.40961666666635
2025-10-23,23:40-24:00,71.97023999999993
2025-10-24,00:00-00:10,30.396489999999915
2025-10-24,00:20-01:20,115.1723466666665
2025-10-24,01:40-03:20,214.18330333333307
2025-10-24,03:30-03:50,50.65614333333332
2025-10-24,04:00-04:20,8.884410000000003
2025-10-24,04:40-05:10,47.3917766666666
2025-10-24,05:20-06:00,161.31903000000023
2025-10-24,07:00-08:10,198.9759733333333
2025-10-24,11:50-12:00,28.00398666666672
2025-10-24,14:00-14:50,138.97492333333355
2025-10-24,15:00-15:20,71.1479733333334
2025-10-24,15:30-24:00,2029.8593338066664
2025-10-25,00:00-02:40,370.498393333333
2025-10-25,03:30-03:50,49.63144999999997
2025-10-25,04:00-04:20,21.636903333333294
2025-10-25,04:40-05:00,27.59216666666663
2025-10-25,05:30-05:50,85.58724999999993
2025-10-25,06:40-06:50,0.7590466666666771
2025-10-25,12:10-12:30,63.65267666666682
2025-10-25,13:00-13:20,87.06393000000014
2025-10-25,13:40-14:30,217.35738666666686
2025-10-25,15:40-16:50,171.84877499999982
2025-10-25,17:00-19:40,553.3586066666664
2025-10-25,19:50-21:20,418.8270166666664
2025-10-25,21:30-23:30,491.91286666666724
2025-10-25,23:50-24:00,7.894580000000019
2025-10-26,00:00-00:20,84.28437666666673
2025-10-26,00:30-02:00,212.93216999999993
2025-10-26,02:10-04:40,192.83384333333288
2025-10-26,05:20-05:40,70.27549666666664
2025-10-26,06:10-06:30,6.494696666666641
2025-10-26,07:20-07:30,2.879766666666569
2025-10-26,10:20-10:30,11.5049493333333
2025-10-26,10:50-11:10,25.558826666666732
2025-10-26,12:00-12:30,193.29023333333345
2025-10-26,12:50-13:10,40.32128666666688
2025-10-26,13:20-14:10,236.6775557666668
2025-10-26,15:10-15:30,16.362456666666674
2025-10-26,16:10-19:30,605.2580933333328
2025-10-26,19:50-24:00,596.3777599999992
2025-10-27,00:00-00:30,81.81328000000019
2025-10-27,00:50-02:10,147.8677799999998
2025-10-27,02:20-02:40,30.041156666666552
2025-10-27,03:00-03:20,31.15300666666667
2025-10-27,03:30-04:30,98.87092333333328
2025-10-27,04:50-05:00,2.8705033333333176
2025-10-27,05:20-06:20,97.47100666666654
2025-10-27,07:30-07:50,24.92339666666669
2025-10-27,08:20-08:40,15.322253333333208
2025-10-27,13:20-17:50,1465.1370800666664
2025-10-27,18:00-19:20,264.32218999999975
2025-10-27,19:30-23:20,798.3859666666661
2025-10-27,23:30-24:00,16.983689999999797
2025-10-28,00:00-00:30,109.12298333333354
2025-10-28,00:50-02:00,166.27829333333295
2025-10-28,02:20-03:10,85.52056333333292
2025-10-28,03:20-04:00,63.24859666666657
2025-10-28,04:20-04:30,24.279186666666646
2025-10-28,05:50-06:10,32.0011966666666
2025-10-28,06:50-07:30,45.819713333333084
2025-10-28,07:50-08:20,121.92755666666642
2025-10-28,08:30-09:00,67.6759566666667
2025-10-28,11:30-11:50,57.25800000000004
2025-10-28,12:30-14:00,657.4418486666668
2025-10-28,14:40-15:10,112.11743999999993
2025-10-28,15:20-21:50,1144.2153133333322
2025-10-28,22:00-23:10,261.3879166666667
2025-10-28,23:40-24:00,35.72374666666667
2025-10-29,00:00-01:00,59.470059999999876
2025-10-29,01:20-02:00,56.82294999999999
2025-10-29,02:30-02:50,50.189689999999814
2025-10-29,03:10-03:20,2.0989866666665193
2025-10-29,03:30-03:50,11.837449999999876
2025-10-29,04:00-04:40,120.60284999999988
2025-10-29,05:10-05:50,90.17070666666655
2025-10-29,06:10-06:20,17.18978000000004
2025-10-29,07:50-12:20,2700.8945559
2025-10-29,12:40-15:30,1086.6815036666671
2025-10-29,15:40-16:10,101.60615333333322
2025-10-29,16:20-16:50,129.9869966666664
2025-10-29,17:00-24:00,1961.7368013333319
2025-10-30,00:00-01:30,174.59396000000015
2025-10-30,02:50-03:30,103.76957666666658
2025-10-30,03:50-04:10,71.07050333333336
2025-10-30,04:40-04:50,15.028773333333334
2025-10-30,06:00-06:20,25.820986666666613
2025-10-30,06:30-06:50,32.13545666666653
2025-10-30,07:10-07:20,1.439869999999928
2025-10-30,07:30-07:50,18.776843333333318
2025-10-30,08:00-08:30,55.1599866666665
2025-10-30,10:30-10:40,23.658493333333396
2025-10-30,11:40-12:00,71.60968666666662
2025-10-30,13:20-13:40,32.91277966666668
2025-10-30,14:10-14:20,27.68455066666671
2025-10-30,14:50-15:10,52.57691666666665
2025-10-30,15:20-24:00,2162.293959999998
2025-10-31,00:00-01:50,215.7121013333333
2025-10-31,02:20-02:30,2.644996666666657
2025-10-31,02:50-03:20,38.28595666666661
2025-10-31,03:40-04:10,37.329516666666564
2025-10-31,04:20-04:50,36.57762999999994
2025-10-31,05:10-05:50,101.15906333333345
2025-10-31,06:20-07:10,38.30418333333324
2025-10-31,07:20-07:30,4.261989999999912
2025-10-31,08:10-08:20,14.74806666666662
2025-10-31,11:40-13:50,1007.9128666666668
2025-10-31,14:10-17:00,1006.5909847333332
2025-10-31,17:10-22:50,1502.6300303333323
2025-10-31,23:00-23:10,1.1824099999999476
2025-10-31,23:30-24:00,50.40299999999985
2025-11-01,00:00-00:40,34.863361666666606
2025-11-01,01:00-01:10,3.435996666666597
2025-11-01,01:40-02:20,105.27613333333323
2025-11-01,02:30-03:40,261.0875699999999
2025-11-01,04:20-04:40,23.996936666666613
2025-11-01,05:00-05:50,52.15318666666661
2025-11-01,07:20-07:50,40.44453999999996
2025-11-01,11:20-12:00,55.949123333333546
2025-11-01,12:30-14:10,415.11572000000035
2025-11-01,14:20-14:30,40.936633333333305
2025-11-01,15:20-17:40,426.5163336666667
2025-11-01,17:50-19:00,251.02120999999988
2025-11-01,19:20-22:20,708.896123333333
2025-11-01,22:30-23:40,202.4827333333335
2025-11-01,23:50-24:00,23.45541999999989
2025-11-02,00:00-03:20,357.3286299999993
2025-11-02,04:20-05:20,98.28466999999966
2025-11-02,05:40-05:50,10.211380000000077
2025-11-02,06:50-07:40,91.82188999999983
2025-11-02,08:20-08:30,1.0479766666666137
2025-11-02,08:50-10:00,308.2573263333332
2025-11-02,10:20-11:10,99.5437693333334
2025-11-02,11:30-11:50,19.95055333333346
2025-11-02,12:20-12:50,97.00923333333367
2025-11-02,13:10-14:20,336.0471910999999
2025-11-02,15:10-15:20,9.298819999999978
2025-11-02,15:50-16:00,4.304399999999987
2025-11-02,16:20-21:10,1186.440486666666
2025-11-02,21:30-22:30,238.4207833333336
2025-11-02,22:40-23:20,101.71160999999984
2025-11-02,23:30-23:50,42.96735000000001
2025-11-03,00:00-01:50,220.81052999999986
2025-11-03,02:10-02:40,55.899689999999964
2025-11-03,02:50-03:30,78.12483333333319
2025-11-03,03:50-04:10,50.766996666666614
2025-11-03,04:30-04:50,9.992483333333212
2025-11-03,05:00-05:20,85.08371666666653
2025-11-03,05:50-06:00,14.775440000000003
2025-11-03,06:40-07:00,34.122563333333346
2025-11-03,09:30-13:00,1452.5694616666667
2025-11-03,15:10-21:30,1122.116679999998
2025-11-03,21:40-23:00,274.6941466666666
2025-11-03,23:20-24:00,153.36326333333318
2025-11-04,00:00-00:20,69.88284333333331
2025-11-04,00:30-00:50,79.90721999999994
2025-11-04,02:10-02:30,30.837926666666476
2025-11-04,02:50-03:00,0.301666666666506
2025-11-04,03:20-04:30,141.42501666666635
2025-11-04,05:00-05:30,19.520519999999806
2025-11-04,05:40-06:20,102.17650333333313
2025-11-04,06:30-06:50,21.399236666666752
2025-11-04,09:50-10:30,74.95595890476686
2025-11-04,10:40-11:20,90.185591666667
2025-11-04,14:00-14:10,10.438034666666653
2025-11-04,14:40-14:50,1.0415399999999124
2025-11-04,15:40-16:50,80.95374666666635
2025-11-04,17:00-21:30,1355.2499799999991
2025-11-04,21:50-24:00,348.7217433333334
2025-11-05,00:00-00:50,144.87632333333318
2025-11-05,01:00-01:40,91.27133333333313
2025-11-05,01:50-02:40,38.55278666666652
2025-11-05,03:00-03:20,33.91747666666663
2025-11-05,03:50-04:00,12.350413333333336
2025-11-05,04:40-05:40,82.90260999999975
2025-11-05,06:00-06:10,0.7515133333333779
2025-11-05,06:30-07:10,94.11214666666672
2025-11-05,07:30-08:00,31.382313333333286
2025-11-05,08:20-09:00,41.1533933333331
2025-11-05,09:20-09:30,8.845650000000006
2025-11-05,09:50-10:10,67.71942333333334
2025-11-05,11:00-11:10,19.14188333333334
2025-11-05,11:30-12:00,115.0781933333335
2025-11-05,12:10-12:30,2.8204766666667638
2025-11-05,12:50-13:00,7.188246666666657
2025-11-05,14:20-15:10,195.8400099999999
2025-11-05,15:30-17:30,411.60987333333304
2025-11-05,17:50-23:40,1150.6896666666664
2025-11-06,00:10-01:20,106.5559099999997
2025-11-06,01:30-02:00,75.14365999999984
2025-11-06,02:20-03:10,73.41449666666676
2025-11-06,03:40-04:10,30.851659999999924
2025-11-06,05:10-06:00,117.74756666666656
2025-11-06,06:30-06:50,32.86349999999993
2025-11-06,07:20-11:20,1771.224357299999
2025-11-06,11:40-12:30,229.29278000000022
2025-11-06,12:50-13:50,203.29502199999985
2025-11-06,16:10-17:10,79.67343666666613
2025-11-06,17:30-23:50,1442.1559331999986
2025-11-07,00:10-02:50,306.83826699999946
2025-11-07,03:30-03:50,31.576923333333298
2025-11-07,04:10-04:30,8.00745999999998
2025-11-07,05:20-05:30,16.10458666666665
2025-11-07,06:00-06:30,53.4500666666666
2025-11-07,06:50-08:30,395.4460859999998
2025-11-07,08:50-09:00,20.13499999999999
2025-11-07,17:00-21:20,915.4269933333328
2025-11-07,21:50-23:30,259.02951000000064
2025-11-07,23:50-24:00,37.05457999999999
2025-11-08,00:00-00:20,114.81737000000004
2025-11-08,00:40-00:50,3.51075000000003
2025-11-08,01:00-01:40,86.9156233333332
2025-11-08,02:10-02:30,42.881790000000024
2025-11-08,02:50-03:20,39.803359999999884
2025-11-08,04:10-04:40,34.86584666666664
2025-11-08,05:40-06:20,47.79378000000003
2025-11-08,11:20-11:30,23.393389999999954
2025-11-08,12:10-12:20,10.03661000000011
2025-11-08,12:50-14:20,237.957856666667
2025-11-08,16:10-16:40,66.37842333333316
2025-11-08,16:50-17:50,106.17350666666675
2025-11-08,18:00-23:30,884.9574399999999
2025-11-08,23:50-24:00,15.009996666666666
2025-11-09,00:20-00:40,59.98299999999995
2025-11-09,00:50-01:00,8.021169999999984
2025-11-09,01:10-01:40,75.10453333333317
2025-11-09,02:00-02:20,42.58815666666658
2025-11-09,03:10-04:30,104.87720333333311
2025-11-09,05:00-05:20,35.2118733333333
2025-11-09,05:40-06:00,10.273073333333286
2025-11-09,06:50-07:30,57.07662666666636
2025-11-09,08:00-08:20,27.151703333333103
2025-11-09,11:20-12:50,215.13364000000036
2025-11-09,13:10-13:30,16.722626333333253
2025-11-09,13:50-16:00,1081.7642326666669
2025-11-09,16:10-21:20,853.9354066666655
2025-11-09,21:30-23:00,229.90421333333325
2025-11-09,23:40-24:00,41.12872666666658
2025-11-10,00:00-00:40,97.30756666666662
2025-11-10,01:10-01:40,81.96003666666661
2025-11-10,01:50-02:00,8.568336666666596
2025-11-10,02:40-03:00,12.781303333333199
2025-11-10,03:20-03:30,10.387406666666607
2025-11-10,03:50-04:50,116.7321966666666
2025-11-10,05:40-06:10,13.932809999999904
2025-11-10,06:40-07:10,46.54494666666676
2025-11-10,07:30-09:20,460.7342299999998
2025-11-10,10:40-16:40,1880.9528478666662
2025-11-10,16:50-20:30,726.5608899999991
2025-11-10,20:40-21:00,111.95318666666662
2025-11-10,21:20-22:10,208.5645699999999
2025-11-10,22:30-23:50,116.92594999999994
2025-11-11,00:00-00:30,63.64807666666661
2025-11-11,00:50-01:10,32.79155333333324
2025-11-11,01:30-02:00,53.42916333333312
2025-11-11,03:20-03:40,17.713039999999978
2025-11-11,05:00-05:20,16.135729999999967
2025-11-11,06:20-06:30,6.082080000000019
2025-11-11,06:50-07:30,58.00065333333316
2025-11-11,08:50-09:00,19.71987999999999
2025-11-11,09:20-09:40,63.61716333333325
2025-11-11,10:00-10:10,17.390579999999915
2025-11-11,12:20-12:30,10.374403333333476
2025-11-11,12:50-13:40,51.62291300000015
2025-11-11,14:00-16:50,506.4254363333328
2025-11-11,17:00-17:30,89.29688666666652
2025-11-11,17:50-18:50,205.99942333333297
2025-11-11,19:00-22:40,611.5238266666664
2025-11-11,23:00-23:30,115.92817999999966
2025-11-11,23:50-24:00,37.07208333333324
2025-11-12,00:00-00:10,5.5163800000000265
2025-11-12,00:20-00:30,21.886589999999956
2025-11-12,01:00-01:10,10.08642999999995
2025-11-12,01:50-02:10,7.080536666666603
2025-11-12,03:00-03:20,20.0562933333332
2025-11-12,03:40-04:00,13.887863333333257
2025-11-12,04:20-05:00,24.09678999999994
2025-11-12,05:20-05:30,19.421936666666625
2025-11-12,06:10-06:30,59.98868333333317
2025-11-12,06:50-07:00,32.11378000000002
2025-11-12,07:20-07:40,11.29374666666638
2025-11-12,08:10-09:00,95.52107999999998
2025-11-12,09:50-10:00,20.927616666666665
2025-11-12,13:10-14:40,339.12070333333327
2025-11-12,15:20-15:30,1.039106666666612
2025-11-12,16:00-16:20,61.705786666666654
2025-11-12,16:40-17:10,86.08894666666652
2025-11-12,17:20-18:00,51.829323333333264
2025-11-12,18:20-18:50,88.61205333333328
2025-11-12,19:00-20:50,383.1413799999998
2025-11-12,21:00-21:20,41.219143333333136
2025-11-12,21:30-23:20,241.71132666666676
2025-11-12,23:40-24:00,31.311379999999986
2025-11-13,00:00-00:30,52.33303000000012
2025-11-13,00:50-01:20,57.16827666666666
2025-11-13,01:50-02:20,53.04044666666641
2025-11-13,02:40-03:10,28.767706666666527
2025-11-13,03:20-03:30,3.996663333333231
2025-11-13,03:50-04:20,54.23570333333316
2025-11-13,04:40-05:10,43.407929999999965
2025-11-13,05:50-06:10,14.54215999999974
2025-11-13,06:50-07:00,44.42919999999992
2025-11-13,11:20-11:40,17.213480000000118
2025-11-13,12:00-13:00,523.8860923333335
2025-11-13,13:20-15:40,866.4795662999998
2025-11-13,16:00-17:50,264.58442333333244
2025-11-13,18:00-18:20,2.8396700000000124
2025-11-13,18:30-20:50,482.84162999999967
2025-11-13,21:00-22:20,204.64056333333338
2025-11-13,22:30-23:20,116.87519000000043
2025-11-14,00:00-01:00,105.8751166666666
2025-11-14,01:10-01:30,9.310723333333328
2025-11-14,01:40-02:30,84.48961666666656
2025-11-14,02:50-03:10,28.802293333333296
2025-11-14,04:20-04:30,28.5
2025-11-14,05:00-05:30,26.12201999999985
2025-11-14,11:00-11:30,90.59436000000017
2025-11-14,11:40-13:00,380.02616333333367
2025-11-14,13:20-15:10,384.05986000000007
2025-11-14,15:20-16:40,286.7572993333332
2025-11-14,16:50-17:20,36.99747333333329
2025-11-14,17:40-19:10,181.4983499999998
2025-11-14,19:20-20:50,192.87577666666652
2025-11-14,21:00-22:10,142.927158
2025-11-14,23:10-24:00,65.30384333333348
2025-11-15,00:00-00:30,29.220729999999946
2025-11-15,00:40-01:40,42.02106999999984
2025-11-15,02:00-02:10,3.32845999999995
2025-11-15,02:40-02:50,1.2630333333333397
2025-11-15,03:00-04:20,160.13683999999978
2025-11-15,04:30-04:50,8.249126666666598
2025-11-15,05:00-05:20,12.740466666666691
2025-11-15,06:20-06:30,3.192609999999945
2025-11-15,07:00-07:30,67.31925999999999
2025-11-15,07:40-08:30,43.78799433333327
2025-11-15,08:50-09:10,29.450733333333343
2025-11-15,10:10-10:20,68.03562000000005
2025-11-15,11:50-12:00,27.137050000000045
2025-11-15,12:40-14:00,265.71962333333346
2025-11-15,15:40-16:00,54.249360000000024
2025-11-15,17:10-17:40,42.347352
2025-11-15,17:50-21:20,551.8075533333331
2025-11-15,21:30-22:10,36.36907333333363
2025-11-15,22:40-23:30,121.76105666666717
2025-11-16,00:00-00:20,42.86180999999965
2025-11-16,00:40-01:00,54.33416999999997
2025-11-16,01:50-02:00,38.14369666666664
2025-11-16,02:30-02:40,1.603153333333239
2025-11-16,03:10-03:30,30.530883333333122
2025-11-16,03:50-04:20,26.62967666666657
2025-11-16,04:30-04:40,7.021309999999971
2025-11-16,05:10-05:30,56.22955999999988
2025-11-16,05:50-06:10,30.643349999999828
2025-11-16,06:30-06:50,44.99767666666651
2025-11-16,08:20-08:40,61.471633333333216
2025-11-16,08:50-09:10,49.19823666666656
2025-11-16,09:40-11:40,938.0297148666667
2025-11-16,13:40-14:00,24.9615363333333
2025-11-16,14:50-16:20,171.71291400000013
2025-11-16,16:30-17:10,124.4059299999999
2025-11-16,17:20-18:10,139.28037666666648
2025-11-16,18:20-19:00,67.63565999999969
2025-11-16,19:20-20:00,91.48979000000008
2025-11-16,20:10-20:50,158.98240999999996
2025-11-16,21:10-21:40,63.174456666666515
2025-11-16,21:50-23:30,214.80763666666678
2025-11-16,23:40-24:00,55.46343333333323
2025-11-17,00:40-01:20,136.37087333333318
2025-11-17,01:40-02:10,72.35470666666663
2025-11-17,02:50-03:10,34.15818666666655
2025-11-17,03:30-03:40,9.596343333333266
2025-11-17,04:30-04:50,17.059513333333257
2025-11-17,05:00-05:20,70.09480333333329
2025-11-17,06:30-06:40,2.8210933333333514
2025-11-17,07:30-08:20,108.49549333333323
2025-11-17,08:40-09:00,24.093886666666663
2025-11-17,09:10-09:50,110.9670866666666
2025-11-17,16:30-17:10,84.32045333333292
2025-11-17,17:20-17:50,33.14107666666632
2025-11-17,18:20-18:30,11.449163333333217
2025-11-17,18:50-19:40,103.06263999999965
2025-11-17,20:20-20:50,105.27894333333336
2025-11-17,21:20-22:30,167.09119666666663
2025-11-17,23:00-23:20,57.46271666666689
2025-11-18,00:00-00:20,45.76922666666678
2025-11-18,00:40-01:30,107.68572999999958
2025-11-18,02:00-02:10,15.569633333333286
2025-11-18,03:10-03:30,40.598589999999945
2025-11-18,04:00-04:20,57.78664333333313
2025-11-18,04:30-04:50,18.69378999999992
2025-11-18,05:00-05:10,8.277059999999892
2025-11-18,10:50-11:00,8.709576666666862
2025-11-18,11:20-13:30,741.4071000000009
2025-11-18,13:50-15:30,481.22156066666633
2025-11-18,16:00-17:20,172.27183999999977
2025-11-18,17:40-18:00,6.189226666666627
2025-11-18,18:20-19:50,112.07372999999973
2025-11-18,20:00-20:20,29.925230000000056
2025-11-18,20:30-21:30,176.58653999999967
2025-11-18,21:40-22:00,42.33108000000004
2025-11-18,22:10-23:00,153.22577000000047
2025-11-18,23:30-23:50,38.38444666666658
2025-11-19,00:00-00:20,23.107493333333423
2025-11-19,00:30-01:10,74.86341999999979
2025-11-19,01:30-02:30,85.68502666666643
2025-11-19,03:00-03:30,104.33185333333324
2025-11-19,03:50-04:00,27.11916999999994
2025-11-19,04:30-05:10,23.872016666666582
2025-11-19,05:40-06:00,70.81979999999999
2025-11-19,06:20-07:20,45.90955333333309
2025-11-19,08:20-11:40,713.0719039999999
2025-11-19,14:10-14:30,38.5680499999998
2025-11-19,15:30-15:50,7.338356666666641
2025-11-19,16:10-16:30,53.871086666666656
2025-11-19,17:30-18:30,60.35847333333322
2025-11-19,18:50-19:20,47.40164333333337
2025-11-19,19:30-21:20,374.5989866666664
2025-11-19,21:30-21:40,9.963469999999916
2025-11-19,22:10-23:20,182.34249333333298
2025-11-19,23:30-24:00,65.57686666666643
2025-11-20,00:00-00:30,33.59473666666656
2025-11-20,00:50-01:10,53.86818333333326
2025-11-20,01:30-01:50,8.065363333333153
2025-11-20,02:00-02:10,4.497786666666684
2025-11-20,02:30-02:50,25.35193666666669
2025-11-20,03:20-03:50,45.429529999999886
2025-11-20,04:00-04:50,46.05844999999988
2025-11-20,05:20-05:40,16.796316666666712
2025-11-20,07:00-07:10,2.9372099999999364
2025-11-20,07:50-08:10,26.235310000000027
2025-11-20,11:50-13:20,179.65984300000025
2025-11-20,13:30-14:50,249.6815336666669
2025-11-20,15:10-15:40,90.74895666666652
2025-11-20,16:10-16:20,7.9336399999999685
2025-11-20,16:50-17:10,61.90849999999955
2025-11-20,17:20-17:40,30.158950000000004
2025-11-20,17:50-18:20,118.84650666666664
2025-11-20,18:40-19:40,131.3726733333333
2025-11-20,20:10-20:20,5.98758666666663
2025-11-20,20:30-21:30,227.87803333333318
2025-11-20,21:50-22:00,19.08209666666653
2025-11-20,22:20-22:40,38.51087666666672
2025-11-20,23:10-23:50,129.32986999999997
2025-11-21,00:00-00:30,21.829106333333243
2025-11-21,00:40-01:00,18.324040000000025
2025-11-21,01:30-02:20,89.9930666666665
2025-11-21,02:30-03:00,65.76198999999991
2025-11-21,03:10-04:10,168.5212133333332
2025-11-21,04:30-04:50,21.054799999999886
2025-11-21,05:30-05:50,1.616679999999974
2025-11-21,06:00-06:10,11.680246666666676
2025-11-21,06:40-06:50,0.4428266666666332
2025-11-21,07:00-07:40,45.561319999999796
2025-11-21,11:30-11:50,37.35944666666671
2025-11-21,12:00-12:30,74.82887000000005
2025-11-21,15:20-15:30,3.270059333333336
2025-11-21,15:50-16:10,45.25431666666668
2025-11-21,17:00-17:20,18.59887333333336
2025-11-21,17:30-18:10,77.99024666666651
2025-11-21,18:50-19:10,33.80720666666667
2025-11-21,19:40-20:20,41.19996666666651
2025-11-21,20:50-22:00,181.01993333333328
2025-11-21,22:20-22:50,63.01393666666661
2025-11-21,23:00-23:40,61.335533333333046
2025-11-22,00:00-00:20,54.299415666666505
2025-11-22,00:30-00:50,29.75601999999992
2025-11-22,02:00-02:30,39.446133333333364
2025-11-22,02:50-03:20,70.10697000000005
2025-11-22,03:30-05:30,166.22154999999992
2025-11-22,05:50-07:10,106.03330333333349
2025-11-22,07:30-07:50,25.379493333333357
2025-11-22,08:30-08:50,20.887536799999996
2025-11-22,09:00-09:10,4.111056333333307
2025-11-22,09:30-09:50,83.32679666666675
2025-11-22,10:00-10:10,9.348373333333313
2025-11-22,10:20-10:30,1.4223233333333383
2025-11-22,10:50-11:10,24.960506666666618
2025-11-22,16:00-17:00,128.16013333333325
2025-11-22,17:20-18:20,72.12004999999976
2025-11-22,18:30-18:50,83.0918866666666
2025-11-22,19:10-20:20,169.34582999999975
2025-11-22,20:40-21:10,62.48756999999995
2025-11-22,21:20-22:00,47.28636666666657
2025-11-22,22:20-22:40,43.01891000000023
2025-11-22,22:50-23:20,83.77158000000009
2025-11-23,00:00-00:50,101.08310666666648
2025-11-23,01:20-01:30,3.0904199999999946
2025-11-23,01:50-02:00,1.181410000000028
2025-11-23,02:50-03:00,17.526493333333292
2025-11-23,03:20-03:40,33.50894666666659
2025-11-23,04:10-04:30,33.96294
2025-11-23,04:40-05:00,36.893846666666605
2025-11-23,05:20-05:50,63.72713333333343
2025-11-23,06:50-07:10,14.074376666666694
2025-11-23,07:20-08:30,185.06719666666618
2025-11-23,08:40-09:00,32.89846666666665
2025-11-23,09:30-11:40,698.4107910000005
2025-11-23,16:40-16:50,1.6830233333333808
2025-11-23,17:00-17:20,16.92338333333305
2025-11-23,17:30-18:30,141.67997999999977
2025-11-23,18:50-19:40,70.40421333333313
2025-11-23,20:30-21:30,205.8229566666663
2025-11-23,22:00-22:40,59.375056666666524
2025-11-23,23:00-24:00,47.13418999999965
2025-11-24,00:00-00:20,62.34342666666657
2025-11-24,00:40-01:30,58.85460333333333
2025-11-24,03:00-03:40,33.03043333333312
2025-11-24,04:40-04:50,4.697239999999965
2025-11-24,05:10-05:30,38.21780333333345
2025-11-24,05:50-06:20,50.11511999999959
2025-11-24,06:50-07:10,6.981323333333421
2025-11-24,13:10-13:30,55.52938733333349
2025-11-24,14:10-14:40,57.08750333333322
2025-11-24,15:30-16:10,126.97936666666646
2025-11-24,17:20-17:40,35.86126666666655
2025-11-24,18:10-19:10,127.80614333333324
2025-11-24,19:30-21:10,285.9124899999997
2025-11-24,21:20-21:30,13.477263333333326
2025-11-24,21:40-22:00,35.99438333333353
2025-11-24,22:30-24:00,245.93471666666733
2025-11-25,00:20-00:30,6.690420000000017
2025-11-25,02:00-02:40,59.597766666666416
2025-11-25,03:00-03:20,25.66824333333318
2025-11-25,03:30-04:20,101.71087999999986
2025-11-25,04:30-05:00,51.845073333333175
2025-11-25,07:30-07:50,45.33764333333329
2025-11-25,08:20-09:20,188.35584
2025-11-25,09:30-09:50,24.121596666666562
2025-11-25,10:00-10:30,51.775956666666474
2025-11-25,10:50-11:30,167.50705666666693
2025-11-25,11:50-12:00,24.377209999999877
2025-11-25,13:10-13:30,87.57727833333344
2025-11-25,13:50-14:00,4.993573333333217
2025-11-25,15:10-15:20,3.027803333333395
2025-11-25,16:10-16:20,3.396766666666508
2025-11-25,16:30-16:50,34.11895666666669
2025-11-25,17:20-18:30,78.94124033333298
2025-11-25,18:40-19:30,79.5350333333331
2025-11-25,20:10-20:50,70.3987333333331
2025-11-25,21:20-22:00,162.20029333333332
2025-11-25,22:30-23:50,128.8992666666661
2025-11-26,00:50-01:10,31.34979666666652
2025-11-26,02:10-02:40,68.57020666666665
2025-11-26,03:30-03:40,1.5889366666666547
2025-11-26,04:10-04:20,7.021069999999895
2025-11-26,05:20-05:30,3.697433333333265
2025-11-26,05:50-06:20,94.8856199999999
2025-11-26,07:00-07:20,30.354299999999967
2025-11-26,08:10-08:30,48.28420666666659
2025-11-26,10:00-10:40,56.80147633333324
2025-11-26,11:00-11:20,53.131790000000024
2025-11-26,11:40-12:40,228.2817566666672
2025-11-26,12:50-13:30,138.017281
2025-11-26,13:50-14:20,126.49922666666671
2025-11-26,14:50-15:10,55.744243333333316
2025-11-26,15:40-16:20,101.23420666666652
2025-11-26,16:40-17:00,8.360849999999914
2025-11-26,18:00-19:10,115.47733666666682
2025-11-26,20:00-20:30,62.71072333333325
2025-11-26,21:00-21:20,37.37530333333336
2025-11-26,23:00-24:00,157.3571399999994
2025-11-27,00:20-00:40,19.6414933333333
2025-11-27,01:30-01:50,23.785223333333192
2025-11-27,02:20-02:30,8.572546666666653
2025-11-27,03:10-03:20,5.758869999999888
2025-11-27,04:00-04:10,8.08587666666665
2025-11-27,04:40-05:10,48.2484066666666
2025-11-27,05:40-06:00,25.56457666666654
2025-11-27,06:20-06:30,16.45351000000005
2025-11-27,06:50-07:00,5.697463333333303
2025-11-27,07:30-07:50,1.4243066666668938
2025-11-27,11:00-11:20,4.970273333333353
2025-11-27,13:00-13:10,6.0367683333333275
2025-11-27,13:40-14:10,93.2509966666667
2025-11-27,14:30-16:40,498.18660333333276
2025-11-27,17:30-18:30,88.77027666666652
2025-11-27,19:00-19:20,13.685176666666507
2025-11-27,19:40-20:40,138.51163999999972
2025-11-27,21:20-21:50,19.930403333333174
2025-11-27,22:00-22:20,20.012013333333357
2025-11-27,22:30-22:50,22.786106666666683
2025-11-27,23:10-23:20,4.410463333333382
2025-11-27,23:30-23:40,5.787480000000187
2025-11-28,00:10-00:50,62.78113233333329
2025-11-28,01:10-01:30,13.067216666666582
2025-11-28,02:20-02:30,0.6837766666666312
2025-11-28,03:00-03:20,7.401559999999961
2025-11-28,03:40-04:30,118.27579333333324
2025-11-28,04:40-05:00,47.84196333333324
2025-11-28,05:50-06:10,47.74785000000003
2025-11-28,07:40-08:10,88.1211066666666
2025-11-28,10:00-10:50,136.95682
2025-11-28,11:40-12:20,142.91597000000002
2025-11-28,13:20-13:30,14.912023333333309
2025-11-28,15:00-15:30,75.9722549999999
2025-11-28,16:10-16:30,22.012166666666644
2025-11-28,17:00-17:30,20.43085333333329
2025-11-28,17:40-18:00,5.025649999999928
2025-11-28,18:20-18:30,37.884523333333334
2025-11-28,18:50-21:00,315.7358499999997
2025-11-28,21:40-21:50,1.7479666666666844
2025-11-28,22:40-23:10,14.380086666666784
2025-11-28,23:40-24:00,30.70292333333333
2025-11-29,00:00-00:10,2.475246666666692
2025-11-29,01:40-02:10,37.97775666666661
2025-11-29,02:20-02:30,21.412526666666622
2025-11-29,03:30-04:00,55.65561666666645
2025-11-29,04:20-04:40,63.311443333333216
2025-11-29,06:00-06:50,74.54863666666648
2025-11-29,07:10-07:30,28.298876666666615
2025-11-29,07:50-08:00,22.118156666666636
2025-11-29,08:30-08:50,23.159226000000025
2025-11-29,09:40-10:10,47.17577333333344
2025-11-29,10:20-15:50,2801.150218666667
2025-11-29,17:30-17:50,31.693193333333227
2025-11-29,18:10-18:30,21.063859999999863
2025-11-29,18:50-19:20,47.50599666666653
2025-11-29,19:40-20:20,102.17062666666664
2025-11-29,20:40-21:00,15.456886666666662
2025-11-29,21:10-21:30,28.720886666666615
2025-11-29,21:50-22:10,18.1082100000001
2025-11-29,22:30-23:10,85.62864333333368
2025-11-29,23:20-24:00,154.98106000000013
2025-11-30,00:00-00:20,14.306826666666893
2025-11-30,01:10-01:50,41.42646666666667
2025-11-30,02:20-02:30,1.537503333333234
2025-11-30,03:30-04:00,84.5263799999999
2025-11-30,04:20-04:30,17.23958333333337
2025-11-30,05:00-05:10,4.736776666666628
2025-11-30,05:20-05:50,30.622306666666304
2025-11-30,06:00-06:20,51.32642999999996
2025-11-30,06:40-07:00,59.408869999999865
2025-11-30,08:00-08:30,102.11892666666643
2025-11-30,09:00-09:30,86.80738333333312
2025-11-30,09:50-10:20,69.43619999999973
2025-11-30,10:40-13:30,734.0025581333339
2025-11-30,13:40-15:40,481.7513299999997
2025-11-30,15:50-16:20,62.914023333333375
2025-11-30,17:30-17:50,9.899309999999787
2025-11-30,18:20-18:30,1.6199433333333673
2025-11-30,18:40-19:30,126.33435666666651
2025-11-30,19:50-20:00,11.279136666666659
2025-11-30,20:20-20:40,38.1085733333332
2025-11-30,21:10-22:20,123.60151333333295
2025-11-30,22:30-23:40,144.54674999999997
2025-11-30,23:50-24:00,7.545419999999922
2025-12-01,00:00-01:00,219.7426599999999
2025-12-01,01:10-11:00,4820.419243333331
2025-12-01,12:10-15:50,1327.9820426666665
2025-12-01,16:20-17:00,23.771316666666394
2025-12-01,17:40-18:30,87.86171666666633
2025-12-01,18:50-19:00,33.66958666666653
2025-12-01,19:20-19:40,21.41647333333333
2025-12-01,19:50-20:30,114.89514666666639
2025-12-01,21:00-21:50,93.80133999999964
2025-12-01,22:00-22:20,34.42056333333346
2025-12-01,22:30-24:00,218.04543000000012
2025-12-02,00:00-11:50,6203.307609699998
2025-12-02,12:00-16:30,1322.128736333333
2025-12-02,16:40-17:30,100.04187666666633
2025-12-02,17:50-19:00,258.18798033333314
2025-12-02,19:20-20:10,113.22253666666654
2025-12-02,20:30-22:00,222.92432333333306
2025-12-02,22:20-22:40,34.81217666666657
2025-12-02,23:00-23:50,127.48084666666693
2025-12-03,00:00-10:00,3709.3512884333313
2025-12-03,10:20-10:30,9.30029333333323
2025-12-03,11:10-15:30,1983.462918
2025-12-03,15:50-16:40,154.85608666666644
2025-12-03,17:30-18:30,116.76237266666635
2025-12-03,18:50-19:30,41.50959333333344
2025-12-03,20:00-20:30,41.29626666666661
2025-12-03,20:40-22:10,188.75219333333314
2025-12-03,22:30-22:50,18.176626666666607
2025-12-03,23:00-24:00,197.92669666666677
2025-12-04,00:00-00:20,78.07664333333332
2025-12-04,00:40-11:40,4904.170465999997
2025-12-04,12:20-12:30,39.581783333333306
2025-12-04,14:00-14:20,18.84575333333339
2025-12-04,14:30-14:50,2.948496666666699
2025-12-04,15:20-16:20,164.24198999999987
2025-12-04,16:30-16:50,59.306723333333366
2025-12-04,17:00-17:20,55.17101666666633
2025-12-04,17:30-18:40,123.29258799999957
2025-12-04,18:50-19:30,31.42258666666669
2025-12-04,19:40-20:10,81.0235133333332
2025-12-04,20:20-20:50,110.75157333333345
2025-12-04,21:50-22:20,54.834763333333285
2025-12-04,22:40-24:00,185.96921999999995
2025-12-05,00:00-00:30,79.31329000000034
2025-12-05,00:50-01:20,104.76718333333332
2025-12-05,01:30-09:40,3207.7489745333314
2025-12-05,09:50-11:00,308.47106000000036
2025-12-05,11:20-11:40,30.343000000000018
2025-12-05,12:50-14:50,711.0032903333333
2025-12-05,15:00-15:20,25.068535333333315
2025-12-05,15:30-16:00,25.066403333333227
2025-12-05,17:00-18:50,211.9113766666664
2025-12-05,19:20-20:00,90.67091999999991
2025-12-05,20:50-21:00,2.1804200000000264
2025-12-05,21:20-22:00,129.73997666666673
2025-12-05,22:10-22:40,67.17934333333346
2025-12-05,22:50-23:00,1.2799633333331712
2025-12-05,23:10-24:00,191.75454333333346
2025-12-06,00:00-02:20,615.0540099999998
2025-12-06,02:30-12:30,4947.567791906665
2025-12-06,13:20-13:30,11.849106666666671
2025-12-06,14:00-14:40,82.2573513333333
2025-12-06,15:00-16:50,300.7166296666663
2025-12-06,17:10-17:20,13.76878999999991
2025-12-06,17:40-18:40,143.27495666666653
2025-12-06,18:50-19:40,126.31534666666664
2025-12-06,20:00-20:30,50.309476666666626
2025-12-06,20:50-21:30,113.83938333333333
2025-12-06,21:50-22:10,79.86015999999995
2025-12-06,22:30-22:50,26.678243333333512
2025-12-06,23:10-24:00,129.29063000000002
2025-12-07,00:00-08:30,2884.393840999999
2025-12-07,09:30-11:20,313.01205099999936
2025-12-07,11:30-11:50,38.85637666666673
2025-12-07,12:20-13:10,173.52684333333352
2025-12-07,13:40-14:20,123.06213999999994
2025-12-07,14:30-15:50,314.6083566666666
2025-12-07,16:00-16:20,12.688429999999926
2025-12-07,16:30-16:50,43.595566666666514
2025-12-07,17:20-17:50,57.357089999999744
2025-12-07,18:00-18:50,168.25129253333304
2025-12-07,19:10-19:40,75.73196666666672
2025-12-07,20:00-20:40,88.92825333333315
2025-12-07,20:50-21:00,10.41124666666667
2025-12-07,21:20-21:40,24.21423666666658
2025-12-07,21:50-22:30,70.33330333333379
2025-12-07,22:50-23:50,204.81950666666637
2025-12-08,00:30-07:20,1789.3784766666656
2025-12-08,07:30-08:40,124.55888133333339
2025-12-08,09:20-09:50,75.85057000000006
2025-12-08,10:50-11:30,215.28184666666652
2025-12-08,11:50-14:30,755.4771466666668
2025-12-08,15:00-15:20,15.499693333333425
2025-12-08,16:00-16:20,27.517766666666603
2025-12-08,16:50-17:30,14.148766666666234
2025-12-08,18:00-18:10,4.857719999999972
2025-12-08,18:40-19:00,22.96609799999991
2025-12-08,19:30-20:00,25.386116666666453
2025-12-08,20:20-20:50,90.32451333333313
2025-12-08,21:00-21:20,31.19063666666659
2025-12-08,22:10-22:30,53.70210999999995
2025-12-08,23:30-24:00,40.13810666666666
2025-12-09,00:10-01:10,209.94524999999976
2025-12-09,01:30-01:50,22.476463333333186
2025-12-09,02:00-02:20,60.861769999999865
2025-12-09,02:30-09:20,2040.1076756666653
2025-12-09,09:40-10:00,38.82034999999996
2025-12-09,13:00-13:30,56.35913666666639
2025-12-09,13:40-14:10,62.57078333333328
2025-12-09,14:30-15:00,141.62775
2025-12-09,16:10-16:30,16.63030666666657
2025-12-09,17:00-19:00,235.78387966666656
2025-12-09,19:20-19:50,100.97693333333291
2025-12-09,20:10-20:40,74.62823666666668
2025-12-09,20:50-21:20,56.59778333333338
2025-12-09,21:50-22:10,16.073210000000017
2025-12-09,22:30-22:50,49.292676666666694
2025-12-09,23:10-23:20,2.386030000000119
2025-12-09,23:40-23:50,2.449449999999956
2025-12-10,00:00-00:50,128.68950999999993
2025-12-10,01:00-01:30,87.69057333333319
2025-12-10,01:50-02:20,108.54593333333332
2025-12-10,02:30-08:00,1464.7871319999986
2025-12-10,09:10-09:50,109.90486666666663
2025-12-10,10:20-11:30,343.70470000000023
2025-12-10,12:00-13:50,642.2023966666668
2025-12-10,14:20-14:40,34.95839666666666
2025-12-10,15:20-16:50,236.25654666666628
2025-12-10,17:20-17:40,23.187033333333147
2025-12-10,18:00-18:20,36.40090233333319
2025-12-10,18:40-19:30,97.69165666666652
2025-12-10,19:40-20:00,14.715056666666555
2025-12-10,20:50-21:30,33.96630666666658
2025-12-10,21:40-23:10,163.0323466666664
2025-12-10,23:20-23:30,5.244996666666793
2025-12-10,23:50-24:00,19.63666333333333
2025-12-11,00:00-00:20,102.04517666666675
2025-12-11,00:30-02:30,307.8029399999997
2025-12-11,02:50-03:00,40.67356999999993
2025-12-11,03:20-03:50,87.69662333333326
2025-12-11,04:10-04:40,71.94592333333321
2025-12-11,04:50-07:20,644.7635133333328
2025-12-11,07:30-09:20,261.25668466666644
2025-12-11,09:30-09:50,29.662559999999928
2025-12-11,10:20-10:40,33.60675333333339
2025-12-11,11:10-12:10,316.9205000000003
2025-12-11,15:50-16:00,17.244539999999915
2025-12-11,17:10-17:30,23.169583333333094
2025-12-11,18:00-18:20,31.6714966666666
2025-12-11,18:30-18:50,16.264996999999937
2025-12-11,19:10-19:40,82.06714333333332
2025-12-11,20:00-20:10,17.30857000000003
2025-12-11,20:40-20:50,7.675336666666567
2025-12-11,21:20-22:30,157.6347399999995
2025-12-11,22:50-23:00,38.05509666666694
2025-12-11,23:20-23:50,7.861943333333443
2025-12-12,00:30-00:50,29.976133333333337
2025-12-12,01:00-02:50,323.8320833333332
2025-12-12,03:00-03:40,89.39990999999992
2025-12-12,03:50-08:10,1204.3334833333329
2025-12-12,08:20-13:40,2268.910805666667
2025-12-12,14:20-14:30,7.866071000000069
2025-12-12,15:30-15:40,1.1958999999999378
2025-12-12,16:30-17:10,27.897226666666427
2025-12-12,18:00-18:20,49.67188999999996
2025-12-12,19:00-19:20,18.851076666666643
2025-12-12,20:00-21:20,166.86103666666656
2025-12-12,21:50-22:30,135.69308666666706
2025-12-12,22:50-23:10,59.07069999999999
2025-12-12,23:50-24:00,18.038753333333375
2025-12-13,00:00-03:30,608.8626333333332
2025-12-13,03:50-11:20,1897.292385999999
2025-12-13,11:30-11:50,61.22573999999997
2025-12-13,12:30-14:40,638.3348243333334
2025-12-13,16:40-17:00,25.63814000000002
2025-12-13,18:00-18:20,93.76119999999997
2025-12-13,19:10-19:20,7.731913333333296
2025-12-13,19:50-20:10,11.021786666666628
2025-12-13,20:20-21:00,44.07776666666655
2025-12-13,21:20-21:50,64.48324000000002
2025-12-13,22:10-22:30,9.511370000000113
2025-12-13,23:20-23:40,34.9347600000001
2025-12-13,23:50-24:00,14.776663333333317
2025-12-14,00:00-00:10,8.082663333333358
2025-12-14,00:30-00:50,24.92895333333331
2025-12-14,01:00-01:20,32.56634999999983
2025-12-14,01:30-01:50,10.465126666666492
2025-12-14,02:00-03:40,299.8672366666664
2025-12-14,03:50-07:50,917.4714366666659
2025-12-14,08:00-09:40,235.5324109999994
2025-12-14,10:00-11:10,577.159883333333
2025-12-14,11:40-12:00,33.88861666666662
2025-12-14,12:10-12:30,9.358810000000062
2025-12-14,14:10-14:30,38.93224333333336
2025-12-14,15:30-15:50,84.92497333333336
2025-12-14,16:20-16:40,25.75502000000006
2025-12-14,17:10-17:30,49.60466666666639
2025-12-14,18:00-18:20,30.98742666666658
2025-12-14,19:00-19:30,40.58460333333301
2025-12-14,19:50-20:20,95.50414000000012
2025-12-14,20:50-21:00,9.10208
2025-12-14,21:20-22:10,59.31569666666633
2025-12-14,22:20-22:30,4.88159666666661
2025-12-14,23:00-23:30,11.136446666666643
2025-12-14,23:50-24:00,7.206670000000031
2025-12-15,00:20-01:10,88.1242433333332
2025-12-15,01:50-03:00,164.0383366666664
2025-12-15,03:30-04:20,139.79606999999965
2025-12-15,04:40-06:40,248.26576999999946
2025-12-15,06:50-08:00,146.08586133333336
2025-12-15,08:30-08:50,46.05729999999983
2025-12-15,09:00-10:20,363.3477066666665
2025-12-15,10:50-12:10,450.17422333333366
2025-12-15,14:40-15:20,40.53874999999988
2025-12-15,15:50-16:00,6.585533333333274
2025-12-15,17:10-17:50,98.1309799999998
2025-12-15,18:10-18:20,5.563056666666739
2025-12-15,18:40-19:00,27.061043333333217
2025-12-15,19:20-19:30,6.117639999999938
2025-12-15,20:20-20:30,7.566260000000057
2025-12-15,22:20-23:00,66.89188666666655
2025-12-15,23:20-23:40,45.37564333333353
2025-12-16,00:20-00:50,51.31297333333305
2025-12-16,01:20-01:40,17.41187000000002
2025-12-16,01:50-02:30,76.72086333333311
2025-12-16,02:50-03:30,63.55056666666644
2025-12-16,03:50-05:00,186.78164333333325
2025-12-16,05:10-06:30,251.3762999999999
2025-12-16,06:50-07:20,78.62794999999983
2025-12-16,07:40-08:20,31.0424739999999
2025-12-16,08:30-10:10,332.17168333333296
2025-12-16,10:30-11:00,101.19756333333342
2025-12-16,11:10-12:00,256.24778333333313
2025-12-16,12:20-12:40,13.50151000000028
2025-12-16,17:00-17:50,70.92560666666634
2025-12-16,18:00-18:20,48.276416666666705
2025-12-16,19:10-19:40,30.097929999999906
2025-12-16,20:00-20:20,8.291753333333304
2025-12-16,20:50-21:10,9.251749999999902
2025-12-16,21:30-21:50,23.75524333333317
2025-12-16,22:00-22:20,30.876480000000015
2025-12-16,23:00-23:20,61.74026666666623
2025-12-16,23:40-24:00,45.94706333333329
2025-12-17,00:00-00:20,36.19177666666678
2025-12-17,00:30-02:10,108.3935799999997
2025-12-17,02:50-03:20,47.343186666666725
2025-12-17,03:30-04:10,56.36878666666644
2025-12-17,04:30-06:20,401.12352999999996
2025-12-17,06:30-07:20,208.7689266666663
2025-12-17,08:00-08:20,36.94151633333321
2025-12-17,09:10-09:20,21.03097333333335
2025-12-17,12:20-12:30,3.2230133333333697
2025-12-17,15:50-16:00,0.9519599999999855
2025-12-17,16:40-17:00,12.313783333333163
2025-12-17,17:30-17:50,29.193729999999846
2025-12-17,18:10-18:40,63.55924333333314
2025-12-17,20:20-20:50,41.78114333333315
2025-12-17,21:10-21:40,80.58967333333317
2025-12-17,21:50-22:00,12.448730000000069
2025-12-17,22:30-22:40,7.46178000000009
2025-12-17,23:20-23:50,58.946740000000204
2025-12-18,00:20-00:50,92.00361999999996
2025-12-18,01:20-02:10,166.9055733333331
2025-12-18,02:40-03:20,164.5156966666666
2025-12-18,03:40-04:40,169.5916166666666
2025-12-18,05:00-05:50,172.10488999999973
2025-12-18,06:00-06:20,1.881059999999735
2025-12-18,06:40-07:40,116.01804333333314
2025-12-18,08:20-08:50,57.946959999999876
2025-12-18,09:20-09:30,37.30002000000002
2025-12-18,09:50-10:30,208.94547666666648
2025-12-18,14:20-14:30,0.06361000000003969
2025-12-18,16:30-16:50,7.405529999999885
2025-12-18,17:10-17:30,14.714616666666416
2025-12-18,18:00-18:20,3.287906666666572
2025-12-18,19:20-19:40,33.04196333333323
2025-12-18,20:40-21:10,33.40881999999999
2025-12-18,21:40-21:50,3.7892433333332747
2025-12-18,22:00-22:20,56.993970000000104
2025-12-18,22:40-23:10,53.218196666666245
2025-12-19,00:00-00:10,10.994163333333518
2025-12-19,00:40-01:00,50.31611000000004
2025-12-19,01:20-01:30,6.483516666666617
2025-12-19,01:50-02:40,102.5523399999999
2025-12-19,03:00-03:30,41.104649999999936
2025-12-19,03:50-04:20,23.67805333333314
2025-12-19,04:30-05:20,124.25522666666632
2025-12-19,05:40-06:10,49.75990999999976
2025-12-19,06:20-07:20,87.6201699999998
2025-12-19,07:30-08:10,99.8310766666666
2025-12-19,08:20-09:00,17.234933333333288
2025-12-19,12:30-12:40,16.649143333333427
2025-12-19,13:30-14:30,218.16988000000012
2025-12-19,14:50-15:40,130.12564466666666
2025-12-19,16:30-16:50,38.40462333333318
2025-12-19,17:20-17:30,6.23224666666664
2025-12-19,18:20-19:00,83.47231333333332
2025-12-19,19:20-19:30,15.69269666666662
2025-12-19,19:50-20:00,4.857083333333321
2025-12-19,20:10-20:40,74.5143466666666
2025-12-19,21:10-21:40,47.79074333333318
2025-12-19,22:10-22:40,35.94987666666634
2025-12-19,22:50-23:20,55.91761333333352
2025-12-19,23:30-23:50,51.60723333333334
2025-12-20,00:00-00:10,4.427713333333259
2025-12-20,00:40-01:10,52.329406666666614
2025-12-20,01:30-02:30,135.81910666666653
2025-12-20,03:10-03:20,2.120736666666687
2025-12-20,03:50-05:40,282.2042199999997
2025-12-20,06:10-06:20,11.749719999999911
2025-12-20,06:30-06:50,82.79370999999992
2025-12-20,07:10-07:30,28.12816333333319
2025-12-20,07:40-09:40,260.3563003333335
2025-12-20,13:10-13:30,28.4997566666666
2025-12-20,14:20-14:40,15.72694599999991
2025-12-20,15:50-16:00,1.1259566666666387
2025-12-20,17:10-17:50,49.97529999999989
2025-12-20,18:20-18:50,34.2564866666666
2025-12-20,19:00-19:20,23.57827999999995
2025-12-20,19:40-19:50,9.860656666666614
2025-12-20,20:30-20:50,3.857586666666691
2025-12-20,21:00-21:10,4.664813333333257
2025-12-20,21:30-23:00,138.32113666666703
2025-12-21,00:00-00:20,13.874143333333222
2025-12-21,01:00-01:20,45.31049666666672
2025-12-21,01:30-01:50,36.62743666666654
2025-12-21,02:00-02:20,43.284229999999866
2025-12-21,03:00-03:20,97.67769666666663
2025-12-21,03:30-04:20,197.95641333333322
2025-12-21,04:30-04:50,19.564409999999953
2025-12-21,05:00-06:40,246.23669333333322
2025-12-21,07:00-07:20,28.55612333333329
2025-12-21,07:50-08:00,9.821682333333172
2025-12-21,10:20-11:40,667.7105099999999
2025-12-21,12:40-13:10,64.56175999999991
2025-12-21,15:10-15:30,28.121960000000172
2025-12-21,17:20-17:30,17.263066666666646
2025-12-21,18:10-19:00,50.744086666666504
2025-12-21,19:20-19:30,5.620086666666566
2025-12-21,19:40-20:10,91.95525333333319
2025-12-21,21:40-22:00,20.136053333333166
2025-12-21,22:50-23:10,30.80899999999974
2025-12-21,23:30-23:50,24.220030000000065
2025-12-22,00:00-00:20,32.62237666666647
2025-12-22,00:40-00:50,15.883299999999963
2025-12-22,01:00-01:20,52.54151333333323
2025-12-22,01:30-02:00,47.468106666666586
2025-12-22,02:20-02:40,75.45299333333321
2025-12-22,03:10-03:40,46.21568666666656
2025-12-22,03:50-04:00,3.9345799999999826
2025-12-22,05:00-05:30,35.12977666666643
2025-12-22,07:10-07:20,6.876146666666614
2025-12-22,07:30-07:40,24.379179999999906
2025-12-22,13:10-13:20,11.690330000000046
2025-12-22,14:10-14:30,19.114596666666728
2025-12-22,17:00-17:30,41.91533333333291
2025-12-22,17:50-18:20,54.207353333333344
2025-12-22,19:10-20:20,90.0246599999997
2025-12-22,20:50-21:30,69.05029999999988
2025-12-22,21:50-22:00,3.2831633333332775
2025-12-22,23:30-23:50,12.313539999999989
2025-12-23,01:00-01:20,17.819313333333298
2025-12-23,01:40-01:50,5.361119999999914
2025-12-23,02:00-02:10,5.833423333333258
2025-12-23,03:00-03:30,38.12329666666642
2025-12-23,04:20-04:50,90.16745666666657
2025-12-23,17:30-17:50,44.02472333333344
2025-12-23,18:20-18:30,9.749169999999935
2025-12-23,19:30-19:50,33.75905999999998
2025-12-23,20:10-20:30,24.671083333333286
2025-12-23,21:30-21:50,29.489396666666494
2025-12-23,22:20-23:00,44.920486666666875
2025-12-23,23:20-23:30,2.9138299999999617
2025-12-23,23:50-24:00,14.163753333333261
2025-12-24,00:00-00:20,82.22972666666647
2025-12-24,00:50-01:00,1.499176666666699
2025-12-24,02:30-02:50,6.397050000000036
2025-12-24,03:10-03:30,17.558856666666657
2025-12-24,03:50-04:30,49.465746666666405
2025-12-24,05:20-05:30,12.565063333333342
2025-12-24,06:30-06:50,25.036753333333422
2025-12-24,09:40-10:00,54.57377999999994
2025-12-24,13:00-13:50,108.35602666666654
2025-12-24,15:30-15:40,4.672966666666525
2025-12-24,16:50-17:20,54.99894999999981
2025-12-24,17:50-18:00,10.093683333333274
2025-12-24,18:30-19:10,57.06957666666631
2025-12-24,19:20-20:30,81.04930666666633
2025-12-24,21:30-21:40,0.6367000000000189
2025-12-24,22:20-23:00,82.45403666666652
2025-12-25,00:30-00:40,5.3907866666666
2025-12-25,01:00-01:30,104.79197999999997
2025-12-25,02:00-02:20,16.756209999999896
2025-12-25,02:30-02:50,42.12035333333324
2025-12-25,03:10-03:20,5.000360000000001
2025-12-25,03:50-04:10,48.069856666666624
2025-12-25,04:40-05:10,69.80899333333309
2025-12-25,06:00-06:20,72.98709666666653
2025-12-25,06:50-07:00,8.928686666666636
2025-12-25,11:10-11:30,23.070126666666738
2025-12-25,11:40-12:20,192.44946000000039
2025-12-25,15:50-16:00,1.1932500000000346
2025-12-25,17:00-17:20,7.327249999999822
2025-12-25,17:40-18:10,18.963613333333228
2025-12-25,18:30-18:50,8.067970000000045
2025-12-25,19:00-19:20,17.922993333333125
2025-12-25,19:30-20:00,94.83659333333321
2025-12-25,20:40-21:00,11.805053333333262
2025-12-25,21:20-21:30,2.354166666666515
2025-12-25,23:20-23:50,87.77820666666673
2025-12-26,00:00-00:30,35.5673766666668
2025-12-26,01:00-01:10,3.1126199999999358
2025-12-26,01:30-01:50,24.496569999999963
2025-12-26,02:10-02:40,36.43175333333329
2025-12-26,03:20-03:30,40.621249999999975
2025-12-26,04:00-04:10,9.263860000000022
2025-12-26,05:30-05:40,6.184046666666745
2025-12-26,06:10-06:20,13.369709999999941
2025-12-26,06:50-07:00,9.12702333333334
2025-12-26,08:10-08:20,1.3392999999999802
2025-12-26,12:20-12:50,82.86524333333347
2025-12-26,13:10-15:00,142.28976513333328
2025-12-26,16:00-16:20,3.054439999999886
2025-12-26,17:40-17:50,2.5780999999999494
2025-12-26,18:00-18:20,34.07878999999997
2025-12-26,21:00-21:30,19.861336666666546
2025-12-26,22:00-22:20,16.55383999999998
2025-12-26,22:30-22:50,23.579676666666728
2025-12-26,23:10-23:20,5.981246666666721
2025-12-27,00:30-00:40,10.890446666666662
2025-12-27,01:00-01:20,33.66245999999995
2025-12-27,02:30-02:50,13.239179999999976
2025-12-27,03:20-03:50,66.3259733333332
2025-12-27,04:50-05:10,7.997116666666557
2025-12-27,06:50-07:00,3.7316066666666075
2025-12-27,07:20-07:30,2.5510133333333442
2025-12-27,09:30-09:50,32.850272266666636
2025-12-27,10:00-11:00,98.24262066666654
2025-12-27,11:30-11:40,2.57582333333346
2025-12-27,12:10-12:30,4.316123333333508
2025-12-27,12:40-13:10,5.697606666666815
2025-12-27,13:40-14:00,93.16471000000006
2025-12-27,16:40-17:30,79.0441566666666
2025-12-27,17:40-18:10,46.303796666666585
2025-12-27,18:30-18:50,73.15075999999988
2025-12-27,19:50-20:40,41.04367999999988
2025-12-27,22:20-22:40,76.11024333333353
2025-12-28,00:00-00:40,97.43574999999964
2025-12-28,02:20-04:20,137.17085333333273
2025-12-28,04:40-05:00,24.211393333333262
2025-12-28,07:10-07:30,33.35794333333308
2025-12-28,07:50-08:10,23.451733333333237
2025-12-28,11:20-11:50,28.87820666666687
2025-12-28,17:30-18:00,76.55138666666664
2025-12-28,18:20-18:40,43.047259999999824
2025-12-28,20:20-20:40,19.44346666666661
2025-12-28,20:50-21:30,38.52691000000004
2025-12-28,22:30-22:50,20.963026666666565
2025-12-29,01:40-01:50,18.73718333333329
2025-12-29,02:50-03:00,12.82374666666658
2025-12-29,11:30-11:40,2.2090466666668362
2025-12-29,14:20-14:30,18.082556666666676
2025-12-29,16:20-16:30,27.61196333333328
2025-12-29,16:50-17:00,12.284266666666554
2025-12-29,19:20-20:10,61.732723333332956
2025-12-29,20:50-21:00,11.655273333333298
2025-12-29,21:10-21:30,42.83327999999983
2025-12-29,21:50-22:00,7.335363333333362
2025-12-29,22:20-22:50,54.96594000000027
2025-12-29,23:50-24:00,14.904166666666697
2025-12-30,01:10-01:20,5.286033333333307
2025-12-30,09:00-09:20,17.431553333333227
2025-12-30,15:50-16:00,11.933466666666504
2025-12-30,18:30-18:40,2.1776833333332206
2025-12-30,19:50-20:00,15.718836666666675
2025-12-30,21:30-21:40,9.918000000000006
2025-12-30,22:10-23:00,25.698226666666528
2025-12-31,01:30-01:50,57.63159333333317
2025-12-31,02:40-03:00,19.281416666666587
2025-12-31,04:50-05:10,17.361613333333253
2025-12-31,09:40-10:30,104.34915333333296
2025-12-31,10:40-11:00,41.84316999999987
2025-12-31,11:20-11:30,13.33544666666694
2025-12-31,16:00-16:10,1.7645766666666987
2025-12-31,17:10-17:30,18.6096666666665
2025-12-31,18:10-18:40,34.66124666666656
2025-12-31,19:20-20:20,95.27330333333305
2025-12-31,20:40-20:50,2.333936666666659
2025-12-31,21:00-21:30,64.27911333333338
2025-12-31,21:50-22:10,42.33014333333335
2025-12-31,23:40-24:00,70.93510333333313
